,period_year,ty_ly_py,period_quarter,period_month,purchase_date,invoice_date,invoice_group,item,status,payer,employee_initials,subtotal,total,collected,balance
0,2026,TY,2026Q1,2026-01,2026-01-05,2026-01-05,635,Speech & Language Therapy,paid,BlueCross BlueShield of Texas,A.P,43.24,43.24,43.24,0.0
1,2026,TY,2026Q1,2026-01,2026-01-05,2026-01-05,635,Speech & Language Therapy,paid,Patient,A.P,25.0,25.0,25.0,0.0
2,2026,TY,2026Q1,2026-01,2026-01-05,2026-01-05,636,Speech & Language Therapy,paid,Patient,A.P,90.0,90.0,90.0,0.0
3,2026,TY,2026Q1,2026-01,2026-01-05,2026-01-05,637,Speech & Language Therapy,no_charge,Patient,A.P,0.0,0.0,0.0,0.0
4,2026,TY,2026Q1,2026-01,2026-01-05,2026-01-05,637,Speech & Language Therapy,paid,Texas Children's Health Plan,A.P,88.92,88.92,88.92,0.0
5,2026,TY,2026Q1,2026-01,2026-01-05,2026-01-05,638,Speech & Language Therapy - Telehealth,no_charge,Patient,A.P,0.0,0.0,0.0,0.0
6,2026,TY,2026Q1,2026-01,2026-01-05,2026-01-05,638,Speech & Language Therapy - Telehealth,paid,Texas Children's Health Plan,A.P,80.84,80.84,80.84,0.0
7,2026,TY,2026Q1,2026-01,2026-01-05,2026-01-05,639,Speech & Language Therapy - No Show,no_charge,Patient,A.P,0.0,0.0,0.0,0.0
8,2026,TY,2026Q1,2026-01,2026-01-06,2026-01-06,640,Speech & Language Therapy,no_charge,Patient,A.P,0.0,0.0,0.0,0.0
9,2026,TY,2026Q1,2026-01,2026-01-06,2026-01-06,640,Speech & Language Therapy,paid,Texas Children's Health Plan,A.P,80.84,80.84,80.84,0.0
10,2026,TY,2026Q1,2026-01,2026-01-06,2026-01-06,641,Speech & Language Therapy,no_charge,Patient,A.P,0.0,0.0,0.0,0.0
11,2026,TY,2026Q1,2026-01,2026-01-06,2026-01-06,641,Speech & Language Therapy,paid,Texas Children's Health Plan,A.P,80.84,80.84,80.84,0.0
12,2026,TY,2026Q1,2026-01,2026-01-06,2026-01-06,642,Speech & Language Therapy,no_charge,Patient,A.P,0.0,0.0,0.0,0.0
13,2026,TY,2026Q1,2026-01,2026-01-06,2026-01-06,642,Speech & Language Therapy,paid,Texas Children's Health Plan,A.P,80.84,80.84,80.84,0.0
14,2026,TY,2026Q1,2026-01,2026-01-06,2026-01-06,643,Speech & Language Therapy,no_charge,Patient,A.P,0.0,0.0,0.0,0.0
15,2026,TY,2026Q1,2026-01,2026-01-06,2026-01-06,643,Speech & Language Therapy,paid,Texas Children's Health Plan,A.P,88.92,88.92,88.92,0.0
16,2026,TY,2026Q1,2026-01,2026-01-06,2026-01-06,644,Speech & Language Therapy,no_charge,Patient,A.P,0.0,0.0,0.0,0.0
17,2026,TY,2026Q1,2026-01,2026-01-06,2026-01-06,644,Speech & Language Therapy,paid,Texas Children's Health Plan,A.P,80.84,80.84,80.84,0.0
18,2026,TY,2026Q1,2026-01,2026-01-06,2026-01-06,645,Speech & Language Therapy,no_charge,Patient,A.P,0.0,0.0,0.0,0.0
19,2026,TY,2026Q1,2026-01,2026-01-06,2026-01-06,645,Speech & Language Therapy,paid,Texas Children's Health Plan,A.P,80.84,80.84,80.84,0.0
20,2026,TY,2026Q1,2026-01,2026-01-06,2026-01-06,646,Speech & Language Therapy - Telehealth,no_charge,Patient,A.P,0.0,0.0,0.0,0.0
21,2026,TY,2026Q1,2026-01,2026-01-06,2026-01-06,646,Speech & Language Therapy - Telehealth,paid,Texas Children's Health Plan,A.P,80.84,80.84,80.84,0.0
22,2026,TY,2026Q1,2026-01,2026-01-07,2026-01-07,647,Speech & Language Therapy,paid,BlueCross BlueShield of Texas,A.P,43.24,43.24,43.24,0.0
23,2026,TY,2026Q1,2026-01,2026-01-07,2026-01-07,647,Speech & Language Therapy,paid,Patient,A.P,25.0,25.0,25.0,0.0
24,2026,TY,2026Q1,2026-01,2026-01-07,2026-01-07,648,Speech & Language Therapy,paid,Patient,A.P,90.0,90.0,90.0,0.0
25,2026,TY,2026Q1,2026-01,2026-01-07,2026-01-07,649,Speech & Language Therapy,no_charge,BlueCross BlueShield of Texas,A.P,0.0,0.0,0.0,0.0
26,2026,TY,2026Q1,2026-01,2026-01-07,2026-01-07,649,Speech & Language Therapy,paid,Patient,A.P,68.24,68.24,68.24,0.0
27,2026,TY,2026Q1,2026-01,2026-01-07,2026-01-07,650,Speech & Language Therapy,no_charge,Patient,A.P,0.0,0.0,0.0,0.0
28,2026,TY,2026Q1,2026-01,2026-01-07,2026-01-07,650,Speech & Language Therapy,paid,Texas Children's Health Plan,A.P,88.92,88.92,88.92,0.0
29,2026,TY,2026Q1,2026-01,2026-01-07,2026-01-07,651,Speech & Language Therapy,no_charge,Patient,A.P,0.0,0.0,0.0,0.0
30,2026,TY,2026Q1,2026-01,2026-01-07,2026-01-07,651,Speech & Language Therapy,paid,Texas Children's Health Plan,A.P,88.92,88.92,88.92,0.0
31,2026,TY,2026Q1,2026-01,2026-01-07,2026-01-07,652,Speech & Language Therapy,no_charge,Patient,K.G,0.0,0.0,0.0,0.0
32,2026,TY,2026Q1,2026-01,2026-01-07,2026-01-07,652,Speech & Language Therapy,paid,Texas Children's Health Plan,K.G,71.14,71.14,71.14,0.0
33,2026,TY,2026Q1,2026-01,2026-01-08,2026-01-08,653,Speech & Language Therapy,no_charge,Patient,A.P,0.0,0.0,0.0,0.0
34,2026,TY,2026Q1,2026-01,2026-01-08,2026-01-08,653,Speech & Language Therapy,paid,Texas Children's Health Plan,A.P,80.84,80.84,80.84,0.0
35,2026,TY,2026Q1,2026-01,2026-01-08,2026-01-08,654,Speech & Language Therapy - No Show,no_charge,Patient,A.P,0.0,0.0,0.0,0.0
36,2026,TY,2026Q1,2026-01,2026-01-08,2026-01-08,655,Speech & Language Therapy,no_charge,Patient,A.P,0.0,0.0,0.0,0.0
37,2026,TY,2026Q1,2026-01,2026-01-08,2026-01-08,655,Speech & Language Therapy,paid,Texas Children's Health Plan,A.P,80.84,80.84,80.84,0.0
38,2026,TY,2026Q1,2026-01,2026-01-08,2026-01-08,656,Speech & Language Therapy,no_charge,Patient,A.P,0.0,0.0,0.0,0.0
39,2026,TY,2026Q1,2026-01,2026-01-08,2026-01-08,656,Speech & Language Therapy,paid,Texas Children's Health Plan,A.P,80.84,80.84,80.84,0.0
40,2026,TY,2026Q1,2026-01,2026-01-08,2026-01-08,657,Speech & Language Therapy,no_charge,Patient,A.P,0.0,0.0,0.0,0.0
41,2026,TY,2026Q1,2026-01,2026-01-08,2026-01-08,657,Speech & Language Therapy,paid,Texas Children's Health Plan,A.P,80.84,80.84,80.84,0.0
42,2026,TY,2026Q1,2026-01,2026-01-08,2026-01-08,658,Speech & Language Therapy,no_charge,Patient,A.P,0.0,0.0,0.0,0.0
43,2026,TY,2026Q1,2026-01,2026-01-08,2026-01-08,658,Speech & Language Therapy,paid,Texas Children's Health Plan,A.P,88.92,88.92,88.92,0.0
44,2026,TY,2026Q1,2026-01,2026-01-08,2026-01-08,659,Speech & Language Therapy - Telehealth,no_charge,Patient,A.P,0.0,0.0,0.0,0.0
45,2026,TY,2026Q1,2026-01,2026-01-08,2026-01-08,659,Speech & Language Therapy - Telehealth,paid,Texas Children's Health Plan,A.P,80.84,80.84,80.84,0.0
46,2026,TY,2026Q1,2026-01,2026-01-08,2026-01-08,660,Speech & Language Therapy,paid,Patient,A.P,90.0,90.0,90.0,0.0
47,2026,TY,2026Q1,2026-01,2026-01-08,2026-01-08,661,Speech & Language Therapy,no_charge,Patient,K.G,0.0,0.0,0.0,0.0
48,2026,TY,2026Q1,2026-01,2026-01-08,2026-01-08,661,Speech & Language Therapy,paid,Texas Children's Health Plan,K.G,64.67,64.67,64.67,0.0
49,2026,TY,2026Q1,2026-01,2026-01-08,2026-01-08,662,Speech & Language Therapy,no_charge,Patient,K.G,0.0,0.0,0.0,0.0
50,2026,TY,2026Q1,2026-01,2026-01-08,2026-01-08,662,Speech & Language Therapy,paid,Texas Children's Health Plan,K.G,64.67,64.67,64.67,0.0
51,2026,TY,2026Q1,2026-01,2026-01-08,2026-01-08,663,Speech & Language Therapy,no_charge,Patient,K.G,0.0,0.0,0.0,0.0
52,2026,TY,2026Q1,2026-01,2026-01-08,2026-01-08,663,Speech & Language Therapy,paid,Texas Children's Health Plan,K.G,71.14,71.14,71.14,0.0
53,2026,TY,2026Q1,2026-01,2026-01-09,2026-01-09,664,Speech & Language Evaluation - No Show,no_charge,Patient,A.P,0.0,0.0,0.0,0.0
54,2026,TY,2026Q1,2026-01,2026-01-09,2026-01-09,665,Speech & Language Evaluation,no_charge,BlueCross BlueShield of Texas,A.P,0.0,0.0,0.0,0.0
55,2026,TY,2026Q1,2026-01,2026-01-09,2026-01-09,665,Speech & Language Evaluation,paid,Patient,A.P,181.77,181.77,181.77,0.0
56,2026,TY,2026Q1,2026-01,2026-01-09,2026-01-09,666,Speech & Language Therapy,no_charge,Patient,K.G,0.0,0.0,0.0,0.0
57,2026,TY,2026Q1,2026-01,2026-01-09,2026-01-09,666,Speech & Language Therapy,paid,Texas Children's Health Plan,K.G,64.67,64.67,64.67,0.0
58,2026,TY,2026Q1,2026-01,2026-01-09,2026-01-09,667,Speech & Language Therapy,no_charge,Patient,K.G,0.0,0.0,0.0,0.0
59,2026,TY,2026Q1,2026-01,2026-01-09,2026-01-09,667,Speech & Language Therapy,paid,Texas Children's Health Plan,K.G,64.67,64.67,64.67,0.0
60,2026,TY,2026Q1,2026-01,2026-01-09,2026-01-09,668,Speech & Language Therapy,no_charge,Patient,K.G,0.0,0.0,0.0,0.0
61,2026,TY,2026Q1,2026-01,2026-01-09,2026-01-09,668,Speech & Language Therapy,paid,Texas Children's Health Plan,K.G,64.67,64.67,64.67,0.0
62,2026,TY,2026Q1,2026-01,2026-01-10,2026-01-10,669,Speech & Language Therapy,paid,Patient,K.G,70.0,70.0,70.0,0.0
63,2026,TY,2026Q1,2026-01,2026-01-10,2026-01-10,670,Speech & Language Therapy,paid,Patient,K.G,70.0,70.0,70.0,0.0
64,2026,TY,2026Q1,2026-01,2026-01-10,2026-01-10,671,Speech & Language Therapy,no_charge,Patient,K.G,0.0,0.0,0.0,0.0
65,2026,TY,2026Q1,2026-01,2026-01-10,2026-01-10,671,Speech & Language Therapy,paid,Texas Children's Health Plan,K.G,64.67,64.67,64.67,0.0
66,2026,TY,2026Q1,2026-01,2026-01-10,2026-01-10,672,Speech & Language Therapy,no_charge,Patient,K.G,0.0,0.0,0.0,0.0
67,2026,TY,2026Q1,2026-01,2026-01-10,2026-01-10,672,Speech & Language Therapy,paid,Texas Children's Health Plan,K.G,64.67,64.67,64.67,0.0
68,2026,TY,2026Q1,2026-01,2026-01-12,2026-01-12,673,Speech & Language Therapy,paid,BlueCross BlueShield of Texas,A.P,43.24,43.24,43.24,0.0
69,2026,TY,2026Q1,2026-01,2026-01-12,2026-01-12,673,Speech & Language Therapy,paid,Patient,A.P,25.0,25.0,25.0,0.0
70,2026,TY,2026Q1,2026-01,2026-01-12,2026-01-12,674,Speech & Language Therapy,paid,Patient,A.P,90.0,90.0,90.0,0.0
71,2026,TY,2026Q1,2026-01,2026-01-12,2026-01-12,675,Speech & Language Therapy,no_charge,Patient,A.P,0.0,0.0,0.0,0.0
72,2026,TY,2026Q1,2026-01,2026-01-12,2026-01-12,675,Speech & Language Therapy,paid,Texas Children's Health Plan,A.P,88.92,88.92,88.92,0.0
73,2026,TY,2026Q1,2026-01,2026-01-12,2026-01-12,676,Speech & Language Therapy,no_charge,Patient,A.P,0.0,0.0,0.0,0.0
74,2026,TY,2026Q1,2026-01,2026-01-12,2026-01-12,676,Speech & Language Therapy,paid,Texas Children's Health Plan,A.P,80.84,80.84,80.84,0.0
75,2026,TY,2026Q1,2026-01,2026-01-12,2026-01-12,677,Speech & Language Therapy - Telehealth,no_charge,Patient,A.P,0.0,0.0,0.0,0.0
76,2026,TY,2026Q1,2026-01,2026-01-12,2026-01-12,677,Speech & Language Therapy - Telehealth,paid,Texas Children's Health Plan,A.P,80.84,80.84,80.84,0.0
77,2026,TY,2026Q1,2026-01,2026-01-13,2026-01-13,678,Speech & Language Therapy,no_charge,Patient,A.P,0.0,0.0,0.0,0.0
78,2026,TY,2026Q1,2026-01,2026-01-13,2026-01-13,678,Speech & Language Therapy,paid,Texas Children's Health Plan,A.P,88.92,88.92,88.92,0.0
79,2026,TY,2026Q1,2026-01,2026-01-13,2026-01-13,679,Speech & Language Therapy,no_charge,Patient,A.P,0.0,0.0,0.0,0.0
80,2026,TY,2026Q1,2026-01,2026-01-13,2026-01-13,679,Speech & Language Therapy,paid,Texas Children's Health Plan,A.P,80.84,80.84,80.84,0.0
81,2026,TY,2026Q1,2026-01,2026-01-13,2026-01-13,680,Speech & Language Therapy,no_charge,Patient,A.P,0.0,0.0,0.0,0.0
82,2026,TY,2026Q1,2026-01,2026-01-13,2026-01-13,680,Speech & Language Therapy,paid,Texas Children's Health Plan,A.P,80.84,80.84,80.84,0.0
83,2026,TY,2026Q1,2026-01,2026-01-13,2026-01-13,681,Speech & Language Therapy,no_charge,Patient,A.P,0.0,0.0,0.0,0.0
84,2026,TY,2026Q1,2026-01,2026-01-13,2026-01-13,681,Speech & Language Therapy,paid,Texas Children's Health Plan,A.P,80.84,80.84,80.84,0.0
85,2026,TY,2026Q1,2026-01,2026-01-13,2026-01-13,682,Speech & Language Therapy,no_charge,Patient,A.P,0.0,0.0,0.0,0.0
86,2026,TY,2026Q1,2026-01,2026-01-13,2026-01-13,682,Speech & Language Therapy,paid,Texas Children's Health Plan,A.P,80.84,80.84,80.84,0.0
87,2026,TY,2026Q1,2026-01,2026-01-13,2026-01-13,683,Speech & Language Therapy,no_charge,Patient,A.P,0.0,0.0,0.0,0.0
88,2026,TY,2026Q1,2026-01,2026-01-13,2026-01-13,683,Speech & Language Therapy,paid,Texas Children's Health Plan,A.P,88.92,88.92,88.92,0.0
89,2026,TY,2026Q1,2026-01,2026-01-14,2026-01-14,684,Speech & Language Therapy,paid,BlueCross BlueShield of Texas,A.P,43.24,43.24,43.24,0.0
90,2026,TY,2026Q1,2026-01,2026-01-14,2026-01-14,684,Speech & Language Therapy,paid,Patient,A.P,25.0,25.0,25.0,0.0
91,2026,TY,2026Q1,2026-01,2026-01-14,2026-01-14,685,Speech & Language Therapy,paid,Patient,A.P,90.0,90.0,90.0,0.0
92,2026,TY,2026Q1,2026-01,2026-01-14,2026-01-14,686,Speech & Language Therapy - Telehealth,no_charge,Patient,A.P,0.0,0.0,0.0,0.0
93,2026,TY,2026Q1,2026-01,2026-01-14,2026-01-14,686,Speech & Language Therapy - Telehealth,paid,Texas Children's Health Plan,A.P,80.84,80.84,80.84,0.0
94,2026,TY,2026Q1,2026-01,2026-01-14,2026-01-14,687,Speech & Language Therapy,no_charge,Patient,A.P,0.0,0.0,0.0,0.0
95,2026,TY,2026Q1,2026-01,2026-01-14,2026-01-14,687,Speech & Language Therapy,paid,Texas Children's Health Plan,A.P,80.84,80.84,80.84,0.0
96,2026,TY,2026Q1,2026-01,2026-01-14,2026-01-14,688,Speech & Language Therapy,no_charge,Patient,A.P,0.0,0.0,0.0,0.0
97,2026,TY,2026Q1,2026-01,2026-01-14,2026-01-14,688,Speech & Language Therapy,paid,Texas Children's Health Plan,A.P,88.92,88.92,88.92,0.0
98,2026,TY,2026Q1,2026-01,2026-01-14,2026-01-14,689,Speech & Language Therapy,no_charge,Patient,K.G,0.0,0.0,0.0,0.0
99,2026,TY,2026Q1,2026-01,2026-01-14,2026-01-14,689,Speech & Language Therapy,paid,Texas Children's Health Plan,K.G,64.67,64.67,64.67,0.0
100,2026,TY,2026Q1,2026-01,2026-01-15,2026-01-15,690,Speech & Language Therapy,no_charge,Patient,A.P,0.0,0.0,0.0,0.0
101,2026,TY,2026Q1,2026-01,2026-01-15,2026-01-15,690,Speech & Language Therapy,paid,Texas Children's Health Plan,A.P,88.92,88.92,88.92,0.0
102,2026,TY,2026Q1,2026-01,2026-01-15,2026-01-15,691,Speech & Language Therapy,no_charge,Patient,A.P,0.0,0.0,0.0,0.0
103,2026,TY,2026Q1,2026-01,2026-01-15,2026-01-15,691,Speech & Language Therapy,paid,Texas Children's Health Plan,A.P,80.84,80.84,80.84,0.0
104,2026,TY,2026Q1,2026-01,2026-01-15,2026-01-15,692,Speech & Language Therapy,no_charge,Patient,A.P,0.0,0.0,0.0,0.0
105,2026,TY,2026Q1,2026-01,2026-01-15,2026-01-15,692,Speech & Language Therapy,paid,Texas Children's Health Plan,A.P,80.84,80.84,80.84,0.0
106,2026,TY,2026Q1,2026-01,2026-01-15,2026-01-15,693,Speech & Language Therapy,no_charge,Patient,A.P,0.0,0.0,0.0,0.0
107,2026,TY,2026Q1,2026-01,2026-01-15,2026-01-15,693,Speech & Language Therapy,paid,Texas Children's Health Plan,A.P,80.84,80.84,80.84,0.0
108,2026,TY,2026Q1,2026-01,2026-01-15,2026-01-15,694,Speech & Language Therapy - Telehealth,no_charge,Patient,A.P,0.0,0.0,0.0,0.0
109,2026,TY,2026Q1,2026-01,2026-01-15,2026-01-15,694,Speech & Language Therapy - Telehealth,paid,Texas Children's Health Plan,A.P,80.84,80.84,80.84,0.0
110,2026,TY,2026Q1,2026-01,2026-01-15,2026-01-15,695,Speech & Language Therapy,no_charge,Patient,K.G,0.0,0.0,0.0,0.0
111,2026,TY,2026Q1,2026-01,2026-01-15,2026-01-15,695,Speech & Language Therapy,paid,Texas Children's Health Plan,K.G,64.67,64.67,64.67,0.0
112,2026,TY,2026Q1,2026-01,2026-01-15,2026-01-15,696,Speech & Language Therapy,no_charge,Patient,K.G,0.0,0.0,0.0,0.0
113,2026,TY,2026Q1,2026-01,2026-01-15,2026-01-15,696,Speech & Language Therapy,paid,Texas Children's Health Plan,K.G,64.67,64.67,64.67,0.0
114,2026,TY,2026Q1,2026-01,2026-01-15,2026-01-15,697,Speech & Language Therapy,no_charge,Patient,K.G,0.0,0.0,0.0,0.0
115,2026,TY,2026Q1,2026-01,2026-01-15,2026-01-15,697,Speech & Language Therapy,paid,Texas Children's Health Plan,K.G,71.14,71.14,71.14,0.0
116,2026,TY,2026Q1,2026-01,2026-01-15,2026-01-15,698,Speech & Language Therapy,paid,Patient,A.P,90.0,90.0,90.0,0.0
117,2026,TY,2026Q1,2026-01,2026-01-16,2026-01-16,699,Speech & Language Therapy,no_charge,Patient,K.G,0.0,0.0,0.0,0.0
118,2026,TY,2026Q1,2026-01,2026-01-16,2026-01-16,699,Speech & Language Therapy,paid,Texas Children's Health Plan,K.G,64.67,64.67,64.67,0.0
119,2026,TY,2026Q1,2026-01,2026-01-16,2026-01-16,700,Speech & Language Therapy,no_charge,Patient,K.G,0.0,0.0,0.0,0.0
120,2026,TY,2026Q1,2026-01,2026-01-16,2026-01-16,700,Speech & Language Therapy,paid,Texas Children's Health Plan,K.G,64.67,64.67,64.67,0.0
121,2026,TY,2026Q1,2026-01,2026-01-16,2026-01-16,701,Speech & Language Therapy,no_charge,Patient,K.G,0.0,0.0,0.0,0.0
122,2026,TY,2026Q1,2026-01,2026-01-16,2026-01-16,701,Speech & Language Therapy,paid,Texas Children's Health Plan,K.G,71.14,71.14,71.14,0.0
123,2026,TY,2026Q1,2026-01,2026-01-16,2026-01-16,702,Speech & Language Therapy,paid,Patient,K.G,70.0,70.0,70.0,0.0
124,2026,TY,2026Q1,2026-01,2026-01-17,2026-01-17,703,Speech & Language Therapy,paid,Patient,K.G,70.0,70.0,70.0,0.0
125,2026,TY,2026Q1,2026-01,2026-01-17,2026-01-17,704,Speech & Language Therapy,paid,Patient,K.G,70.0,70.0,70.0,0.0
126,2026,TY,2026Q1,2026-01,2026-01-17,2026-01-17,705,Speech & Language Therapy,no_charge,Patient,K.G,0.0,0.0,0.0,0.0
127,2026,TY,2026Q1,2026-01,2026-01-17,2026-01-17,705,Speech & Language Therapy,paid,Texas Children's Health Plan,K.G,64.67,64.67,64.67,0.0
128,2026,TY,2026Q1,2026-01,2026-01-17,2026-01-17,706,Speech & Language Therapy,no_charge,Patient,K.G,0.0,0.0,0.0,0.0
129,2026,TY,2026Q1,2026-01,2026-01-17,2026-01-17,706,Speech & Language Therapy,paid,Texas Children's Health Plan,K.G,64.67,64.67,64.67,0.0
130,2026,TY,2026Q1,2026-01,2026-01-17,2026-01-17,707,Speech & Language Therapy,no_charge,Patient,K.G,0.0,0.0,0.0,0.0
131,2026,TY,2026Q1,2026-01,2026-01-17,2026-01-17,707,Speech & Language Therapy,paid,Texas Children's Health Plan,K.G,64.67,64.67,64.67,0.0
132,2026,TY,2026Q1,2026-01,2026-01-19,2026-01-19,708,Speech & Language Therapy,paid,BlueCross BlueShield of Texas,A.P,43.24,43.24,43.24,0.0
133,2026,TY,2026Q1,2026-01,2026-01-19,2026-01-19,708,Speech & Language Therapy,paid,Patient,A.P,25.0,25.0,25.0,0.0
134,2026,TY,2026Q1,2026-01,2026-01-19,2026-01-19,709,Speech & Language Therapy,no_charge,Patient,A.P,0.0,0.0,0.0,0.0
135,2026,TY,2026Q1,2026-01,2026-01-19,2026-01-19,709,Speech & Language Therapy,paid,Texas Children's Health Plan,A.P,88.92,88.92,88.92,0.0
136,2026,TY,2026Q1,2026-01,2026-01-19,2026-01-19,710,Speech & Language Therapy,no_charge,Patient,A.P,0.0,0.0,0.0,0.0
137,2026,TY,2026Q1,2026-01,2026-01-19,2026-01-19,710,Speech & Language Therapy,paid,Texas Children's Health Plan,A.P,88.92,88.92,88.92,0.0
138,2026,TY,2026Q1,2026-01,2026-01-19,2026-01-19,711,Speech & Language Therapy - Telehealth - No Show,no_charge,Patient,A.P,0.0,0.0,0.0,0.0
139,2026,TY,2026Q1,2026-01,2026-01-20,2026-01-20,712,Speech & Language Therapy,no_charge,Patient,A.P,0.0,0.0,0.0,0.0
140,2026,TY,2026Q1,2026-01,2026-01-20,2026-01-20,712,Speech & Language Therapy,paid,Texas Children's Health Plan,A.P,80.84,80.84,80.84,0.0
141,2026,TY,2026Q1,2026-01,2026-01-20,2026-01-20,713,Speech & Language Therapy,no_charge,Patient,A.P,0.0,0.0,0.0,0.0
142,2026,TY,2026Q1,2026-01,2026-01-20,2026-01-20,713,Speech & Language Therapy,paid,Texas Children's Health Plan,A.P,80.84,80.84,80.84,0.0
143,2026,TY,2026Q1,2026-01,2026-01-20,2026-01-20,714,Speech & Language Therapy,no_charge,Patient,A.P,0.0,0.0,0.0,0.0
144,2026,TY,2026Q1,2026-01,2026-01-20,2026-01-20,714,Speech & Language Therapy,paid,Texas Children's Health Plan,A.P,80.84,80.84,80.84,0.0
145,2026,TY,2026Q1,2026-01,2026-01-20,2026-01-20,715,Speech & Language Therapy,no_charge,Patient,A.P,0.0,0.0,0.0,0.0
146,2026,TY,2026Q1,2026-01,2026-01-20,2026-01-20,715,Speech & Language Therapy,paid,Texas Children's Health Plan,A.P,80.84,80.84,80.84,0.0
147,2026,TY,2026Q1,2026-01,2026-01-20,2026-01-20,716,Speech & Language Therapy,no_charge,Patient,A.P,0.0,0.0,0.0,0.0
148,2026,TY,2026Q1,2026-01,2026-01-20,2026-01-20,716,Speech & Language Therapy,paid,Texas Children's Health Plan,A.P,88.92,88.92,88.92,0.0
149,2026,TY,2026Q1,2026-01,2026-01-21,2026-01-21,717,"Speech therapy, re-evaluation",no_charge,BlueCross BlueShield of Texas,A.P,0.0,0.0,0.0,0.0
150,2026,TY,2026Q1,2026-01,2026-01-21,2026-01-21,717,"Speech therapy, re-evaluation",paid,Patient,A.P,200.0,200.0,200.0,0.0
151,2026,TY,2026Q1,2026-01,2026-01-21,2026-01-21,718,Speech & Language Therapy,no_charge,BlueCross BlueShield of Texas,A.P,0.0,0.0,0.0,0.0
152,2026,TY,2026Q1,2026-01,2026-01-21,2026-01-21,718,Speech & Language Therapy,paid,Patient,A.P,68.24,68.24,68.24,0.0
153,2026,TY,2026Q1,2026-01,2026-01-21,2026-01-21,719,Speech & Language Therapy,paid,BlueCross BlueShield of Texas,A.P,43.24,43.24,43.24,0.0
154,2026,TY,2026Q1,2026-01,2026-01-21,2026-01-21,719,Speech & Language Therapy,paid,Patient,A.P,25.0,25.0,25.0,0.0
155,2026,TY,2026Q1,2026-01,2026-01-21,2026-01-21,720,Speech & Language Therapy,paid,Patient,A.P,90.0,90.0,90.0,0.0
156,2026,TY,2026Q1,2026-01,2026-01-21,2026-01-21,721,Speech & Language Therapy,no_charge,Patient,A.P,0.0,0.0,0.0,0.0
157,2026,TY,2026Q1,2026-01,2026-01-21,2026-01-21,721,Speech & Language Therapy,paid,Texas Children's Health Plan,A.P,88.92,88.92,88.92,0.0
158,2026,TY,2026Q1,2026-01,2026-01-21,2026-01-21,722,Speech & Language Therapy,no_charge,Patient,A.P,0.0,0.0,0.0,0.0
159,2026,TY,2026Q1,2026-01,2026-01-21,2026-01-21,722,Speech & Language Therapy,paid,Texas Children's Health Plan,A.P,80.84,80.84,80.84,0.0
160,2026,TY,2026Q1,2026-01,2026-01-21,2026-01-21,723,Speech & Language Therapy - Telehealth,no_charge,Patient,A.P,0.0,0.0,0.0,0.0
161,2026,TY,2026Q1,2026-01,2026-01-21,2026-01-21,723,Speech & Language Therapy - Telehealth,paid,Texas Children's Health Plan,A.P,80.84,80.84,80.84,0.0
162,2026,TY,2026Q1,2026-01,2026-01-21,2026-01-21,724,Speech & Language Therapy,no_charge,Patient,K.G,0.0,0.0,0.0,0.0
163,2026,TY,2026Q1,2026-01,2026-01-21,2026-01-21,724,Speech & Language Therapy,paid,Texas Children's Health Plan,K.G,64.67,64.67,64.67,0.0
164,2026,TY,2026Q1,2026-01,2026-01-22,2026-01-22,725,Speech & Language Therapy,no_charge,Patient,A.P,0.0,0.0,0.0,0.0
165,2026,TY,2026Q1,2026-01,2026-01-22,2026-01-22,725,Speech & Language Therapy,paid,Texas Children's Health Plan,A.P,80.84,80.84,80.84,0.0
166,2026,TY,2026Q1,2026-01,2026-01-22,2026-01-22,726,Speech & Language Therapy,no_charge,Patient,A.P,0.0,0.0,0.0,0.0
167,2026,TY,2026Q1,2026-01,2026-01-22,2026-01-22,726,Speech & Language Therapy,paid,Texas Children's Health Plan,A.P,80.84,80.84,80.84,0.0
168,2026,TY,2026Q1,2026-01,2026-01-22,2026-01-22,727,Speech & Language Therapy,no_charge,Patient,A.P,0.0,0.0,0.0,0.0
169,2026,TY,2026Q1,2026-01,2026-01-22,2026-01-22,727,Speech & Language Therapy,paid,Texas Children's Health Plan,A.P,80.84,80.84,80.84,0.0
170,2026,TY,2026Q1,2026-01,2026-01-22,2026-01-22,728,Speech & Language Therapy,no_charge,Patient,A.P,0.0,0.0,0.0,0.0
171,2026,TY,2026Q1,2026-01,2026-01-22,2026-01-22,728,Speech & Language Therapy,paid,Texas Children's Health Plan,A.P,80.84,80.84,80.84,0.0
172,2026,TY,2026Q1,2026-01,2026-01-22,2026-01-22,729,Speech & Language Therapy,no_charge,Patient,A.P,0.0,0.0,0.0,0.0
173,2026,TY,2026Q1,2026-01,2026-01-22,2026-01-22,729,Speech & Language Therapy,paid,Texas Children's Health Plan,A.P,80.84,80.84,80.84,0.0
174,2026,TY,2026Q1,2026-01,2026-01-22,2026-01-22,730,Speech & Language Therapy,no_charge,Patient,A.P,0.0,0.0,0.0,0.0
175,2026,TY,2026Q1,2026-01,2026-01-22,2026-01-22,730,Speech & Language Therapy,paid,Texas Children's Health Plan,A.P,88.92,88.92,88.92,0.0
176,2026,TY,2026Q1,2026-01,2026-01-22,2026-01-22,731,Speech & Language Therapy,no_charge,Patient,A.P,0.0,0.0,0.0,0.0
177,2026,TY,2026Q1,2026-01,2026-01-22,2026-01-22,731,Speech & Language Therapy,paid,Texas Children's Health Plan,A.P,88.92,88.92,88.92,0.0
178,2026,TY,2026Q1,2026-01,2026-01-22,2026-01-22,732,Speech & Language Therapy - Telehealth,no_charge,Patient,A.P,0.0,0.0,0.0,0.0
179,2026,TY,2026Q1,2026-01,2026-01-22,2026-01-22,732,Speech & Language Therapy - Telehealth,paid,Texas Children's Health Plan,A.P,80.84,80.84,80.84,0.0
180,2026,TY,2026Q1,2026-01,2026-01-22,2026-01-22,733,Speech & Language Therapy,no_charge,Patient,K.G,0.0,0.0,0.0,0.0
181,2026,TY,2026Q1,2026-01,2026-01-22,2026-01-22,733,Speech & Language Therapy,paid,Texas Children's Health Plan,K.G,64.67,64.67,64.67,0.0
182,2026,TY,2026Q1,2026-01,2026-01-22,2026-01-22,734,Speech & Language Therapy,no_charge,Patient,K.G,0.0,0.0,0.0,0.0
183,2026,TY,2026Q1,2026-01,2026-01-22,2026-01-22,734,Speech & Language Therapy,paid,Texas Children's Health Plan,K.G,64.67,64.67,64.67,0.0
184,2026,TY,2026Q1,2026-01,2026-01-22,2026-01-22,735,Speech & Language Therapy,no_charge,Patient,K.G,0.0,0.0,0.0,0.0
185,2026,TY,2026Q1,2026-01,2026-01-22,2026-01-22,735,Speech & Language Therapy,paid,Texas Children's Health Plan,K.G,71.14,71.14,71.14,0.0
186,2026,TY,2026Q1,2026-01,2026-01-22,2026-01-22,736,Speech & Language Therapy,paid,Patient,A.P,90.0,90.0,90.0,0.0
187,2026,TY,2026Q1,2026-01,2026-01-23,2026-01-23,737,Speech & Language Evaluation,no_charge,Patient,A.P,0.0,0.0,0.0,0.0
188,2026,TY,2026Q1,2026-01,2026-01-23,2026-01-23,737,Speech & Language Evaluation,paid,Texas Children's Health Plan,A.P,127.36,127.36,127.36,0.0
189,2026,TY,2026Q1,2026-01,2026-01-23,2026-01-23,738,Speech & Language Evaluation,no_charge,Patient,A.P,0.0,0.0,0.0,0.0
190,2026,TY,2026Q1,2026-01,2026-01-23,2026-01-23,738,Speech & Language Evaluation,paid,Texas Children's Health Plan,A.P,127.36,127.36,127.36,0.0
191,2026,TY,2026Q1,2026-01,2026-01-23,2026-01-23,739,Speech & Language Evaluation,no_charge,Patient,A.P,0.0,0.0,0.0,0.0
192,2026,TY,2026Q1,2026-01,2026-01-23,2026-01-23,739,Speech & Language Evaluation,paid,Texas Children's Health Plan,A.P,127.36,127.36,127.36,0.0
193,2026,TY,2026Q1,2026-01,2026-01-23,2026-01-23,740,Speech & Language Evaluation,no_charge,Patient,A.P,0.0,0.0,0.0,0.0
194,2026,TY,2026Q1,2026-01,2026-01-23,2026-01-23,740,Speech & Language Evaluation,paid,UnitedHealthcare - Medicaid,A.P,135.85,135.85,135.85,0.0
195,2026,TY,2026Q1,2026-01,2026-01-23,2026-01-23,741,Speech & Language Evaluation,no_charge,Patient,A.P,0.0,0.0,0.0,0.0
196,2026,TY,2026Q1,2026-01,2026-01-23,2026-01-23,741,Speech & Language Evaluation,paid,Texas Children's Health Plan,A.P,127.36,127.36,127.36,0.0
197,2026,TY,2026Q1,2026-01,2026-01-23,2026-01-23,742,Speech & Language Therapy,paid,Patient,K.G,70.0,70.0,70.0,0.0
198,2026,TY,2026Q1,2026-01,2026-01-27,2026-01-27,743,Speech & Language Therapy,no_charge,Patient,A.P,0.0,0.0,0.0,0.0
199,2026,TY,2026Q1,2026-01,2026-01-27,2026-01-27,743,Speech & Language Therapy,paid,Texas Children's Health Plan,A.P,80.84,80.84,80.84,0.0
200,2026,TY,2026Q1,2026-01,2026-01-27,2026-01-27,744,Speech & Language Therapy,no_charge,Patient,A.P,0.0,0.0,0.0,0.0
201,2026,TY,2026Q1,2026-01,2026-01-27,2026-01-27,744,Speech & Language Therapy,paid,Texas Children's Health Plan,A.P,80.84,80.84,80.84,0.0
202,2026,TY,2026Q1,2026-01,2026-01-27,2026-01-27,745,Speech & Language Therapy,no_charge,Patient,A.P,0.0,0.0,0.0,0.0
203,2026,TY,2026Q1,2026-01,2026-01-27,2026-01-27,745,Speech & Language Therapy,paid,Texas Children's Health Plan,A.P,80.84,80.84,80.84,0.0
204,2026,TY,2026Q1,2026-01,2026-01-27,2026-01-27,746,Speech & Language Therapy,no_charge,Patient,A.P,0.0,0.0,0.0,0.0
205,2026,TY,2026Q1,2026-01,2026-01-27,2026-01-27,746,Speech & Language Therapy,paid,Texas Children's Health Plan,A.P,80.84,80.84,80.84,0.0
206,2026,TY,2026Q1,2026-01,2026-01-27,2026-01-27,747,"Speech therapy, re-evaluation",no_charge,Patient,A.P,0.0,0.0,0.0,0.0
207,2026,TY,2026Q1,2026-01,2026-01-27,2026-01-27,747,"Speech therapy, re-evaluation",paid,Texas Children's Health Plan,A.P,98.07,98.07,98.07,0.0
208,2026,TY,2026Q1,2026-01,2026-01-28,2026-01-28,748,Speech & Language Therapy,no_charge,BlueCross BlueShield of Texas,A.P,0.0,0.0,0.0,0.0
209,2026,TY,2026Q1,2026-01,2026-01-28,2026-01-28,748,Speech & Language Therapy,paid,Patient,A.P,68.24,68.24,68.24,0.0
210,2026,TY,2026Q1,2026-01,2026-01-28,2026-01-28,749,Speech & Language Therapy,paid,BlueCross BlueShield of Texas,A.P,43.24,43.24,43.24,0.0
211,2026,TY,2026Q1,2026-01,2026-01-28,2026-01-28,749,Speech & Language Therapy,paid,Patient,A.P,25.0,25.0,25.0,0.0
212,2026,TY,2026Q1,2026-01,2026-01-28,2026-01-28,750,Speech & Language Therapy,paid,Patient,A.P,90.0,90.0,90.0,0.0
213,2026,TY,2026Q1,2026-01,2026-01-28,2026-01-28,751,Speech & Language Therapy,no_charge,BlueCross BlueShield of Texas,A.P,0.0,0.0,0.0,0.0
214,2026,TY,2026Q1,2026-01,2026-01-28,2026-01-28,751,Speech & Language Therapy,paid,Patient,A.P,68.24,68.24,68.24,0.0
215,2026,TY,2026Q1,2026-01,2026-01-28,2026-01-28,752,Speech & Language Therapy,no_charge,Patient,A.P,0.0,0.0,0.0,0.0
216,2026,TY,2026Q1,2026-01,2026-01-28,2026-01-28,752,Speech & Language Therapy,paid,Texas Children's Health Plan,A.P,88.92,88.92,88.92,0.0
217,2026,TY,2026Q1,2026-01,2026-01-28,2026-01-28,753,Speech & Language Therapy,no_charge,Patient,A.P,0.0,0.0,0.0,0.0
218,2026,TY,2026Q1,2026-01,2026-01-28,2026-01-28,753,Speech & Language Therapy,paid,Texas Children's Health Plan,A.P,80.84,80.84,80.84,0.0
219,2026,TY,2026Q1,2026-01,2026-01-28,2026-01-28,754,Speech & Language Therapy - Telehealth,no_charge,Patient,A.P,0.0,0.0,0.0,0.0
220,2026,TY,2026Q1,2026-01,2026-01-28,2026-01-28,754,Speech & Language Therapy - Telehealth,paid,Texas Children's Health Plan,A.P,80.84,80.84,80.84,0.0
221,2026,TY,2026Q1,2026-01,2026-01-28,2026-01-28,755,Speech & Language Therapy,no_charge,Patient,K.G,0.0,0.0,0.0,0.0
222,2026,TY,2026Q1,2026-01,2026-01-28,2026-01-28,755,Speech & Language Therapy,paid,Texas Children's Health Plan,K.G,64.67,64.67,64.67,0.0
223,2026,TY,2026Q1,2026-01,2026-01-29,2026-01-29,756,Speech & Language Therapy,no_charge,Patient,A.P,0.0,0.0,0.0,0.0
224,2026,TY,2026Q1,2026-01,2026-01-29,2026-01-29,756,Speech & Language Therapy,paid,Texas Children's Health Plan,A.P,80.84,80.84,80.84,0.0
225,2026,TY,2026Q1,2026-01,2026-01-29,2026-01-29,757,Speech & Language Therapy,no_charge,Patient,A.P,0.0,0.0,0.0,0.0
226,2026,TY,2026Q1,2026-01,2026-01-29,2026-01-29,757,Speech & Language Therapy,paid,Texas Children's Health Plan,A.P,80.84,80.84,80.84,0.0
227,2026,TY,2026Q1,2026-01,2026-01-29,2026-01-29,758,Speech & Language Therapy - No Show,no_charge,Patient,A.P,0.0,0.0,0.0,0.0
228,2026,TY,2026Q1,2026-01,2026-01-29,2026-01-29,759,Speech & Language Therapy - No Show,no_charge,Patient,A.P,0.0,0.0,0.0,0.0
229,2026,TY,2026Q1,2026-01,2026-01-29,2026-01-29,760,Speech & Language Therapy - Telehealth,no_charge,Patient,A.P,0.0,0.0,0.0,0.0
230,2026,TY,2026Q1,2026-01,2026-01-29,2026-01-29,760,Speech & Language Therapy - Telehealth,paid,Texas Children's Health Plan,A.P,80.84,80.84,80.84,0.0
231,2026,TY,2026Q1,2026-01,2026-01-29,2026-01-29,761,Speech & Language Therapy,no_charge,Patient,K.G,0.0,0.0,0.0,0.0
232,2026,TY,2026Q1,2026-01,2026-01-29,2026-01-29,761,Speech & Language Therapy,paid,Texas Children's Health Plan,K.G,64.67,64.67,64.67,0.0
233,2026,TY,2026Q1,2026-01,2026-01-29,2026-01-29,762,Speech & Language Therapy,no_charge,Patient,K.G,0.0,0.0,0.0,0.0
234,2026,TY,2026Q1,2026-01,2026-01-29,2026-01-29,762,Speech & Language Therapy,paid,Texas Children's Health Plan,K.G,64.67,64.67,64.67,0.0
235,2026,TY,2026Q1,2026-01,2026-01-29,2026-01-29,763,Speech & Language Therapy,paid,Patient,A.P,90.0,90.0,90.0,0.0
236,2026,TY,2026Q1,2026-01,2026-01-29,2026-01-29,764,Speech & Language Therapy,no_charge,Patient,K.G,0.0,0.0,0.0,0.0
237,2026,TY,2026Q1,2026-01,2026-01-29,2026-01-29,764,Speech & Language Therapy,paid,Texas Children's Health Plan,K.G,71.14,71.14,71.14,0.0
238,2026,TY,2026Q1,2026-01,2026-01-30,2026-01-30,765,Speech & Language Evaluation,paid,BlueCross BlueShield of Texas,A.P,145.42,145.42,145.42,0.0
239,2026,TY,2026Q1,2026-01,2026-01-30,2026-01-30,765,Speech & Language Evaluation,paid,Patient,A.P,36.35,36.35,36.35,0.0
240,2026,TY,2026Q1,2026-01,2026-01-30,2026-01-30,766,Speech & Language Evaluation,no_charge,Patient,A.P,0.0,0.0,0.0,0.0
241,2026,TY,2026Q1,2026-01,2026-01-30,2026-01-30,766,Speech & Language Evaluation,paid,Texas Children's Health Plan,A.P,127.36,127.36,127.36,0.0
242,2026,TY,2026Q1,2026-01,2026-01-30,2026-01-30,767,Speech & Language Evaluation,paid,BlueCross BlueShield of Texas,A.P,151.77,151.77,151.77,0.0
243,2026,TY,2026Q1,2026-01,2026-01-30,2026-01-30,767,Speech & Language Evaluation,paid,Patient,A.P,30.0,30.0,30.0,0.0
244,2026,TY,2026Q1,2026-01,2026-01-30,2026-01-30,768,Speech & Language Evaluation,no_charge,Patient,A.P,0.0,0.0,0.0,0.0
245,2026,TY,2026Q1,2026-01,2026-01-30,2026-01-30,768,Speech & Language Evaluation,paid,Texas Children's Health Plan,A.P,127.36,127.36,127.36,0.0
246,2026,TY,2026Q1,2026-01,2026-01-30,2026-01-30,769,Speech & Language Therapy,no_charge,Patient,K.G,0.0,0.0,0.0,0.0
247,2026,TY,2026Q1,2026-01,2026-01-30,2026-01-30,769,Speech & Language Therapy,paid,Texas Children's Health Plan,K.G,64.67,64.67,64.67,0.0
248,2026,TY,2026Q1,2026-01,2026-01-30,2026-01-30,770,Speech & Language Therapy,no_charge,Patient,K.G,0.0,0.0,0.0,0.0
249,2026,TY,2026Q1,2026-01,2026-01-30,2026-01-30,770,Speech & Language Therapy,paid,Texas Children's Health Plan,K.G,64.67,64.67,64.67,0.0
250,2026,TY,2026Q1,2026-01,2026-01-30,2026-01-30,771,Speech & Language Therapy,no_charge,Patient,K.G,0.0,0.0,0.0,0.0
251,2026,TY,2026Q1,2026-01,2026-01-30,2026-01-30,771,Speech & Language Therapy,paid,Texas Children's Health Plan,K.G,71.14,71.14,71.14,0.0
252,2026,TY,2026Q1,2026-01,2026-01-30,2026-01-30,772,Speech & Language Therapy,paid,Patient,K.G,70.0,70.0,70.0,0.0
253,2026,TY,2026Q1,2026-01,2026-01-31,2026-01-31,773,Speech & Language Therapy,paid,Patient,K.G,70.0,70.0,70.0,0.0
254,2026,TY,2026Q1,2026-01,2026-01-31,2026-01-31,774,Speech & Language Therapy,paid,Patient,K.G,70.0,70.0,70.0,0.0
255,2026,TY,2026Q1,2026-01,2026-01-31,2026-01-31,775,Speech & Language Therapy - No Show,no_charge,Patient,K.G,0.0,0.0,0.0,0.0
256,2026,TY,2026Q1,2026-01,2026-01-31,2026-01-31,776,Speech & Language Therapy - No Show,no_charge,Patient,K.G,0.0,0.0,0.0,0.0
257,2026,TY,2026Q1,2026-02,2026-02-02,2026-02-02,777,Speech & Language Therapy,no_charge,BlueCross BlueShield of Texas,A.P,0.0,0.0,0.0,0.0
258,2026,TY,2026Q1,2026-02,2026-02-02,2026-02-02,777,Speech & Language Therapy,paid,Patient,A.P,68.24,68.24,68.24,0.0
259,2026,TY,2026Q1,2026-02,2026-02-02,2026-02-02,778,Speech & Language Therapy,paid,BlueCross BlueShield of Texas,A.P,43.24,43.24,43.24,0.0
260,2026,TY,2026Q1,2026-02,2026-02-02,2026-02-02,778,Speech & Language Therapy,paid,Patient,A.P,25.0,25.0,25.0,0.0
261,2026,TY,2026Q1,2026-02,2026-02-02,2026-02-02,779,Speech & Language Therapy,paid,Patient,A.P,90.0,90.0,90.0,0.0
262,2026,TY,2026Q1,2026-02,2026-02-02,2026-02-02,780,Speech & Language Therapy,no_charge,Patient,A.P,0.0,0.0,0.0,0.0
263,2026,TY,2026Q1,2026-02,2026-02-02,2026-02-02,780,Speech & Language Therapy,paid,Texas Children's Health Plan,A.P,88.92,88.92,88.92,0.0
264,2026,TY,2026Q1,2026-02,2026-02-02,2026-02-02,781,Speech & Language Therapy - Telehealth,no_charge,Patient,A.P,0.0,0.0,0.0,0.0
265,2026,TY,2026Q1,2026-02,2026-02-02,2026-02-02,781,Speech & Language Therapy - Telehealth,paid,Texas Children's Health Plan,A.P,80.84,80.84,80.84,0.0
266,2026,TY,2026Q1,2026-02,2026-02-02,2026-02-02,782,Speech & Language Therapy,no_charge,Patient,A.P,0.0,0.0,0.0,0.0
267,2026,TY,2026Q1,2026-02,2026-02-02,2026-02-02,782,Speech & Language Therapy,paid,Texas Children's Health Plan,A.P,80.84,80.84,80.84,0.0
268,2026,TY,2026Q1,2026-02,2026-02-03,2026-02-03,783,Speech & Language Therapy,no_charge,Patient,A.P,0.0,0.0,0.0,0.0
269,2026,TY,2026Q1,2026-02,2026-02-03,2026-02-03,783,Speech & Language Therapy,paid,Texas Children's Health Plan,A.P,80.84,80.84,80.84,0.0
270,2026,TY,2026Q1,2026-02,2026-02-03,2026-02-03,784,Speech & Language Therapy,no_charge,Patient,A.P,0.0,0.0,0.0,0.0
271,2026,TY,2026Q1,2026-02,2026-02-03,2026-02-03,784,Speech & Language Therapy,paid,Texas Children's Health Plan,A.P,80.84,80.84,80.84,0.0
272,2026,TY,2026Q1,2026-02,2026-02-03,2026-02-03,785,Speech & Language Therapy,no_charge,Patient,A.P,0.0,0.0,0.0,0.0
273,2026,TY,2026Q1,2026-02,2026-02-03,2026-02-03,785,Speech & Language Therapy,paid,Texas Children's Health Plan,A.P,80.84,80.84,80.84,0.0
274,2026,TY,2026Q1,2026-02,2026-02-03,2026-02-03,786,Speech & Language Therapy,no_charge,Patient,A.P,0.0,0.0,0.0,0.0
275,2026,TY,2026Q1,2026-02,2026-02-03,2026-02-03,786,Speech & Language Therapy,paid,Texas Children's Health Plan,A.P,80.84,80.84,80.84,0.0
276,2026,TY,2026Q1,2026-02,2026-02-03,2026-02-03,787,Speech & Language Therapy,no_charge,Patient,A.P,0.0,0.0,0.0,0.0
277,2026,TY,2026Q1,2026-02,2026-02-03,2026-02-03,787,Speech & Language Therapy,paid,Texas Children's Health Plan,A.P,80.84,80.84,80.84,0.0
278,2026,TY,2026Q1,2026-02,2026-02-03,2026-02-03,788,Speech & Language Therapy,no_charge,Patient,A.P,0.0,0.0,0.0,0.0
279,2026,TY,2026Q1,2026-02,2026-02-03,2026-02-03,788,Speech & Language Therapy,paid,Texas Children's Health Plan,A.P,88.92,88.92,88.92,0.0
280,2026,TY,2026Q1,2026-02,2026-02-03,2026-02-03,789,Speech & Language Therapy,no_charge,Patient,A.P,0.0,0.0,0.0,0.0
281,2026,TY,2026Q1,2026-02,2026-02-03,2026-02-03,789,Speech & Language Therapy,paid,Texas Children's Health Plan,A.P,88.92,88.92,88.92,0.0
282,2026,TY,2026Q1,2026-02,2026-02-03,2026-02-03,790,Speech & Language Therapy,no_charge,Patient,A.P,0.0,0.0,0.0,0.0
283,2026,TY,2026Q1,2026-02,2026-02-03,2026-02-03,790,Speech & Language Therapy,paid,Texas Children's Health Plan,A.P,88.92,88.92,88.92,0.0
284,2026,TY,2026Q1,2026-02,2026-02-04,2026-02-04,791,Speech & Language Therapy,paid,BlueCross BlueShield of Texas,A.P,43.24,43.24,43.24,0.0
285,2026,TY,2026Q1,2026-02,2026-02-04,2026-02-04,791,Speech & Language Therapy,paid,Patient,A.P,25.0,25.0,25.0,0.0
286,2026,TY,2026Q1,2026-02,2026-02-04,2026-02-04,792,Speech & Language Therapy,paid,BlueCross BlueShield of Texas,A.P,3.78,3.78,3.78,0.0
287,2026,TY,2026Q1,2026-02,2026-02-04,2026-02-04,792,Speech & Language Therapy,paid,Patient,A.P,64.46,64.46,64.46,0.0
288,2026,TY,2026Q1,2026-02,2026-02-04,2026-02-04,793,Speech & Language Therapy,no_charge,Patient,A.P,0.0,0.0,0.0,0.0
289,2026,TY,2026Q1,2026-02,2026-02-04,2026-02-04,793,Speech & Language Therapy,paid,Texas Children's Health Plan,A.P,80.84,80.84,80.84,0.0
290,2026,TY,2026Q1,2026-02,2026-02-04,2026-02-04,794,Speech & Language Therapy - Telehealth,no_charge,Patient,A.P,0.0,0.0,0.0,0.0
291,2026,TY,2026Q1,2026-02,2026-02-04,2026-02-04,794,Speech & Language Therapy - Telehealth,paid,Texas Children's Health Plan,A.P,80.84,80.84,80.84,0.0
292,2026,TY,2026Q1,2026-02,2026-02-04,2026-02-04,795,Speech & Language Therapy,no_charge,Patient,K.G,0.0,0.0,0.0,0.0
293,2026,TY,2026Q1,2026-02,2026-02-04,2026-02-04,795,Speech & Language Therapy,paid,Texas Children's Health Plan,K.G,64.67,64.67,64.67,0.0
294,2026,TY,2026Q1,2026-02,2026-02-04,2026-02-04,796,Speech & Language Therapy,no_charge,Patient,K.G,0.0,0.0,0.0,0.0
295,2026,TY,2026Q1,2026-02,2026-02-04,2026-02-04,796,Speech & Language Therapy,paid,Texas Children's Health Plan,K.G,64.67,64.67,64.67,0.0
296,2026,TY,2026Q1,2026-02,2026-02-05,2026-02-05,797,Speech & Language Evaluation,no_charge,Patient,A.P,0.0,0.0,0.0,0.0
297,2026,TY,2026Q1,2026-02,2026-02-05,2026-02-05,797,Speech & Language Evaluation,paid,Texas Children's Health Plan,A.P,127.36,127.36,127.36,0.0
298,2026,TY,2026Q1,2026-02,2026-02-05,2026-02-05,798,"Speech therapy, re-evaluation",no_charge,Patient,A.P,0.0,0.0,0.0,0.0
299,2026,TY,2026Q1,2026-02,2026-02-05,2026-02-05,798,"Speech therapy, re-evaluation",paid,Texas Children's Health Plan,A.P,89.15,89.15,89.15,0.0
300,2026,TY,2026Q1,2026-02,2026-02-05,2026-02-05,799,Speech & Language Therapy,no_charge,Patient,A.P,0.0,0.0,0.0,0.0
301,2026,TY,2026Q1,2026-02,2026-02-05,2026-02-05,799,Speech & Language Therapy,paid,Texas Children's Health Plan,A.P,80.84,80.84,80.84,0.0
302,2026,TY,2026Q1,2026-02,2026-02-05,2026-02-05,800,Speech & Language Therapy,no_charge,Patient,A.P,0.0,0.0,0.0,0.0
303,2026,TY,2026Q1,2026-02,2026-02-05,2026-02-05,800,Speech & Language Therapy,paid,Texas Children's Health Plan,A.P,80.84,80.84,80.84,0.0
304,2026,TY,2026Q1,2026-02,2026-02-05,2026-02-05,801,Speech & Language Therapy - Telehealth,no_charge,Patient,A.P,0.0,0.0,0.0,0.0
305,2026,TY,2026Q1,2026-02,2026-02-05,2026-02-05,801,Speech & Language Therapy - Telehealth,paid,Texas Children's Health Plan,A.P,80.84,80.84,80.84,0.0
306,2026,TY,2026Q1,2026-02,2026-02-05,2026-02-05,802,Speech & Language Therapy,no_charge,Patient,K.G,0.0,0.0,0.0,0.0
307,2026,TY,2026Q1,2026-02,2026-02-05,2026-02-05,802,Speech & Language Therapy,paid,Texas Children's Health Plan,K.G,64.67,64.67,64.67,0.0
308,2026,TY,2026Q1,2026-02,2026-02-05,2026-02-05,803,Speech & Language Therapy,no_charge,Patient,K.G,0.0,0.0,0.0,0.0
309,2026,TY,2026Q1,2026-02,2026-02-05,2026-02-05,803,Speech & Language Therapy,paid,Texas Children's Health Plan,K.G,64.67,64.67,64.67,0.0
310,2026,TY,2026Q1,2026-02,2026-02-05,2026-02-05,804,Speech & Language Therapy,no_charge,Patient,K.G,0.0,0.0,0.0,0.0
311,2026,TY,2026Q1,2026-02,2026-02-05,2026-02-05,804,Speech & Language Therapy,paid,Texas Children's Health Plan,K.G,71.14,71.14,71.14,0.0
312,2026,TY,2026Q1,2026-02,2026-02-05,2026-02-05,805,Speech & Language Therapy,paid,Patient,A.P,90.0,90.0,90.0,0.0
313,2026,TY,2026Q1,2026-02,2026-02-06,2026-02-06,806,Speech & Language Therapy,no_charge,Patient,K.G,0.0,0.0,0.0,0.0
314,2026,TY,2026Q1,2026-02,2026-02-06,2026-02-06,806,Speech & Language Therapy,paid,Texas Children's Health Plan,K.G,64.67,64.67,64.67,0.0
315,2026,TY,2026Q1,2026-02,2026-02-06,2026-02-06,807,Speech & Language Therapy,no_charge,Patient,K.G,0.0,0.0,0.0,0.0
316,2026,TY,2026Q1,2026-02,2026-02-06,2026-02-06,807,Speech & Language Therapy,paid,Texas Children's Health Plan,K.G,64.67,64.67,64.67,0.0
317,2026,TY,2026Q1,2026-02,2026-02-06,2026-02-06,808,Speech & Language Therapy,no_charge,Patient,K.G,0.0,0.0,0.0,0.0
318,2026,TY,2026Q1,2026-02,2026-02-06,2026-02-06,808,Speech & Language Therapy,paid,Texas Children's Health Plan,K.G,71.14,71.14,71.14,0.0
319,2026,TY,2026Q1,2026-02,2026-02-06,2026-02-06,809,Speech & Language Therapy,paid,Patient,K.G,70.0,70.0,70.0,0.0
320,2026,TY,2026Q1,2026-02,2026-02-07,2026-02-07,810,Speech & Language Therapy,paid,Patient,K.G,70.0,70.0,70.0,0.0
321,2026,TY,2026Q1,2026-02,2026-02-07,2026-02-07,811,Speech & Language Therapy,paid,Patient,K.G,70.0,70.0,70.0,0.0
322,2026,TY,2026Q1,2026-02,2026-02-07,2026-02-07,812,Speech & Language Therapy,no_charge,Patient,K.G,0.0,0.0,0.0,0.0
323,2026,TY,2026Q1,2026-02,2026-02-07,2026-02-07,812,Speech & Language Therapy,paid,Texas Children's Health Plan,K.G,64.67,64.67,64.67,0.0
324,2026,TY,2026Q1,2026-02,2026-02-07,2026-02-07,813,Speech & Language Therapy,no_charge,Patient,K.G,0.0,0.0,0.0,0.0
325,2026,TY,2026Q1,2026-02,2026-02-07,2026-02-07,813,Speech & Language Therapy,no_charge,UnitedHealthcare - Medicaid,K.G,0.0,0.0,0.0,0.0
326,2026,TY,2026Q1,2026-02,2026-02-07,2026-02-07,814,Speech & Language Therapy,no_charge,Patient,K.G,0.0,0.0,0.0,0.0
327,2026,TY,2026Q1,2026-02,2026-02-07,2026-02-07,814,Speech & Language Therapy,paid,Texas Children's Health Plan,K.G,64.67,64.67,64.67,0.0
328,2026,TY,2026Q1,2026-02,2026-02-07,2026-02-07,815,Speech & Language Therapy,no_charge,Patient,K.G,0.0,0.0,0.0,0.0
329,2026,TY,2026Q1,2026-02,2026-02-07,2026-02-07,815,Speech & Language Therapy,paid,Texas Children's Health Plan,K.G,64.67,64.67,64.67,0.0
330,2026,TY,2026Q1,2026-02,2026-02-07,2026-02-07,816,Speech & Language Therapy,no_charge,Patient,K.G,0.0,0.0,0.0,0.0
331,2026,TY,2026Q1,2026-02,2026-02-07,2026-02-07,816,Speech & Language Therapy,paid,Texas Children's Health Plan,K.G,64.67,64.67,64.67,0.0
332,2026,TY,2026Q1,2026-02,2026-02-09,2026-02-09,817,Speech & Language Therapy,no_charge,BlueCross BlueShield of Texas,A.P,0.0,0.0,0.0,0.0
333,2026,TY,2026Q1,2026-02,2026-02-09,2026-02-09,817,Speech & Language Therapy,paid,Patient,A.P,68.24,68.24,68.24,0.0
334,2026,TY,2026Q1,2026-02,2026-02-09,2026-02-09,818,Speech & Language Therapy,paid,BlueCross BlueShield of Texas,A.P,43.24,43.24,43.24,0.0
335,2026,TY,2026Q1,2026-02,2026-02-09,2026-02-09,818,Speech & Language Therapy,paid,Patient,A.P,25.0,25.0,25.0,0.0
336,2026,TY,2026Q1,2026-02,2026-02-09,2026-02-09,819,Speech & Language Therapy,paid,Patient,A.P,90.0,90.0,90.0,0.0
337,2026,TY,2026Q1,2026-02,2026-02-09,2026-02-09,820,Speech & Language Therapy,no_charge,Patient,A.P,0.0,0.0,0.0,0.0
338,2026,TY,2026Q1,2026-02,2026-02-09,2026-02-09,820,Speech & Language Therapy,paid,Texas Children's Health Plan,A.P,88.92,88.92,88.92,0.0
339,2026,TY,2026Q1,2026-02,2026-02-09,2026-02-09,821,Speech & Language Therapy,no_charge,Patient,A.P,0.0,0.0,0.0,0.0
340,2026,TY,2026Q1,2026-02,2026-02-09,2026-02-09,821,Speech & Language Therapy,paid,Texas Children's Health Plan,A.P,88.92,88.92,88.92,0.0
341,2026,TY,2026Q1,2026-02,2026-02-09,2026-02-09,822,Speech & Language Therapy,no_charge,Patient,A.P,0.0,0.0,0.0,0.0
342,2026,TY,2026Q1,2026-02,2026-02-09,2026-02-09,822,Speech & Language Therapy,paid,Texas Children's Health Plan,A.P,80.84,80.84,80.84,0.0
343,2026,TY,2026Q1,2026-02,2026-02-09,2026-02-09,823,Speech & Language Therapy - Telehealth,no_charge,Patient,T.V,0.0,0.0,0.0,0.0
344,2026,TY,2026Q1,2026-02,2026-02-09,2026-02-09,823,Speech & Language Therapy - Telehealth,paid,Texas Children's Health Plan,T.V,64.67,64.67,64.67,0.0
345,2026,TY,2026Q1,2026-02,2026-02-10,2026-02-10,824,Speech & Language Therapy,no_charge,Patient,A.P,0.0,0.0,0.0,0.0
346,2026,TY,2026Q1,2026-02,2026-02-10,2026-02-10,824,Speech & Language Therapy,paid,Texas Children's Health Plan,A.P,80.84,80.84,80.84,0.0
347,2026,TY,2026Q1,2026-02,2026-02-10,2026-02-10,825,Speech & Language Therapy - No Show,no_charge,Patient,A.P,0.0,0.0,0.0,0.0
348,2026,TY,2026Q1,2026-02,2026-02-10,2026-02-10,826,Speech & Language Therapy,no_charge,Patient,A.P,0.0,0.0,0.0,0.0
349,2026,TY,2026Q1,2026-02,2026-02-10,2026-02-10,826,Speech & Language Therapy,paid,Texas Children's Health Plan,A.P,80.84,80.84,80.84,0.0
350,2026,TY,2026Q1,2026-02,2026-02-10,2026-02-10,827,Speech & Language Therapy,no_charge,Patient,A.P,0.0,0.0,0.0,0.0
351,2026,TY,2026Q1,2026-02,2026-02-10,2026-02-10,827,Speech & Language Therapy,paid,Texas Children's Health Plan,A.P,80.84,80.84,80.84,0.0
352,2026,TY,2026Q1,2026-02,2026-02-10,2026-02-10,828,Speech & Language Therapy,no_charge,Patient,A.P,0.0,0.0,0.0,0.0
353,2026,TY,2026Q1,2026-02,2026-02-10,2026-02-10,828,Speech & Language Therapy,paid,Texas Children's Health Plan,A.P,80.84,80.84,80.84,0.0
354,2026,TY,2026Q1,2026-02,2026-02-10,2026-02-10,829,Speech & Language Therapy,no_charge,Patient,A.P,0.0,0.0,0.0,0.0
355,2026,TY,2026Q1,2026-02,2026-02-10,2026-02-10,829,Speech & Language Therapy,paid,Texas Children's Health Plan,A.P,80.84,80.84,80.84,0.0
356,2026,TY,2026Q1,2026-02,2026-02-10,2026-02-10,830,Speech & Language Therapy,no_charge,Patient,A.P,0.0,0.0,0.0,0.0
357,2026,TY,2026Q1,2026-02,2026-02-10,2026-02-10,830,Speech & Language Therapy,paid,Texas Children's Health Plan,A.P,88.92,88.92,88.92,0.0
358,2026,TY,2026Q1,2026-02,2026-02-11,2026-02-11,831,Speech & Language Therapy,no_charge,BlueCross BlueShield of Texas,A.P,0.0,0.0,0.0,0.0
359,2026,TY,2026Q1,2026-02,2026-02-11,2026-02-11,831,Speech & Language Therapy,paid,Patient,A.P,68.24,68.24,68.24,0.0
360,2026,TY,2026Q1,2026-02,2026-02-11,2026-02-11,832,Speech & Language Therapy,paid,BlueCross BlueShield of Texas,A.P,43.24,43.24,43.24,0.0
361,2026,TY,2026Q1,2026-02,2026-02-11,2026-02-11,832,Speech & Language Therapy,paid,Patient,A.P,25.0,25.0,25.0,0.0
362,2026,TY,2026Q1,2026-02,2026-02-11,2026-02-11,833,Speech & Language Therapy,paid,Patient,A.P,90.0,90.0,90.0,0.0
363,2026,TY,2026Q1,2026-02,2026-02-11,2026-02-11,834,Speech & Language Therapy - No Show,no_charge,Patient,A.P,0.0,0.0,0.0,0.0
364,2026,TY,2026Q1,2026-02,2026-02-11,2026-02-11,835,Speech & Language Therapy,no_charge,Patient,A.P,0.0,0.0,0.0,0.0
365,2026,TY,2026Q1,2026-02,2026-02-11,2026-02-11,835,Speech & Language Therapy,paid,Texas Children's Health Plan,A.P,80.84,80.84,80.84,0.0
366,2026,TY,2026Q1,2026-02,2026-02-11,2026-02-11,836,Speech & Language Therapy - Telehealth,no_charge,Patient,A.P,0.0,0.0,0.0,0.0
367,2026,TY,2026Q1,2026-02,2026-02-11,2026-02-11,836,Speech & Language Therapy - Telehealth,paid,Texas Children's Health Plan,A.P,80.84,80.84,80.84,0.0
368,2026,TY,2026Q1,2026-02,2026-02-11,2026-02-11,837,Speech & Language Therapy - Telehealth,no_charge,Patient,K.G,0.0,0.0,0.0,0.0
369,2026,TY,2026Q1,2026-02,2026-02-11,2026-02-11,837,Speech & Language Therapy - Telehealth,paid,Texas Children's Health Plan,K.G,64.67,64.67,64.67,0.0
370,2026,TY,2026Q1,2026-02,2026-02-11,2026-02-11,838,Speech & Language Therapy,no_charge,Patient,K.G,0.0,0.0,0.0,0.0
371,2026,TY,2026Q1,2026-02,2026-02-11,2026-02-11,838,Speech & Language Therapy,paid,UnitedHealthcare - Medicaid,K.G,68.98,68.98,68.98,0.0
372,2026,TY,2026Q1,2026-02,2026-02-11,2026-02-11,839,Speech & Language Therapy,no_charge,Patient,K.G,0.0,0.0,0.0,0.0
373,2026,TY,2026Q1,2026-02,2026-02-11,2026-02-11,839,Speech & Language Therapy,paid,Texas Children's Health Plan,K.G,64.67,64.67,64.67,0.0
374,2026,TY,2026Q1,2026-02,2026-02-11,2026-02-11,840,Speech & Language Therapy,no_charge,Patient,K.G,0.0,0.0,0.0,0.0
375,2026,TY,2026Q1,2026-02,2026-02-11,2026-02-11,840,Speech & Language Therapy,paid,Texas Children's Health Plan,K.G,64.67,64.67,64.67,0.0
376,2026,TY,2026Q1,2026-02,2026-02-12,2026-02-12,841,Speech & Language Therapy,paid,BlueCross BlueShield of Texas,A.P,54.6,54.6,54.6,0.0
377,2026,TY,2026Q1,2026-02,2026-02-12,2026-02-12,841,Speech & Language Therapy,paid,Patient,A.P,13.64,13.64,13.64,0.0
378,2026,TY,2026Q1,2026-02,2026-02-12,2026-02-12,842,Speech & Language Therapy,no_charge,Patient,A.P,0.0,0.0,0.0,0.0
379,2026,TY,2026Q1,2026-02,2026-02-12,2026-02-12,842,Speech & Language Therapy,paid,Texas Children's Health Plan,A.P,80.84,80.84,80.84,0.0
380,2026,TY,2026Q1,2026-02,2026-02-12,2026-02-12,843,Speech & Language Therapy,no_charge,Patient,A.P,0.0,0.0,0.0,0.0
381,2026,TY,2026Q1,2026-02,2026-02-12,2026-02-12,843,Speech & Language Therapy,paid,Texas Children's Health Plan,A.P,80.84,80.84,80.84,0.0
382,2026,TY,2026Q1,2026-02,2026-02-12,2026-02-12,844,Speech & Language Therapy,no_charge,Patient,A.P,0.0,0.0,0.0,0.0
383,2026,TY,2026Q1,2026-02,2026-02-12,2026-02-12,844,Speech & Language Therapy,paid,Texas Children's Health Plan,A.P,80.84,80.84,80.84,0.0
384,2026,TY,2026Q1,2026-02,2026-02-12,2026-02-12,845,Speech & Language Therapy,no_charge,Patient,A.P,0.0,0.0,0.0,0.0
385,2026,TY,2026Q1,2026-02,2026-02-12,2026-02-12,845,Speech & Language Therapy,paid,Texas Children's Health Plan,A.P,80.84,80.84,80.84,0.0
386,2026,TY,2026Q1,2026-02,2026-02-12,2026-02-12,846,Speech & Language Therapy,no_charge,Patient,A.P,0.0,0.0,0.0,0.0
387,2026,TY,2026Q1,2026-02,2026-02-12,2026-02-12,846,Speech & Language Therapy,paid,Texas Children's Health Plan,A.P,80.84,80.84,80.84,0.0
388,2026,TY,2026Q1,2026-02,2026-02-12,2026-02-12,847,Speech & Language Therapy,no_charge,Patient,A.P,0.0,0.0,0.0,0.0
389,2026,TY,2026Q1,2026-02,2026-02-12,2026-02-12,847,Speech & Language Therapy,paid,Texas Children's Health Plan,A.P,88.92,88.92,88.92,0.0
390,2026,TY,2026Q1,2026-02,2026-02-12,2026-02-12,848,Speech & Language Therapy,no_charge,Patient,K.G,0.0,0.0,0.0,0.0
391,2026,TY,2026Q1,2026-02,2026-02-12,2026-02-12,848,Speech & Language Therapy,paid,Texas Children's Health Plan,K.G,64.67,64.67,64.67,0.0
392,2026,TY,2026Q1,2026-02,2026-02-12,2026-02-12,849,Speech & Language Therapy,no_charge,Patient,K.G,0.0,0.0,0.0,0.0
393,2026,TY,2026Q1,2026-02,2026-02-12,2026-02-12,849,Speech & Language Therapy,paid,Texas Children's Health Plan,K.G,64.67,64.67,64.67,0.0
394,2026,TY,2026Q1,2026-02,2026-02-12,2026-02-12,850,"Speech therapy, re-evaluation",no_charge,Patient,A.P,0.0,0.0,0.0,0.0
395,2026,TY,2026Q1,2026-02,2026-02-12,2026-02-12,850,"Speech therapy, re-evaluation",paid,Texas Children's Health Plan,A.P,89.15,89.15,89.15,0.0
396,2026,TY,2026Q1,2026-02,2026-02-12,2026-02-12,851,Speech & Language Therapy,no_charge,Patient,K.G,0.0,0.0,0.0,0.0
397,2026,TY,2026Q1,2026-02,2026-02-12,2026-02-12,851,Speech & Language Therapy,paid,Texas Children's Health Plan,K.G,71.14,71.14,71.14,0.0
398,2026,TY,2026Q1,2026-02,2026-02-12,2026-02-12,852,Speech & Language Therapy - Telehealth,no_charge,Patient,T.V,0.0,0.0,0.0,0.0
399,2026,TY,2026Q1,2026-02,2026-02-12,2026-02-12,852,Speech & Language Therapy - Telehealth,paid,Texas Children's Health Plan,T.V,64.67,64.67,64.67,0.0
400,2026,TY,2026Q1,2026-02,2026-02-12,2026-02-12,853,Speech & Language Therapy,paid,Patient,T.V,70.0,70.0,70.0,0.0
401,2026,TY,2026Q1,2026-02,2026-02-13,2026-02-13,854,Speech & Language Evaluation,no_charge,Patient,A.P,0.0,0.0,0.0,0.0
402,2026,TY,2026Q1,2026-02,2026-02-13,2026-02-13,854,Speech & Language Evaluation,paid,Texas Children's Health Plan,A.P,140.09,140.09,140.09,0.0
403,2026,TY,2026Q1,2026-02,2026-02-13,2026-02-13,855,Speech & Language Evaluation,no_charge,Patient,A.P,0.0,0.0,0.0,0.0
404,2026,TY,2026Q1,2026-02,2026-02-13,2026-02-13,855,Speech & Language Evaluation,paid,Texas Children's Health Plan,A.P,140.09,140.09,140.09,0.0
405,2026,TY,2026Q1,2026-02,2026-02-13,2026-02-13,856,Speech & Language Therapy,no_charge,Patient,K.G,0.0,0.0,0.0,0.0
406,2026,TY,2026Q1,2026-02,2026-02-13,2026-02-13,856,Speech & Language Therapy,paid,Texas Children's Health Plan,K.G,64.67,64.67,64.67,0.0
407,2026,TY,2026Q1,2026-02,2026-02-13,2026-02-13,857,Speech & Language Therapy,no_charge,Patient,K.G,0.0,0.0,0.0,0.0
408,2026,TY,2026Q1,2026-02,2026-02-13,2026-02-13,857,Speech & Language Therapy,paid,Texas Children's Health Plan,K.G,64.67,64.67,64.67,0.0
409,2026,TY,2026Q1,2026-02,2026-02-13,2026-02-13,858,Speech & Language Therapy,paid,Patient,K.G,70.0,70.0,70.0,0.0
410,2026,TY,2026Q1,2026-02,2026-02-14,2026-02-14,859,Speech & Language Therapy,paid,Patient,K.G,70.0,70.0,70.0,0.0
411,2026,TY,2026Q1,2026-02,2026-02-14,2026-02-14,860,Speech & Language Therapy,no_charge,Patient,K.G,0.0,0.0,0.0,0.0
412,2026,TY,2026Q1,2026-02,2026-02-14,2026-02-14,860,Speech & Language Therapy,paid,Texas Children's Health Plan,K.G,64.67,64.67,64.67,0.0
413,2026,TY,2026Q1,2026-02,2026-02-14,2026-02-14,861,Speech & Language Therapy,no_charge,Patient,K.G,0.0,0.0,0.0,0.0
414,2026,TY,2026Q1,2026-02,2026-02-14,2026-02-14,861,Speech & Language Therapy,paid,UnitedHealthcare - Medicaid,K.G,68.98,68.98,68.98,0.0
415,2026,TY,2026Q1,2026-02,2026-02-14,2026-02-14,862,Speech & Language Therapy - Telehealth,no_charge,Patient,K.G,0.0,0.0,0.0,0.0
416,2026,TY,2026Q1,2026-02,2026-02-14,2026-02-14,862,Speech & Language Therapy - Telehealth,paid,Texas Children's Health Plan,K.G,64.67,64.67,64.67,0.0
417,2026,TY,2026Q1,2026-02,2026-02-14,2026-02-14,863,Speech & Language Therapy,paid,Patient,K.G,70.0,70.0,70.0,0.0
418,2026,TY,2026Q1,2026-02,2026-02-14,2026-02-14,864,Speech & Language Therapy,no_charge,Patient,K.G,0.0,0.0,0.0,0.0
419,2026,TY,2026Q1,2026-02,2026-02-14,2026-02-14,864,Speech & Language Therapy,paid,Texas Children's Health Plan,K.G,64.67,64.67,64.67,0.0
420,2026,TY,2026Q1,2026-02,2026-02-14,2026-02-14,865,Speech & Language Therapy - No Show,no_charge,Patient,K.G,0.0,0.0,0.0,0.0
421,2026,TY,2026Q1,2026-02,2026-02-14,2026-02-14,866,Speech & Language Therapy - No Show,no_charge,Patient,K.G,0.0,0.0,0.0,0.0
422,2026,TY,2026Q1,2026-02,2026-02-16,2026-02-16,867,Speech & Language Therapy,no_charge,BlueCross BlueShield of Texas,A.P,0.0,0.0,0.0,0.0
423,2026,TY,2026Q1,2026-02,2026-02-16,2026-02-16,867,Speech & Language Therapy,paid,Patient,A.P,68.24,68.24,68.24,0.0
424,2026,TY,2026Q1,2026-02,2026-02-16,2026-02-16,868,Speech & Language Therapy,paid,BlueCross BlueShield of Texas,A.P,43.24,43.24,43.24,0.0
425,2026,TY,2026Q1,2026-02,2026-02-16,2026-02-16,868,Speech & Language Therapy,paid,Patient,A.P,25.0,25.0,25.0,0.0
426,2026,TY,2026Q1,2026-02,2026-02-16,2026-02-16,869,Speech & Language Therapy - No Show,no_charge,Patient,A.P,0.0,0.0,0.0,0.0
427,2026,TY,2026Q1,2026-02,2026-02-16,2026-02-16,870,Speech & Language Therapy,no_charge,Patient,A.P,0.0,0.0,0.0,0.0
428,2026,TY,2026Q1,2026-02,2026-02-16,2026-02-16,870,Speech & Language Therapy,paid,Texas Children's Health Plan,A.P,88.92,88.92,88.92,0.0
429,2026,TY,2026Q1,2026-02,2026-02-16,2026-02-16,871,Speech & Language Therapy,no_charge,Patient,A.P,0.0,0.0,0.0,0.0
430,2026,TY,2026Q1,2026-02,2026-02-16,2026-02-16,871,Speech & Language Therapy,paid,Texas Children's Health Plan,A.P,88.92,88.92,88.92,0.0
431,2026,TY,2026Q1,2026-02,2026-02-16,2026-02-16,872,Speech & Language Therapy,no_charge,Patient,A.P,0.0,0.0,0.0,0.0
432,2026,TY,2026Q1,2026-02,2026-02-16,2026-02-16,872,Speech & Language Therapy,paid,Texas Children's Health Plan,A.P,80.84,80.84,80.84,0.0
433,2026,TY,2026Q1,2026-02,2026-02-17,2026-02-17,873,Speech & Language Therapy - No Show,no_charge,Patient,A.P,0.0,0.0,0.0,0.0
434,2026,TY,2026Q1,2026-02,2026-02-17,2026-02-17,874,Speech & Language Therapy,no_charge,Patient,A.P,0.0,0.0,0.0,0.0
435,2026,TY,2026Q1,2026-02,2026-02-17,2026-02-17,874,Speech & Language Therapy,paid,Texas Children's Health Plan,A.P,80.84,80.84,80.84,0.0
436,2026,TY,2026Q1,2026-02,2026-02-17,2026-02-17,875,Speech & Language Therapy,no_charge,Patient,A.P,0.0,0.0,0.0,0.0
437,2026,TY,2026Q1,2026-02,2026-02-17,2026-02-17,875,Speech & Language Therapy,paid,Texas Children's Health Plan,A.P,80.84,80.84,80.84,0.0
438,2026,TY,2026Q1,2026-02,2026-02-17,2026-02-17,876,Speech & Language Therapy,no_charge,Patient,A.P,0.0,0.0,0.0,0.0
439,2026,TY,2026Q1,2026-02,2026-02-17,2026-02-17,876,Speech & Language Therapy,paid,Texas Children's Health Plan,A.P,80.84,80.84,80.84,0.0
440,2026,TY,2026Q1,2026-02,2026-02-17,2026-02-17,877,Speech & Language Therapy,no_charge,Patient,A.P,0.0,0.0,0.0,0.0
441,2026,TY,2026Q1,2026-02,2026-02-17,2026-02-17,877,Speech & Language Therapy,paid,Texas Children's Health Plan,A.P,88.92,88.92,88.92,0.0
442,2026,TY,2026Q1,2026-02,2026-02-17,2026-02-17,878,Speech & Language Therapy,no_charge,Patient,A.P,0.0,0.0,0.0,0.0
443,2026,TY,2026Q1,2026-02,2026-02-17,2026-02-17,878,Speech & Language Therapy,paid,Texas Children's Health Plan,A.P,88.92,88.92,88.92,0.0
444,2026,TY,2026Q1,2026-02,2026-02-18,2026-02-18,879,Speech & Language Therapy,no_charge,BlueCross BlueShield of Texas,A.P,0.0,0.0,0.0,0.0
445,2026,TY,2026Q1,2026-02,2026-02-18,2026-02-18,879,Speech & Language Therapy,paid,Patient,A.P,68.24,68.24,68.24,0.0
446,2026,TY,2026Q1,2026-02,2026-02-18,2026-02-18,880,Speech & Language Therapy,paid,BlueCross BlueShield of Texas,A.P,43.24,43.24,43.24,0.0
447,2026,TY,2026Q1,2026-02,2026-02-18,2026-02-18,880,Speech & Language Therapy,paid,Patient,A.P,25.0,25.0,25.0,0.0
448,2026,TY,2026Q1,2026-02,2026-02-18,2026-02-18,881,Speech & Language Therapy,paid,Patient,A.P,90.0,90.0,90.0,0.0
449,2026,TY,2026Q1,2026-02,2026-02-18,2026-02-18,882,Speech & Language Therapy,paid,BlueCross BlueShield of Texas,A.P,54.6,54.6,54.6,0.0
450,2026,TY,2026Q1,2026-02,2026-02-18,2026-02-18,882,Speech & Language Therapy,paid,Patient,A.P,13.64,13.64,13.64,0.0
451,2026,TY,2026Q1,2026-02,2026-02-18,2026-02-18,883,Speech & Language Therapy,no_charge,Patient,A.P,0.0,0.0,0.0,0.0
452,2026,TY,2026Q1,2026-02,2026-02-18,2026-02-18,883,Speech & Language Therapy,paid,Texas Children's Health Plan,A.P,88.92,88.92,88.92,0.0
453,2026,TY,2026Q1,2026-02,2026-02-18,2026-02-18,884,Speech & Language Therapy,no_charge,Patient,A.P,0.0,0.0,0.0,0.0
454,2026,TY,2026Q1,2026-02,2026-02-18,2026-02-18,884,Speech & Language Therapy,paid,Texas Children's Health Plan,A.P,80.84,80.84,80.84,0.0
455,2026,TY,2026Q1,2026-02,2026-02-18,2026-02-18,885,Speech & Language Therapy,no_charge,Patient,K.G,0.0,0.0,0.0,0.0
456,2026,TY,2026Q1,2026-02,2026-02-18,2026-02-18,885,Speech & Language Therapy,paid,UnitedHealthcare - Medicaid,K.G,68.98,68.98,68.98,0.0
457,2026,TY,2026Q1,2026-02,2026-02-18,2026-02-18,886,Speech & Language Therapy,no_charge,Patient,K.G,0.0,0.0,0.0,0.0
458,2026,TY,2026Q1,2026-02,2026-02-18,2026-02-18,886,Speech & Language Therapy,paid,Texas Children's Health Plan,K.G,64.67,64.67,64.67,0.0
459,2026,TY,2026Q1,2026-02,2026-02-18,2026-02-18,887,Speech & Language Therapy,no_charge,Patient,K.G,0.0,0.0,0.0,0.0
460,2026,TY,2026Q1,2026-02,2026-02-18,2026-02-18,887,Speech & Language Therapy,paid,Texas Children's Health Plan,K.G,64.67,64.67,64.67,0.0
461,2026,TY,2026Q1,2026-02,2026-02-19,2026-02-19,888,Speech & Language Therapy,paid,BlueCross BlueShield of Texas,A.P,54.6,54.6,54.6,0.0
462,2026,TY,2026Q1,2026-02,2026-02-19,2026-02-19,888,Speech & Language Therapy,paid,Patient,A.P,13.64,13.64,13.64,0.0
463,2026,TY,2026Q1,2026-02,2026-02-19,2026-02-19,889,Speech & Language Therapy,no_charge,Patient,A.P,0.0,0.0,0.0,0.0
464,2026,TY,2026Q1,2026-02,2026-02-19,2026-02-19,889,Speech & Language Therapy,paid,Texas Children's Health Plan,A.P,80.84,80.84,80.84,0.0
465,2026,TY,2026Q1,2026-02,2026-02-19,2026-02-19,890,Speech & Language Therapy,no_charge,Patient,A.P,0.0,0.0,0.0,0.0
466,2026,TY,2026Q1,2026-02,2026-02-19,2026-02-19,890,Speech & Language Therapy,paid,Texas Children's Health Plan,A.P,80.84,80.84,80.84,0.0
467,2026,TY,2026Q1,2026-02,2026-02-19,2026-02-19,891,Speech & Language Therapy,no_charge,Patient,A.P,0.0,0.0,0.0,0.0
468,2026,TY,2026Q1,2026-02,2026-02-19,2026-02-19,891,Speech & Language Therapy,paid,Texas Children's Health Plan,A.P,88.92,88.92,88.92,0.0
469,2026,TY,2026Q1,2026-02,2026-02-19,2026-02-19,892,Speech & Language Therapy,no_charge,Patient,A.P,0.0,0.0,0.0,0.0
470,2026,TY,2026Q1,2026-02,2026-02-19,2026-02-19,892,Speech & Language Therapy,paid,Texas Children's Health Plan,A.P,88.92,88.92,88.92,0.0
471,2026,TY,2026Q1,2026-02,2026-02-19,2026-02-19,893,Speech & Language Therapy,no_charge,Patient,K.G,0.0,0.0,0.0,0.0
472,2026,TY,2026Q1,2026-02,2026-02-19,2026-02-19,893,Speech & Language Therapy,paid,Texas Children's Health Plan,K.G,64.67,64.67,64.67,0.0
473,2026,TY,2026Q1,2026-02,2026-02-19,2026-02-19,894,Speech & Language Therapy,no_charge,Patient,K.G,0.0,0.0,0.0,0.0
474,2026,TY,2026Q1,2026-02,2026-02-19,2026-02-19,894,Speech & Language Therapy,paid,Texas Children's Health Plan,K.G,64.67,64.67,64.67,0.0
475,2026,TY,2026Q1,2026-02,2026-02-19,2026-02-19,895,Speech & Language Therapy,no_charge,Patient,K.G,0.0,0.0,0.0,0.0
476,2026,TY,2026Q1,2026-02,2026-02-19,2026-02-19,895,Speech & Language Therapy,paid,Texas Children's Health Plan,K.G,71.14,71.14,71.14,0.0
477,2026,TY,2026Q1,2026-02,2026-02-19,2026-02-19,896,Speech & Language Therapy - Telehealth,no_charge,Patient,T.V,0.0,0.0,0.0,0.0
478,2026,TY,2026Q1,2026-02,2026-02-19,2026-02-19,896,Speech & Language Therapy - Telehealth,paid,Texas Children's Health Plan,T.V,64.67,64.67,64.67,0.0
479,2026,TY,2026Q1,2026-02,2026-02-19,2026-02-19,897,Speech & Language Therapy,paid,Patient,T.V,70.0,70.0,70.0,0.0
480,2026,TY,2026Q1,2026-02,2026-02-20,2026-02-20,898,"Speech Therapy, Re-evaluation - Telehealth",no_charge,Patient,A.P,0.0,0.0,0.0,0.0
481,2026,TY,2026Q1,2026-02,2026-02-20,2026-02-20,898,"Speech Therapy, Re-evaluation - Telehealth",paid,Texas Children's Health Plan,A.P,89.15,89.15,89.15,0.0
482,2026,TY,2026Q1,2026-02,2026-02-20,2026-02-20,899,Speech & Language Therapy,no_charge,Patient,K.G,0.0,0.0,0.0,0.0
483,2026,TY,2026Q1,2026-02,2026-02-20,2026-02-20,899,Speech & Language Therapy,paid,Texas Children's Health Plan,K.G,64.67,64.67,64.67,0.0
484,2026,TY,2026Q1,2026-02,2026-02-20,2026-02-20,900,Speech & Language Therapy,no_charge,Patient,K.G,0.0,0.0,0.0,0.0
485,2026,TY,2026Q1,2026-02,2026-02-20,2026-02-20,900,Speech & Language Therapy,paid,Texas Children's Health Plan,K.G,64.67,64.67,64.67,0.0
486,2026,TY,2026Q1,2026-02,2026-02-20,2026-02-20,901,Speech & Language Therapy,no_charge,Patient,K.G,0.0,0.0,0.0,0.0
487,2026,TY,2026Q1,2026-02,2026-02-20,2026-02-20,901,Speech & Language Therapy,paid,Texas Children's Health Plan,K.G,71.14,71.14,71.14,0.0
488,2026,TY,2026Q1,2026-02,2026-02-20,2026-02-20,902,Speech & Language Therapy,paid,Patient,K.G,70.0,70.0,70.0,0.0
489,2026,TY,2026Q1,2026-02,2026-02-21,2026-02-21,903,Speech & Language Therapy,paid,Patient,K.G,70.0,70.0,70.0,0.0
490,2026,TY,2026Q1,2026-02,2026-02-21,2026-02-21,904,Speech & Language Therapy,no_charge,Patient,K.G,0.0,0.0,0.0,0.0
491,2026,TY,2026Q1,2026-02,2026-02-21,2026-02-21,904,Speech & Language Therapy,paid,Texas Children's Health Plan,K.G,64.67,64.67,64.67,0.0
492,2026,TY,2026Q1,2026-02,2026-02-21,2026-02-21,905,Speech & Language Therapy,no_charge,Patient,K.G,0.0,0.0,0.0,0.0
493,2026,TY,2026Q1,2026-02,2026-02-21,2026-02-21,905,Speech & Language Therapy,paid,Texas Children's Health Plan,K.G,64.67,64.67,64.67,0.0
494,2026,TY,2026Q1,2026-02,2026-02-21,2026-02-21,906,Speech & Language Therapy,no_charge,Patient,K.G,0.0,0.0,0.0,0.0
495,2026,TY,2026Q1,2026-02,2026-02-21,2026-02-21,906,Speech & Language Therapy,paid,UnitedHealthcare - Medicaid,K.G,68.98,68.98,68.98,0.0
496,2026,TY,2026Q1,2026-02,2026-02-21,2026-02-21,907,Speech & Language Therapy,no_charge,Patient,K.G,0.0,0.0,0.0,0.0
497,2026,TY,2026Q1,2026-02,2026-02-21,2026-02-21,907,Speech & Language Therapy,paid,Texas Children's Health Plan,K.G,64.67,64.67,64.67,0.0
498,2026,TY,2026Q1,2026-02,2026-02-21,2026-02-21,908,Speech & Language Therapy,paid,Patient,K.G,70.0,70.0,70.0,0.0
499,2026,TY,2026Q1,2026-02,2026-02-21,2026-02-21,909,Speech & Language Therapy,no_charge,Patient,K.G,0.0,0.0,0.0,0.0
500,2026,TY,2026Q1,2026-02,2026-02-21,2026-02-21,909,Speech & Language Therapy,paid,Texas Children's Health Plan,K.G,64.67,64.67,64.67,0.0
501,2026,TY,2026Q1,2026-02,2026-02-23,2026-02-23,910,Speech & Language Evaluation - Telehealth,no_charge,Patient,A.P,0.0,0.0,0.0,0.0
502,2026,TY,2026Q1,2026-02,2026-02-23,2026-02-23,910,Speech & Language Evaluation - Telehealth,paid,Texas Children's Health Plan - CHIP,A.P,127.36,127.36,127.36,0.0
503,2026,TY,2026Q1,2026-02,2026-02-23,2026-02-23,911,Speech & Language Therapy,no_charge,BlueCross BlueShield of Texas,A.P,0.0,0.0,0.0,0.0
504,2026,TY,2026Q1,2026-02,2026-02-23,2026-02-23,911,Speech & Language Therapy,paid,Patient,A.P,68.24,68.24,68.24,0.0
505,2026,TY,2026Q1,2026-02,2026-02-23,2026-02-23,912,Speech & Language Therapy,paid,BlueCross BlueShield of Texas,A.P,43.24,43.24,43.24,0.0
506,2026,TY,2026Q1,2026-02,2026-02-23,2026-02-23,912,Speech & Language Therapy,paid,Patient,A.P,25.0,25.0,25.0,0.0
507,2026,TY,2026Q1,2026-02,2026-02-23,2026-02-23,913,Speech & Language Therapy,no_charge,Patient,A.P,0.0,0.0,0.0,0.0
508,2026,TY,2026Q1,2026-02,2026-02-23,2026-02-23,913,Speech & Language Therapy,paid,Texas Children's Health Plan,A.P,88.92,88.92,88.92,0.0
509,2026,TY,2026Q1,2026-02,2026-02-23,2026-02-23,940,Speech & Language Therapy - Telehealth,no_charge,Patient,T.V,0.0,0.0,0.0,0.0
510,2026,TY,2026Q1,2026-02,2026-02-23,2026-02-23,940,Speech & Language Therapy - Telehealth,paid,Texas Children's Health Plan,T.V,64.67,64.67,64.67,0.0
511,2026,TY,2026Q1,2026-02,2026-02-24,2026-02-24,914,Speech & Language Therapy,no_charge,Patient,A.P,0.0,0.0,0.0,0.0
512,2026,TY,2026Q1,2026-02,2026-02-24,2026-02-24,914,Speech & Language Therapy,paid,Texas Children's Health Plan,A.P,80.84,80.84,80.84,0.0
513,2026,TY,2026Q1,2026-02,2026-02-24,2026-02-24,915,Speech & Language Therapy - No Show,no_charge,Patient,A.P,0.0,0.0,0.0,0.0
514,2026,TY,2026Q1,2026-02,2026-02-24,2026-02-24,916,Speech & Language Therapy - No Show,no_charge,Patient,A.P,0.0,0.0,0.0,0.0
515,2026,TY,2026Q1,2026-02,2026-02-24,2026-02-24,919,Speech & Language Therapy,no_charge,Patient,A.P,0.0,0.0,0.0,0.0
516,2026,TY,2026Q1,2026-02,2026-02-24,2026-02-24,919,Speech & Language Therapy,paid,Texas Children's Health Plan,A.P,80.84,80.84,80.84,0.0
517,2026,TY,2026Q1,2026-02,2026-02-24,2026-02-24,920,Speech & Language Therapy,no_charge,Patient,A.P,0.0,0.0,0.0,0.0
518,2026,TY,2026Q1,2026-02,2026-02-24,2026-02-24,920,Speech & Language Therapy,paid,Texas Children's Health Plan,A.P,88.92,88.92,88.92,0.0
519,2026,TY,2026Q1,2026-02,2026-02-24,2026-02-24,921,Speech & Language Therapy,no_charge,Patient,A.P,0.0,0.0,0.0,0.0
520,2026,TY,2026Q1,2026-02,2026-02-24,2026-02-24,921,Speech & Language Therapy,paid,Texas Children's Health Plan,A.P,88.92,88.92,88.92,0.0
521,2026,TY,2026Q1,2026-02,2026-02-24,2026-02-24,922,Speech & Language Therapy,no_charge,Patient,A.P,0.0,0.0,0.0,0.0
522,2026,TY,2026Q1,2026-02,2026-02-24,2026-02-24,922,Speech & Language Therapy,paid,Texas Children's Health Plan,A.P,88.92,88.92,88.92,0.0
523,2026,TY,2026Q1,2026-02,2026-02-25,2026-02-25,917,Speech & Language Therapy,no_charge,BlueCross BlueShield of Texas,A.P,0.0,0.0,0.0,0.0
524,2026,TY,2026Q1,2026-02,2026-02-25,2026-02-25,917,Speech & Language Therapy,paid,Patient,A.P,68.24,68.24,68.24,0.0
525,2026,TY,2026Q1,2026-02,2026-02-25,2026-02-25,918,Speech & Language Therapy,paid,BlueCross BlueShield of Texas,A.P,43.24,43.24,43.24,0.0
526,2026,TY,2026Q1,2026-02,2026-02-25,2026-02-25,918,Speech & Language Therapy,paid,Patient,A.P,25.0,25.0,25.0,0.0
527,2026,TY,2026Q1,2026-02,2026-02-25,2026-02-25,923,Speech & Language Therapy - Telehealth,no_charge,Patient,A.P,0.0,0.0,0.0,0.0
528,2026,TY,2026Q1,2026-02,2026-02-25,2026-02-25,923,Speech & Language Therapy - Telehealth,paid,Texas Children's Health Plan,A.P,80.84,80.84,80.84,0.0
529,2026,TY,2026Q1,2026-02,2026-02-25,2026-02-25,924,Speech & Language Therapy,no_charge,Patient,K.G,0.0,0.0,0.0,0.0
530,2026,TY,2026Q1,2026-02,2026-02-25,2026-02-25,924,Speech & Language Therapy,paid,UnitedHealthcare - Medicaid,K.G,68.98,68.98,68.98,0.0
531,2026,TY,2026Q1,2026-02,2026-02-25,2026-02-25,925,Speech & Language Therapy,paid,Patient,A.P,90.0,90.0,90.0,0.0
532,2026,TY,2026Q1,2026-02,2026-02-25,2026-02-25,926,Speech & Language Therapy,paid,BlueCross BlueShield of Texas,A.P,54.6,54.6,54.6,0.0
533,2026,TY,2026Q1,2026-02,2026-02-25,2026-02-25,926,Speech & Language Therapy,paid,Patient,A.P,13.64,13.64,13.64,0.0
534,2026,TY,2026Q1,2026-02,2026-02-25,2026-02-25,927,Speech & Language Therapy,no_charge,Patient,A.P,0.0,0.0,0.0,0.0
535,2026,TY,2026Q1,2026-02,2026-02-25,2026-02-25,927,Speech & Language Therapy,paid,Texas Children's Health Plan,A.P,88.92,88.92,88.92,0.0
536,2026,TY,2026Q1,2026-02,2026-02-25,2026-02-25,928,Speech & Language Therapy,no_charge,Patient,A.P,0.0,0.0,0.0,0.0
537,2026,TY,2026Q1,2026-02,2026-02-25,2026-02-25,928,Speech & Language Therapy,paid,Texas Children's Health Plan,A.P,88.92,88.92,88.92,0.0
538,2026,TY,2026Q1,2026-02,2026-02-25,2026-02-25,929,Speech & Language Therapy,no_charge,Patient,K.G,0.0,0.0,0.0,0.0
539,2026,TY,2026Q1,2026-02,2026-02-25,2026-02-25,929,Speech & Language Therapy,paid,Texas Children's Health Plan,K.G,64.67,64.67,64.67,0.0
540,2026,TY,2026Q1,2026-02,2026-02-25,2026-02-25,930,Speech & Language Therapy,no_charge,Patient,K.G,0.0,0.0,0.0,0.0
541,2026,TY,2026Q1,2026-02,2026-02-25,2026-02-25,930,Speech & Language Therapy,paid,Texas Children's Health Plan,K.G,64.67,64.67,64.67,0.0
542,2026,TY,2026Q1,2026-02,2026-02-25,2026-02-25,931,Speech & Language Therapy,no_charge,Patient,K.G,0.0,0.0,0.0,0.0
543,2026,TY,2026Q1,2026-02,2026-02-25,2026-02-25,931,Speech & Language Therapy,paid,Texas Children's Health Plan,K.G,64.67,64.67,64.67,0.0
544,2026,TY,2026Q1,2026-02,2026-02-26,2026-02-26,932,Speech & Language Therapy,paid,BlueCross BlueShield of Texas,A.P,54.6,54.6,54.6,0.0
545,2026,TY,2026Q1,2026-02,2026-02-26,2026-02-26,932,Speech & Language Therapy,paid,Patient,A.P,13.64,13.64,13.64,0.0
546,2026,TY,2026Q1,2026-02,2026-02-26,2026-02-26,933,Speech & Language Therapy,no_charge,Patient,A.P,0.0,0.0,0.0,0.0
547,2026,TY,2026Q1,2026-02,2026-02-26,2026-02-26,933,Speech & Language Therapy,paid,Texas Children's Health Plan,A.P,80.84,80.84,80.84,0.0
548,2026,TY,2026Q1,2026-02,2026-02-26,2026-02-26,934,Speech & Language Therapy,no_charge,Patient,A.P,0.0,0.0,0.0,0.0
549,2026,TY,2026Q1,2026-02,2026-02-26,2026-02-26,934,Speech & Language Therapy,paid,Texas Children's Health Plan,A.P,80.84,80.84,80.84,0.0
550,2026,TY,2026Q1,2026-02,2026-02-26,2026-02-26,935,Speech & Language Therapy,no_charge,Patient,A.P,0.0,0.0,0.0,0.0
551,2026,TY,2026Q1,2026-02,2026-02-26,2026-02-26,935,Speech & Language Therapy,paid,Texas Children's Health Plan,A.P,80.84,80.84,80.84,0.0
552,2026,TY,2026Q1,2026-02,2026-02-26,2026-02-26,936,Speech & Language Therapy,no_charge,Patient,A.P,0.0,0.0,0.0,0.0
553,2026,TY,2026Q1,2026-02,2026-02-26,2026-02-26,936,Speech & Language Therapy,paid,Texas Children's Health Plan,A.P,80.84,80.84,80.84,0.0
554,2026,TY,2026Q1,2026-02,2026-02-26,2026-02-26,937,Speech & Language Therapy,no_charge,Patient,A.P,0.0,0.0,0.0,0.0
555,2026,TY,2026Q1,2026-02,2026-02-26,2026-02-26,937,Speech & Language Therapy,paid,Texas Children's Health Plan,A.P,80.84,80.84,80.84,0.0
556,2026,TY,2026Q1,2026-02,2026-02-26,2026-02-26,938,Speech & Language Therapy,no_charge,Patient,K.G,0.0,0.0,0.0,0.0
557,2026,TY,2026Q1,2026-02,2026-02-26,2026-02-26,938,Speech & Language Therapy,paid,Texas Children's Health Plan,K.G,64.67,64.67,64.67,0.0
558,2026,TY,2026Q1,2026-02,2026-02-26,2026-02-26,939,Speech & Language Therapy,no_charge,Patient,K.G,0.0,0.0,0.0,0.0
559,2026,TY,2026Q1,2026-02,2026-02-26,2026-02-26,939,Speech & Language Therapy,paid,Texas Children's Health Plan,K.G,64.67,64.67,64.67,0.0
560,2026,TY,2026Q1,2026-02,2026-02-26,2026-02-26,941,Speech & Language Therapy - Telehealth,no_charge,Patient,T.V,0.0,0.0,0.0,0.0
561,2026,TY,2026Q1,2026-02,2026-02-26,2026-02-26,941,Speech & Language Therapy - Telehealth,paid,Texas Children's Health Plan,T.V,64.67,64.67,64.67,0.0
562,2026,TY,2026Q1,2026-02,2026-02-26,2026-02-26,942,Speech & Language Therapy,paid,Patient,T.V,70.0,70.0,70.0,0.0
563,2026,TY,2026Q1,2026-02,2026-02-26,2026-02-26,943,Speech & Language Therapy,no_charge,Patient,K.G,0.0,0.0,0.0,0.0
564,2026,TY,2026Q1,2026-02,2026-02-26,2026-02-26,943,Speech & Language Therapy,paid,Texas Children's Health Plan,K.G,71.14,71.14,71.14,0.0
565,2026,TY,2026Q1,2026-02,2026-02-27,2026-02-27,944,Speech & Language Evaluation,no_charge,Patient,A.P,0.0,0.0,0.0,0.0
566,2026,TY,2026Q1,2026-02,2026-02-27,2026-02-27,944,Speech & Language Evaluation,paid,Texas Children's Health Plan,A.P,127.36,127.36,127.36,0.0
567,2026,TY,2026Q1,2026-02,2026-02-27,2026-02-27,945,Speech & Language Evaluation,no_charge,Patient,A.P,0.0,0.0,0.0,0.0
568,2026,TY,2026Q1,2026-02,2026-02-27,2026-02-27,945,Speech & Language Evaluation,paid,UnitedHealthcare - Medicaid,A.P,135.85,135.85,135.85,0.0
569,2026,TY,2026Q1,2026-02,2026-02-27,2026-02-27,946,Speech & Language Evaluation,no_charge,Patient,A.P,0.0,0.0,0.0,0.0
570,2026,TY,2026Q1,2026-02,2026-02-27,2026-02-27,946,Speech & Language Evaluation,paid,Texas Children's Health Plan,A.P,127.36,127.36,127.36,0.0
571,2026,TY,2026Q1,2026-02,2026-02-27,2026-02-27,947,Speech & Language Evaluation,no_charge,BlueCross BlueShield of Texas,A.P,0.0,0.0,0.0,0.0
572,2026,TY,2026Q1,2026-02,2026-02-27,2026-02-27,947,Speech & Language Evaluation,no_charge,Patient,A.P,0.0,0.0,0.0,0.0
573,2026,TY,2026Q1,2026-02,2026-02-27,2026-02-27,947,Speech & Language Evaluation,paid,Texas Children's Health Plan,A.P,127.36,127.36,127.36,0.0
574,2026,TY,2026Q1,2026-02,2026-02-27,2026-02-27,948,Speech & Language Therapy,paid,Patient,K.G,70.0,70.0,70.0,0.0
575,2026,TY,2026Q1,2026-02,2026-02-28,2026-02-28,949,Speech & Language Therapy,paid,Patient,K.G,70.0,70.0,70.0,0.0
576,2026,TY,2026Q1,2026-02,2026-02-28,2026-02-28,950,Speech & Language Therapy,paid,Patient,K.G,70.0,70.0,70.0,0.0
577,2026,TY,2026Q1,2026-02,2026-02-28,2026-02-28,951,Speech & Language Therapy,no_charge,Patient,K.G,0.0,0.0,0.0,0.0
578,2026,TY,2026Q1,2026-02,2026-02-28,2026-02-28,951,Speech & Language Therapy,paid,Texas Children's Health Plan,K.G,64.67,64.67,64.67,0.0
579,2026,TY,2026Q1,2026-02,2026-02-28,2026-02-28,952,Speech & Language Therapy - No Show,no_charge,Patient,K.G,0.0,0.0,0.0,0.0
580,2026,TY,2026Q1,2026-02,2026-02-28,2026-02-28,953,Speech & Language Therapy - No Show,no_charge,Patient,K.G,0.0,0.0,0.0,0.0
581,2026,TY,2026Q1,2026-03,2026-03-02,2026-03-02,954,Speech & Language Therapy,no_charge,BlueCross BlueShield of Texas,A.P,0.0,0.0,0.0,0.0
582,2026,TY,2026Q1,2026-03,2026-03-02,2026-03-02,954,Speech & Language Therapy,paid,Patient,A.P,68.24,68.24,68.24,0.0
583,2026,TY,2026Q1,2026-03,2026-03-02,2026-03-02,955,Speech & Language Therapy,paid,BlueCross BlueShield of Texas,A.P,43.24,43.24,43.24,0.0
584,2026,TY,2026Q1,2026-03,2026-03-02,2026-03-02,955,Speech & Language Therapy,paid,Patient,A.P,25.0,25.0,25.0,0.0
585,2026,TY,2026Q1,2026-03,2026-03-02,2026-03-02,956,Speech & Language Therapy - Telehealth - No Show,no_charge,Patient,T.V,0.0,0.0,0.0,0.0
586,2026,TY,2026Q1,2026-03,2026-03-03,2026-03-03,957,Speech & Language Therapy,no_charge,Patient,A.P,0.0,0.0,0.0,0.0
587,2026,TY,2026Q1,2026-03,2026-03-03,2026-03-03,957,Speech & Language Therapy,paid,Texas Children's Health Plan,A.P,80.84,80.84,80.84,0.0
588,2026,TY,2026Q1,2026-03,2026-03-03,2026-03-03,958,Speech & Language Therapy,no_charge,Patient,A.P,0.0,0.0,0.0,0.0
589,2026,TY,2026Q1,2026-03,2026-03-03,2026-03-03,958,Speech & Language Therapy,paid,Texas Children's Health Plan,A.P,80.84,80.84,80.84,0.0
590,2026,TY,2026Q1,2026-03,2026-03-03,2026-03-03,959,Speech & Language Therapy,no_charge,Patient,A.P,0.0,0.0,0.0,0.0
591,2026,TY,2026Q1,2026-03,2026-03-03,2026-03-03,959,Speech & Language Therapy,paid,Texas Children's Health Plan,A.P,80.84,80.84,80.84,0.0
592,2026,TY,2026Q1,2026-03,2026-03-03,2026-03-03,960,Speech & Language Therapy - No Show,no_charge,Patient,A.P,0.0,0.0,0.0,0.0
593,2026,TY,2026Q1,2026-03,2026-03-03,2026-03-03,961,Speech & Language Therapy,paid,Patient,A.P,65.0,65.0,65.0,0.0
594,2026,TY,2026Q1,2026-03,2026-03-03,2026-03-03,962,Speech & Language Therapy,no_charge,Patient,A.P,0.0,0.0,0.0,0.0
595,2026,TY,2026Q1,2026-03,2026-03-03,2026-03-03,962,Speech & Language Therapy,paid,Texas Children's Health Plan,A.P,88.92,88.92,88.92,0.0
596,2026,TY,2026Q1,2026-03,2026-03-03,2026-03-03,963,Speech & Language Therapy,no_charge,Patient,A.P,0.0,0.0,0.0,0.0
597,2026,TY,2026Q1,2026-03,2026-03-03,2026-03-03,963,Speech & Language Therapy,paid,Texas Children's Health Plan,A.P,88.92,88.92,88.92,0.0
598,2026,TY,2026Q1,2026-03,2026-03-03,2026-03-03,964,Speech & Language Therapy,no_charge,Patient,A.P,0.0,0.0,0.0,0.0
599,2026,TY,2026Q1,2026-03,2026-03-03,2026-03-03,964,Speech & Language Therapy,paid,Texas Children's Health Plan,A.P,88.92,88.92,88.92,0.0
600,2026,TY,2026Q1,2026-03,2026-03-04,2026-03-04,965,Speech & Language Therapy,no_charge,BlueCross BlueShield of Texas,A.P,0.0,0.0,0.0,0.0
601,2026,TY,2026Q1,2026-03,2026-03-04,2026-03-04,965,Speech & Language Therapy,paid,Patient,A.P,68.24,68.24,68.24,0.0
602,2026,TY,2026Q1,2026-03,2026-03-04,2026-03-04,966,Speech & Language Therapy,paid,Patient,A.P,90.0,90.0,90.0,0.0
603,2026,TY,2026Q1,2026-03,2026-03-04,2026-03-04,967,Speech & Language Therapy,no_charge,Patient,A.P,0.0,0.0,0.0,0.0
604,2026,TY,2026Q1,2026-03,2026-03-04,2026-03-04,967,Speech & Language Therapy,paid,Texas Children's Health Plan,A.P,88.92,88.92,88.92,0.0
605,2026,TY,2026Q1,2026-03,2026-03-04,2026-03-04,968,Speech & Language Therapy,no_charge,Patient,K.G,0.0,0.0,0.0,0.0
606,2026,TY,2026Q1,2026-03,2026-03-04,2026-03-04,968,Speech & Language Therapy,paid,UnitedHealthcare - Medicaid,K.G,68.98,68.98,68.98,0.0
607,2026,TY,2026Q1,2026-03,2026-03-04,2026-03-04,969,Speech & Language Therapy - Telehealth,no_charge,Patient,A.P,0.0,0.0,0.0,0.0
608,2026,TY,2026Q1,2026-03,2026-03-04,2026-03-04,969,Speech & Language Therapy - Telehealth,paid,Texas Children's Health Plan,A.P,80.84,80.84,80.84,0.0
609,2026,TY,2026Q1,2026-03,2026-03-04,2026-03-04,970,Speech & Language Therapy - Telehealth,no_charge,Patient,K.G,0.0,0.0,0.0,0.0
610,2026,TY,2026Q1,2026-03,2026-03-04,2026-03-04,970,Speech & Language Therapy - Telehealth,paid,Texas Children's Health Plan,K.G,64.67,64.67,64.67,0.0
611,2026,TY,2026Q1,2026-03,2026-03-04,2026-03-04,971,Speech & Language Therapy,no_charge,Patient,K.G,0.0,0.0,0.0,0.0
612,2026,TY,2026Q1,2026-03,2026-03-04,2026-03-04,971,Speech & Language Therapy,paid,Texas Children's Health Plan,K.G,64.67,64.67,64.67,0.0
613,2026,TY,2026Q1,2026-03,2026-03-04,2026-03-04,972,Speech & Language Therapy,no_charge,Patient,K.G,0.0,0.0,0.0,0.0
614,2026,TY,2026Q1,2026-03,2026-03-04,2026-03-04,972,Speech & Language Therapy,paid,Texas Children's Health Plan,K.G,64.67,64.67,64.67,0.0
615,2026,TY,2026Q1,2026-03,2026-03-04,2026-03-04,973,Speech & Language Therapy,no_charge,Patient,K.G,0.0,0.0,0.0,0.0
616,2026,TY,2026Q1,2026-03,2026-03-04,2026-03-04,973,Speech & Language Therapy,paid,Texas Children's Health Plan,K.G,64.67,64.67,64.67,0.0
617,2026,TY,2026Q1,2026-03,2026-03-05,2026-03-05,974,Speech & Language Therapy,paid,BlueCross BlueShield of Texas,A.P,54.6,54.6,54.6,0.0
618,2026,TY,2026Q1,2026-03,2026-03-05,2026-03-05,974,Speech & Language Therapy,paid,Patient,A.P,13.64,13.64,13.64,0.0
619,2026,TY,2026Q1,2026-03,2026-03-05,2026-03-05,975,Speech & Language Therapy,no_charge,Patient,A.P,0.0,0.0,0.0,0.0
620,2026,TY,2026Q1,2026-03,2026-03-05,2026-03-05,975,Speech & Language Therapy,paid,Texas Children's Health Plan,A.P,80.84,80.84,80.84,0.0
621,2026,TY,2026Q1,2026-03,2026-03-05,2026-03-05,976,Speech & Language Therapy,no_charge,Patient,A.P,0.0,0.0,0.0,0.0
622,2026,TY,2026Q1,2026-03,2026-03-05,2026-03-05,976,Speech & Language Therapy,paid,Texas Children's Health Plan,A.P,80.84,80.84,80.84,0.0
623,2026,TY,2026Q1,2026-03,2026-03-05,2026-03-05,977,Speech & Language Therapy,no_charge,Patient,A.P,0.0,0.0,0.0,0.0
624,2026,TY,2026Q1,2026-03,2026-03-05,2026-03-05,977,Speech & Language Therapy,paid,Texas Children's Health Plan,A.P,80.84,80.84,80.84,0.0
625,2026,TY,2026Q1,2026-03,2026-03-05,2026-03-05,978,Speech & Language Therapy,no_charge,Patient,A.P,0.0,0.0,0.0,0.0
626,2026,TY,2026Q1,2026-03,2026-03-05,2026-03-05,978,Speech & Language Therapy,paid,Texas Children's Health Plan,A.P,80.84,80.84,80.84,0.0
627,2026,TY,2026Q1,2026-03,2026-03-05,2026-03-05,979,Speech & Language Therapy,paid,Patient,A.P,65.0,65.0,65.0,0.0
628,2026,TY,2026Q1,2026-03,2026-03-05,2026-03-05,980,Speech & Language Therapy,paid,BlueCross BlueShield of Texas,A.P,38.24,38.24,38.24,0.0
629,2026,TY,2026Q1,2026-03,2026-03-05,2026-03-05,980,Speech & Language Therapy,paid,Patient,A.P,30.0,30.0,30.0,0.0
630,2026,TY,2026Q1,2026-03,2026-03-05,2026-03-05,981,Speech & Language Therapy,no_charge,Patient,K.G,0.0,0.0,0.0,0.0
631,2026,TY,2026Q1,2026-03,2026-03-05,2026-03-05,981,Speech & Language Therapy,paid,Texas Children's Health Plan,K.G,64.67,64.67,64.67,0.0
632,2026,TY,2026Q1,2026-03,2026-03-05,2026-03-05,982,Speech & Language Therapy,no_charge,Patient,K.G,0.0,0.0,0.0,0.0
633,2026,TY,2026Q1,2026-03,2026-03-05,2026-03-05,982,Speech & Language Therapy,paid,Texas Children's Health Plan,K.G,64.67,64.67,64.67,0.0
634,2026,TY,2026Q1,2026-03,2026-03-05,2026-03-05,983,Speech & Language Therapy,no_charge,Patient,K.G,0.0,0.0,0.0,0.0
635,2026,TY,2026Q1,2026-03,2026-03-05,2026-03-05,983,Speech & Language Therapy,paid,Texas Children's Health Plan,K.G,71.14,71.14,71.14,0.0
636,2026,TY,2026Q1,2026-03,2026-03-05,2026-03-05,984,Speech & Language Therapy - Telehealth,no_charge,Patient,T.V,0.0,0.0,0.0,0.0
637,2026,TY,2026Q1,2026-03,2026-03-05,2026-03-05,984,Speech & Language Therapy - Telehealth,paid,Texas Children's Health Plan,T.V,64.67,64.67,64.67,0.0
638,2026,TY,2026Q1,2026-03,2026-03-05,2026-03-05,985,Speech & Language Therapy,paid,Patient,T.V,70.0,70.0,70.0,0.0
639,2026,TY,2026Q1,2026-03,2026-03-05,2026-03-05,986,Speech & Language Therapy,no_charge,Patient,T.V,0.0,0.0,0.0,0.0
640,2026,TY,2026Q1,2026-03,2026-03-05,2026-03-05,986,Speech & Language Therapy,paid,Texas Children's Health Plan,T.V,64.67,64.67,64.67,0.0
641,2026,TY,2026Q1,2026-03,2026-03-05,2026-03-05,987,Speech & Language Therapy,paid,Patient,K.G,70.0,70.0,70.0,0.0
642,2026,TY,2026Q1,2026-03,2026-03-06,2026-03-06,988,Speech & Language Evaluation,no_charge,Patient,A.P,0.0,0.0,0.0,0.0
643,2026,TY,2026Q1,2026-03,2026-03-06,2026-03-06,988,Speech & Language Evaluation,paid,Texas Children's Health Plan - CHIP,A.P,127.36,127.36,127.36,0.0
644,2026,TY,2026Q1,2026-03,2026-03-06,2026-03-06,989,Speech & Language Evaluation,no_charge,Patient,A.P,0.0,0.0,0.0,0.0
645,2026,TY,2026Q1,2026-03,2026-03-06,2026-03-06,989,Speech & Language Evaluation,paid,Texas Children's Health Plan - CHIP,A.P,127.36,127.36,127.36,0.0
646,2026,TY,2026Q1,2026-03,2026-03-06,2026-03-06,990,Speech & Language Evaluation,no_charge,Patient,A.P,0.0,0.0,0.0,0.0
647,2026,TY,2026Q1,2026-03,2026-03-06,2026-03-06,990,Speech & Language Evaluation,paid,Community Health Choice,A.P,135.85,135.85,135.85,0.0
648,2026,TY,2026Q1,2026-03,2026-03-06,2026-03-06,991,Speech & Language Evaluation,paid,BlueCross BlueShield of Texas,A.P,146.77,146.77,146.77,0.0
649,2026,TY,2026Q1,2026-03,2026-03-06,2026-03-06,991,Speech & Language Evaluation,paid,Patient,A.P,35.0,35.0,35.0,0.0
650,2026,TY,2026Q1,2026-03,2026-03-06,2026-03-06,992,Speech & Language Therapy,paid,Patient,K.G,70.0,70.0,70.0,0.0
651,2026,TY,2026Q1,2026-03,2026-03-07,2026-03-07,1000,Speech & Language Therapy - Telehealth,no_charge,Patient,K.G,0.0,0.0,0.0,0.0
652,2026,TY,2026Q1,2026-03,2026-03-07,2026-03-07,1000,Speech & Language Therapy - Telehealth,paid,Texas Children's Health Plan,K.G,64.67,64.67,64.67,0.0
653,2026,TY,2026Q1,2026-03,2026-03-07,2026-03-07,993,Speech & Language Therapy,paid,Patient,K.G,70.0,70.0,70.0,0.0
654,2026,TY,2026Q1,2026-03,2026-03-07,2026-03-07,994,Speech & Language Therapy,no_charge,Patient,K.G,0.0,0.0,0.0,0.0
655,2026,TY,2026Q1,2026-03,2026-03-07,2026-03-07,994,Speech & Language Therapy,paid,Texas Children's Health Plan,K.G,64.67,64.67,64.67,0.0
656,2026,TY,2026Q1,2026-03,2026-03-07,2026-03-07,995,Speech & Language Therapy,no_charge,Patient,K.G,0.0,0.0,0.0,0.0
657,2026,TY,2026Q1,2026-03,2026-03-07,2026-03-07,995,Speech & Language Therapy,paid,Texas Children's Health Plan,K.G,64.67,64.67,64.67,0.0
658,2026,TY,2026Q1,2026-03,2026-03-07,2026-03-07,996,Speech & Language Therapy,no_charge,Patient,K.G,0.0,0.0,0.0,0.0
659,2026,TY,2026Q1,2026-03,2026-03-07,2026-03-07,996,Speech & Language Therapy,paid,UnitedHealthcare - Medicaid,K.G,68.98,68.98,68.98,0.0
660,2026,TY,2026Q1,2026-03,2026-03-07,2026-03-07,997,Speech & Language Therapy,no_charge,Patient,K.G,0.0,0.0,0.0,0.0
661,2026,TY,2026Q1,2026-03,2026-03-07,2026-03-07,997,Speech & Language Therapy,paid,Texas Children's Health Plan,K.G,64.67,64.67,64.67,0.0
662,2026,TY,2026Q1,2026-03,2026-03-07,2026-03-07,998,Speech & Language Therapy,no_charge,Patient,K.G,0.0,0.0,0.0,0.0
663,2026,TY,2026Q1,2026-03,2026-03-07,2026-03-07,998,Speech & Language Therapy,paid,Texas Children's Health Plan,K.G,64.67,64.67,64.67,0.0
664,2026,TY,2026Q1,2026-03,2026-03-07,2026-03-07,999,Speech & Language Therapy,no_charge,Patient,K.G,0.0,0.0,0.0,0.0
665,2026,TY,2026Q1,2026-03,2026-03-07,2026-03-07,999,Speech & Language Therapy,paid,Texas Children's Health Plan,K.G,64.67,64.67,64.67,0.0
666,2026,TY,2026Q1,2026-03,2026-03-09,2026-03-09,1001,Speech & Language Therapy,no_charge,Patient,T.V,0.0,0.0,0.0,0.0
667,2026,TY,2026Q1,2026-03,2026-03-09,2026-03-09,1001,Speech & Language Therapy,paid,Texas Children's Health Plan,T.V,64.67,64.67,64.67,0.0
668,2026,TY,2026Q1,2026-03,2026-03-10,2026-03-10,1002,Speech & Language Therapy,no_charge,Patient,T.V,0.0,0.0,0.0,0.0
669,2026,TY,2026Q1,2026-03,2026-03-10,2026-03-10,1002,Speech & Language Therapy,paid,Texas Children's Health Plan,T.V,64.67,64.67,64.67,0.0
670,2026,TY,2026Q1,2026-03,2026-03-10,2026-03-10,1003,Speech & Language Therapy,no_charge,Patient,T.V,0.0,0.0,0.0,0.0
671,2026,TY,2026Q1,2026-03,2026-03-10,2026-03-10,1003,Speech & Language Therapy,paid,Texas Children's Health Plan,T.V,64.67,64.67,64.67,0.0
672,2026,TY,2026Q1,2026-03,2026-03-10,2026-03-10,1004,Speech & Language Therapy - No Show,no_charge,Patient,T.V,0.0,0.0,0.0,0.0
673,2026,TY,2026Q1,2026-03,2026-03-10,2026-03-10,1014,Speech & Language Therapy,no_charge,Patient,T.V,0.0,0.0,0.0,0.0
674,2026,TY,2026Q1,2026-03,2026-03-10,2026-03-10,1014,Speech & Language Therapy,paid,Texas Children's Health Plan - CHIP,T.V,64.67,64.67,64.67,0.0
675,2026,TY,2026Q1,2026-03,2026-03-11,2026-03-11,1005,Speech & Language Therapy - Telehealth,no_charge,Patient,K.G,0.0,0.0,0.0,0.0
676,2026,TY,2026Q1,2026-03,2026-03-11,2026-03-11,1005,Speech & Language Therapy - Telehealth,paid,Texas Children's Health Plan,K.G,64.67,64.67,64.67,0.0
677,2026,TY,2026Q1,2026-03,2026-03-11,2026-03-11,1006,Speech & Language Therapy,no_charge,Patient,K.G,0.0,0.0,0.0,0.0
678,2026,TY,2026Q1,2026-03,2026-03-11,2026-03-11,1006,Speech & Language Therapy,paid,Texas Children's Health Plan,K.G,64.67,64.67,64.67,0.0
679,2026,TY,2026Q1,2026-03,2026-03-12,2026-03-12,1007,Speech & Language Therapy,no_charge,Patient,K.G,0.0,0.0,0.0,0.0
680,2026,TY,2026Q1,2026-03,2026-03-12,2026-03-12,1007,Speech & Language Therapy,paid,Texas Children's Health Plan,K.G,64.67,64.67,64.67,0.0
681,2026,TY,2026Q1,2026-03,2026-03-12,2026-03-12,1008,Speech & Language Therapy,no_charge,Patient,K.G,0.0,0.0,0.0,0.0
682,2026,TY,2026Q1,2026-03,2026-03-12,2026-03-12,1008,Speech & Language Therapy,paid,Texas Children's Health Plan,K.G,64.67,64.67,64.67,0.0
683,2026,TY,2026Q1,2026-03,2026-03-12,2026-03-12,1009,Speech & Language Therapy,no_charge,Patient,K.G,0.0,0.0,0.0,0.0
684,2026,TY,2026Q1,2026-03,2026-03-12,2026-03-12,1009,Speech & Language Therapy,paid,Texas Children's Health Plan,K.G,64.67,64.67,64.67,0.0
685,2026,TY,2026Q1,2026-03,2026-03-12,2026-03-12,1010,Speech & Language Therapy,no_charge,Patient,K.G,0.0,0.0,0.0,0.0
686,2026,TY,2026Q1,2026-03,2026-03-12,2026-03-12,1010,Speech & Language Therapy,paid,Texas Children's Health Plan,K.G,64.67,64.67,64.67,0.0
687,2026,TY,2026Q1,2026-03,2026-03-12,2026-03-12,1011,Speech & Language Therapy,paid,Patient,K.G,70.0,70.0,70.0,0.0
688,2026,TY,2026Q1,2026-03,2026-03-12,2026-03-12,1012,Speech & Language Therapy,no_charge,Patient,K.G,0.0,0.0,0.0,0.0
689,2026,TY,2026Q1,2026-03,2026-03-12,2026-03-12,1012,Speech & Language Therapy,paid,Texas Children's Health Plan,K.G,64.67,64.67,64.67,0.0
690,2026,TY,2026Q1,2026-03,2026-03-12,2026-03-12,1013,Speech & Language Therapy,no_charge,Patient,K.G,0.0,0.0,0.0,0.0
691,2026,TY,2026Q1,2026-03,2026-03-12,2026-03-12,1013,Speech & Language Therapy,paid,Texas Children's Health Plan,K.G,64.67,64.67,64.67,0.0
692,2026,TY,2026Q1,2026-03,2026-03-12,2026-03-12,1015,Speech & Language Therapy,no_charge,Patient,K.G,0.0,0.0,0.0,0.0
693,2026,TY,2026Q1,2026-03,2026-03-12,2026-03-12,1015,Speech & Language Therapy,paid,Texas Children's Health Plan,K.G,71.14,71.14,71.14,0.0
694,2026,TY,2026Q1,2026-03,2026-03-12,2026-03-12,1016,Speech & Language Therapy - Telehealth - No Show,no_charge,Patient,T.V,0.0,0.0,0.0,0.0
695,2026,TY,2026Q1,2026-03,2026-03-12,2026-03-12,1017,Speech & Language Therapy,no_charge,Patient,T.V,0.0,0.0,0.0,0.0
696,2026,TY,2026Q1,2026-03,2026-03-12,2026-03-12,1017,Speech & Language Therapy,paid,Texas Children's Health Plan,T.V,64.67,64.67,64.67,0.0
697,2026,TY,2026Q1,2026-03,2026-03-13,2026-03-13,1018,Speech & Language Therapy,no_charge,Patient,K.G,0.0,0.0,0.0,0.0
698,2026,TY,2026Q1,2026-03,2026-03-13,2026-03-13,1018,Speech & Language Therapy,paid,Texas Children's Health Plan,K.G,64.67,64.67,64.67,0.0
699,2026,TY,2026Q1,2026-03,2026-03-13,2026-03-13,1019,Speech & Language Therapy,no_charge,Patient,K.G,0.0,0.0,0.0,0.0
700,2026,TY,2026Q1,2026-03,2026-03-13,2026-03-13,1019,Speech & Language Therapy,paid,Texas Children's Health Plan,K.G,64.67,64.67,64.67,0.0
701,2026,TY,2026Q1,2026-03,2026-03-13,2026-03-13,1020,Speech & Language Therapy,paid,Patient,K.G,70.0,70.0,70.0,0.0
702,2026,TY,2026Q1,2026-03,2026-03-14,2026-03-14,1021,Speech & Language Therapy,paid,Patient,K.G,70.0,70.0,70.0,0.0
703,2026,TY,2026Q1,2026-03,2026-03-14,2026-03-14,1022,Speech & Language Therapy,no_charge,Patient,K.G,0.0,0.0,0.0,0.0
704,2026,TY,2026Q1,2026-03,2026-03-14,2026-03-14,1022,Speech & Language Therapy,paid,Texas Children's Health Plan,K.G,64.67,64.67,64.67,0.0
705,2026,TY,2026Q1,2026-03,2026-03-14,2026-03-14,1023,Speech & Language Therapy,no_charge,Patient,K.G,0.0,0.0,0.0,0.0
706,2026,TY,2026Q1,2026-03,2026-03-14,2026-03-14,1023,Speech & Language Therapy,paid,Texas Children's Health Plan,K.G,64.67,64.67,64.67,0.0
707,2026,TY,2026Q1,2026-03,2026-03-14,2026-03-14,1024,Speech & Language Therapy,no_charge,Patient,K.G,0.0,0.0,0.0,0.0
708,2026,TY,2026Q1,2026-03,2026-03-14,2026-03-14,1024,Speech & Language Therapy,paid,UnitedHealthcare - Medicaid,K.G,68.98,68.98,68.98,0.0
709,2026,TY,2026Q1,2026-03,2026-03-14,2026-03-14,1025,Speech & Language Therapy,no_charge,Patient,K.G,0.0,0.0,0.0,0.0
710,2026,TY,2026Q1,2026-03,2026-03-14,2026-03-14,1025,Speech & Language Therapy,paid,Texas Children's Health Plan,K.G,64.67,64.67,64.67,0.0
711,2026,TY,2026Q1,2026-03,2026-03-14,2026-03-14,1026,Speech & Language Therapy,no_charge,Patient,K.G,0.0,0.0,0.0,0.0
712,2026,TY,2026Q1,2026-03,2026-03-14,2026-03-14,1026,Speech & Language Therapy,paid,Texas Children's Health Plan,K.G,64.67,64.67,64.67,0.0
713,2026,TY,2026Q1,2026-03,2026-03-16,2026-03-16,1027,Speech & Language Therapy - Telehealth,no_charge,Patient,T.V,0.0,0.0,0.0,0.0
714,2026,TY,2026Q1,2026-03,2026-03-16,2026-03-16,1027,Speech & Language Therapy - Telehealth,paid,Texas Children's Health Plan,T.V,64.67,64.67,64.67,0.0
715,2026,TY,2026Q1,2026-03,2026-03-17,2026-03-17,1028,Speech & Language Therapy,no_charge,Patient,A.P,0.0,0.0,0.0,0.0
716,2026,TY,2026Q1,2026-03,2026-03-17,2026-03-17,1028,Speech & Language Therapy,paid,Texas Children's Health Plan,A.P,80.84,80.84,80.84,0.0
717,2026,TY,2026Q1,2026-03,2026-03-17,2026-03-17,1029,Speech & Language Therapy,no_charge,Patient,A.P,0.0,0.0,0.0,0.0
718,2026,TY,2026Q1,2026-03,2026-03-17,2026-03-17,1029,Speech & Language Therapy,paid,Texas Children's Health Plan,A.P,80.84,80.84,80.84,0.0
719,2026,TY,2026Q1,2026-03,2026-03-17,2026-03-17,1030,Speech & Language Therapy,no_charge,Patient,A.P,0.0,0.0,0.0,0.0
720,2026,TY,2026Q1,2026-03,2026-03-17,2026-03-17,1030,Speech & Language Therapy,paid,Texas Children's Health Plan,A.P,80.84,80.84,80.84,0.0
721,2026,TY,2026Q1,2026-03,2026-03-17,2026-03-17,1031,Speech & Language Therapy,no_charge,Patient,A.P,0.0,0.0,0.0,0.0
722,2026,TY,2026Q1,2026-03,2026-03-17,2026-03-17,1031,Speech & Language Therapy,paid,Texas Children's Health Plan,A.P,80.84,80.84,80.84,0.0
723,2026,TY,2026Q1,2026-03,2026-03-17,2026-03-17,1032,Speech & Language Therapy,no_charge,Patient,A.P,0.0,0.0,0.0,0.0
724,2026,TY,2026Q1,2026-03,2026-03-17,2026-03-17,1032,Speech & Language Therapy,paid,Texas Children's Health Plan,A.P,80.84,80.84,80.84,0.0
725,2026,TY,2026Q1,2026-03,2026-03-17,2026-03-17,1033,Speech & Language Therapy,no_charge,Patient,A.P,0.0,0.0,0.0,0.0
726,2026,TY,2026Q1,2026-03,2026-03-17,2026-03-17,1033,Speech & Language Therapy,paid,Texas Children's Health Plan,A.P,80.84,80.84,80.84,0.0
727,2026,TY,2026Q1,2026-03,2026-03-17,2026-03-17,1034,Speech & Language Therapy - No Show,no_charge,Patient,T.V,0.0,0.0,0.0,0.0
728,2026,TY,2026Q1,2026-03,2026-03-17,2026-03-17,1035,Speech & Language Therapy,no_charge,Patient,T.V,0.0,0.0,0.0,0.0
729,2026,TY,2026Q1,2026-03,2026-03-17,2026-03-17,1035,Speech & Language Therapy,paid,Texas Children's Health Plan - CHIP,T.V,64.67,64.67,64.67,0.0
730,2026,TY,2026Q1,2026-03,2026-03-17,2026-03-17,1036,Speech & Language Therapy,no_charge,Patient,T.V,0.0,0.0,0.0,0.0
731,2026,TY,2026Q1,2026-03,2026-03-17,2026-03-17,1036,Speech & Language Therapy,paid,Texas Children's Health Plan,T.V,64.67,64.67,64.67,0.0
732,2026,TY,2026Q1,2026-03,2026-03-17,2026-03-17,1037,Speech & Language Therapy,no_charge,Patient,A.P,0.0,0.0,0.0,0.0
733,2026,TY,2026Q1,2026-03,2026-03-17,2026-03-17,1037,Speech & Language Therapy,paid,Texas Children's Health Plan,A.P,88.92,88.92,88.92,0.0
734,2026,TY,2026Q1,2026-03,2026-03-17,2026-03-17,1038,Speech & Language Therapy,no_charge,Patient,A.P,0.0,0.0,0.0,0.0
735,2026,TY,2026Q1,2026-03,2026-03-17,2026-03-17,1038,Speech & Language Therapy,paid,Texas Children's Health Plan,A.P,88.92,88.92,88.92,0.0
736,2026,TY,2026Q1,2026-03,2026-03-17,2026-03-17,1039,Speech & Language Therapy,no_charge,Patient,A.P,0.0,0.0,0.0,0.0
737,2026,TY,2026Q1,2026-03,2026-03-17,2026-03-17,1039,Speech & Language Therapy,paid,Texas Children's Health Plan,A.P,88.92,88.92,88.92,0.0
738,2026,TY,2026Q1,2026-03,2026-03-18,2026-03-18,1040,Speech & Language Therapy - Telehealth,no_charge,Patient,K.G,0.0,0.0,0.0,0.0
739,2026,TY,2026Q1,2026-03,2026-03-18,2026-03-18,1040,Speech & Language Therapy - Telehealth,paid,Texas Children's Health Plan,K.G,64.67,64.67,64.67,0.0
740,2026,TY,2026Q1,2026-03,2026-03-18,2026-03-18,1041,Speech & Language Therapy - Telehealth,no_charge,Patient,K.G,0.0,0.0,0.0,0.0
741,2026,TY,2026Q1,2026-03,2026-03-18,2026-03-18,1041,Speech & Language Therapy - Telehealth,paid,Texas Children's Health Plan,K.G,64.67,64.67,64.67,0.0
742,2026,TY,2026Q1,2026-03,2026-03-18,2026-03-18,1042,Speech & Language Therapy,no_charge,Patient,A.P,0.0,0.0,0.0,0.0
743,2026,TY,2026Q1,2026-03,2026-03-18,2026-03-18,1042,Speech & Language Therapy,paid,Texas Children's Health Plan,A.P,80.84,80.84,80.84,0.0
744,2026,TY,2026Q1,2026-03,2026-03-18,2026-03-18,1043,Speech & Language Therapy,no_charge,Patient,A.P,0.0,0.0,0.0,0.0
745,2026,TY,2026Q1,2026-03,2026-03-18,2026-03-18,1043,Speech & Language Therapy,paid,UnitedHealthcare - Medicaid,A.P,86.22,86.22,86.22,0.0
746,2026,TY,2026Q1,2026-03,2026-03-18,2026-03-18,1044,Speech & Language Therapy,no_charge,BlueCross BlueShield of Texas,A.P,0.0,0.0,0.0,0.0
747,2026,TY,2026Q1,2026-03,2026-03-18,2026-03-18,1044,Speech & Language Therapy,paid,Patient,A.P,68.24,68.24,68.24,0.0
748,2026,TY,2026Q1,2026-03,2026-03-18,2026-03-18,1045,Speech & Language Therapy,paid,BlueCross BlueShield of Texas,A.P,43.24,43.24,43.24,0.0
749,2026,TY,2026Q1,2026-03,2026-03-18,2026-03-18,1045,Speech & Language Therapy,paid,Patient,A.P,25.0,25.0,25.0,0.0
750,2026,TY,2026Q1,2026-03,2026-03-18,2026-03-18,1046,Speech & Language Therapy,paid,Patient,A.P,90.0,90.0,90.0,0.0
751,2026,TY,2026Q1,2026-03,2026-03-18,2026-03-18,1047,Speech & Language Therapy,paid,BlueCross BlueShield of Texas,A.P,54.6,54.6,54.6,0.0
752,2026,TY,2026Q1,2026-03,2026-03-18,2026-03-18,1047,Speech & Language Therapy,paid,Patient,A.P,13.64,13.64,13.64,0.0
753,2026,TY,2026Q1,2026-03,2026-03-18,2026-03-18,1048,Speech & Language Therapy,no_charge,Patient,A.P,0.0,0.0,0.0,0.0
754,2026,TY,2026Q1,2026-03,2026-03-18,2026-03-18,1048,Speech & Language Therapy,paid,Texas Children's Health Plan,A.P,88.92,88.92,88.92,0.0
755,2026,TY,2026Q1,2026-03,2026-03-18,2026-03-18,1049,Speech & Language Therapy,no_charge,Patient,K.G,0.0,0.0,0.0,0.0
756,2026,TY,2026Q1,2026-03,2026-03-18,2026-03-18,1049,Speech & Language Therapy,paid,Texas Children's Health Plan,K.G,64.67,64.67,64.67,0.0
757,2026,TY,2026Q1,2026-03,2026-03-18,2026-03-18,1050,Speech & Language Therapy,no_charge,Patient,K.G,0.0,0.0,0.0,0.0
758,2026,TY,2026Q1,2026-03,2026-03-18,2026-03-18,1050,Speech & Language Therapy,paid,Texas Children's Health Plan,K.G,64.67,64.67,64.67,0.0
759,2026,TY,2026Q1,2026-03,2026-03-18,2026-03-18,1051,Speech & Language Therapy - No Show,no_charge,Patient,K.G,0.0,0.0,0.0,0.0
760,2026,TY,2026Q1,2026-03,2026-03-19,2026-03-19,1052,Speech & Language Therapy,paid,BlueCross BlueShield of Texas,A.P,33.24,33.24,33.24,0.0
761,2026,TY,2026Q1,2026-03,2026-03-19,2026-03-19,1052,Speech & Language Therapy,paid,Patient,A.P,35.0,35.0,35.0,0.0
762,2026,TY,2026Q1,2026-03,2026-03-19,2026-03-19,1053,Speech & Language Therapy,paid,BlueCross BlueShield of Texas,A.P,54.6,54.6,54.6,0.0
763,2026,TY,2026Q1,2026-03,2026-03-19,2026-03-19,1053,Speech & Language Therapy,paid,Patient,A.P,13.64,13.64,13.64,0.0
764,2026,TY,2026Q1,2026-03,2026-03-19,2026-03-19,1054,Speech & Language Therapy,no_charge,Patient,A.P,0.0,0.0,0.0,0.0
765,2026,TY,2026Q1,2026-03,2026-03-19,2026-03-19,1054,Speech & Language Therapy,paid,Texas Children's Health Plan,A.P,80.84,80.84,80.84,0.0
766,2026,TY,2026Q1,2026-03,2026-03-19,2026-03-19,1055,Speech & Language Therapy,no_charge,Patient,A.P,0.0,0.0,0.0,0.0
767,2026,TY,2026Q1,2026-03,2026-03-19,2026-03-19,1055,Speech & Language Therapy,paid,Texas Children's Health Plan,A.P,80.84,80.84,80.84,0.0
768,2026,TY,2026Q1,2026-03,2026-03-19,2026-03-19,1056,Speech & Language Therapy,no_charge,Patient,A.P,0.0,0.0,0.0,0.0
769,2026,TY,2026Q1,2026-03,2026-03-19,2026-03-19,1056,Speech & Language Therapy,paid,Texas Children's Health Plan,A.P,80.84,80.84,80.84,0.0
770,2026,TY,2026Q1,2026-03,2026-03-19,2026-03-19,1057,Speech & Language Therapy,no_charge,Patient,A.P,0.0,0.0,0.0,0.0
771,2026,TY,2026Q1,2026-03,2026-03-19,2026-03-19,1057,Speech & Language Therapy,paid,Texas Children's Health Plan,A.P,80.84,80.84,80.84,0.0
772,2026,TY,2026Q1,2026-03,2026-03-19,2026-03-19,1058,Speech & Language Therapy,paid,BlueCross BlueShield of Texas,A.P,38.24,38.24,38.24,0.0
773,2026,TY,2026Q1,2026-03,2026-03-19,2026-03-19,1058,Speech & Language Therapy,paid,Patient,A.P,30.0,30.0,30.0,0.0
774,2026,TY,2026Q1,2026-03,2026-03-19,2026-03-19,1059,Speech & Language Therapy,no_charge,Patient,K.G,0.0,0.0,0.0,0.0
775,2026,TY,2026Q1,2026-03,2026-03-19,2026-03-19,1059,Speech & Language Therapy,paid,Texas Children's Health Plan,K.G,64.67,64.67,64.67,0.0
776,2026,TY,2026Q1,2026-03,2026-03-19,2026-03-19,1060,Speech & Language Therapy - Telehealth,no_charge,Patient,T.V,0.0,0.0,0.0,0.0
777,2026,TY,2026Q1,2026-03,2026-03-19,2026-03-19,1060,Speech & Language Therapy - Telehealth,paid,Texas Children's Health Plan,T.V,64.67,64.67,64.67,0.0
778,2026,TY,2026Q1,2026-03,2026-03-19,2026-03-19,1061,Speech & Language Therapy,no_charge,Patient,K.G,0.0,0.0,0.0,0.0
779,2026,TY,2026Q1,2026-03,2026-03-19,2026-03-19,1061,Speech & Language Therapy,paid,Texas Children's Health Plan,K.G,64.67,64.67,64.67,0.0
780,2026,TY,2026Q1,2026-03,2026-03-19,2026-03-19,1062,Speech & Language Therapy,paid,Patient,T.V,70.0,70.0,70.0,0.0
781,2026,TY,2026Q1,2026-03,2026-03-19,2026-03-19,1063,Speech & Language Therapy,no_charge,Patient,K.G,0.0,0.0,0.0,0.0
782,2026,TY,2026Q1,2026-03,2026-03-19,2026-03-19,1063,Speech & Language Therapy,paid,Texas Children's Health Plan,K.G,71.14,71.14,71.14,0.0
783,2026,TY,2026Q1,2026-03,2026-03-19,2026-03-19,1064,Speech & Language Therapy,no_charge,Patient,T.V,0.0,0.0,0.0,0.0
784,2026,TY,2026Q1,2026-03,2026-03-19,2026-03-19,1064,Speech & Language Therapy,paid,Texas Children's Health Plan,T.V,64.67,64.67,64.67,0.0
785,2026,TY,2026Q1,2026-03,2026-03-19,2026-03-19,1065,Speech & Language Therapy,no_charge,Patient,T.V,0.0,0.0,0.0,0.0
786,2026,TY,2026Q1,2026-03,2026-03-19,2026-03-19,1065,Speech & Language Therapy,paid,Texas Children's Health Plan,T.V,64.67,64.67,64.67,0.0
787,2026,TY,2026Q1,2026-03,2026-03-19,2026-03-19,1066,Speech & Language Therapy,no_charge,BlueCross BlueShield of Texas,T.V,0.0,0.0,0.0,0.0
788,2026,TY,2026Q1,2026-03,2026-03-19,2026-03-19,1066,Speech & Language Therapy,no_charge,Patient,T.V,0.0,0.0,0.0,0.0
789,2026,TY,2026Q1,2026-03,2026-03-19,2026-03-19,1066,Speech & Language Therapy,paid,Texas Children's Health Plan,T.V,64.67,64.67,64.67,0.0
790,2026,TY,2026Q1,2026-03,2026-03-19,2026-03-19,1067,Speech & Language Therapy,paid,Patient,K.G,70.0,70.0,70.0,0.0
791,2026,TY,2026Q1,2026-03,2026-03-20,2026-03-20,1068,Speech & Language Therapy,no_charge,Patient,A.P,0.0,0.0,0.0,0.0
792,2026,TY,2026Q1,2026-03,2026-03-20,2026-03-20,1068,Speech & Language Therapy,paid,Texas Children's Health Plan,A.P,80.84,80.84,80.84,0.0
793,2026,TY,2026Q1,2026-03,2026-03-20,2026-03-20,1069,Speech & Language Therapy,no_charge,Patient,A.P,0.0,0.0,0.0,0.0
794,2026,TY,2026Q1,2026-03,2026-03-20,2026-03-20,1069,Speech & Language Therapy,paid,UnitedHealthcare - Medicaid,A.P,86.22,86.22,86.22,0.0
795,2026,TY,2026Q1,2026-03,2026-03-20,2026-03-20,1070,Speech & Language Therapy,no_charge,BlueCross BlueShield of Texas,A.P,0.0,0.0,0.0,0.0
796,2026,TY,2026Q1,2026-03,2026-03-20,2026-03-20,1070,Speech & Language Therapy,paid,Patient,A.P,68.24,68.24,68.24,0.0
797,2026,TY,2026Q1,2026-03,2026-03-20,2026-03-20,1071,Speech & Language Therapy,paid,BlueCross BlueShield of Texas,A.P,43.24,43.24,43.24,0.0
798,2026,TY,2026Q1,2026-03,2026-03-20,2026-03-20,1071,Speech & Language Therapy,paid,Patient,A.P,25.0,25.0,25.0,0.0
799,2026,TY,2026Q1,2026-03,2026-03-20,2026-03-20,1072,Speech & Language Evaluation,no_charge,Patient,A.P,0.0,0.0,0.0,0.0
800,2026,TY,2026Q1,2026-03,2026-03-20,2026-03-20,1072,Speech & Language Evaluation,paid,Texas Children's Health Plan,A.P,127.36,127.36,127.36,0.0
801,2026,TY,2026Q1,2026-03,2026-03-20,2026-03-20,1073,Speech & Language Evaluation,no_charge,BlueCross BlueShield of Texas,A.P,0.0,0.0,0.0,0.0
802,2026,TY,2026Q1,2026-03,2026-03-20,2026-03-20,1073,Speech & Language Evaluation,paid,Patient,A.P,181.77,181.77,181.77,0.0
803,2026,TY,2026Q1,2026-03,2026-03-20,2026-03-20,1074,"Speech therapy, re-evaluation - No Show",no_charge,Patient,A.P,0.0,0.0,0.0,0.0
804,2026,TY,2026Q1,2026-03,2026-03-20,2026-03-20,1075,Speech & Language Therapy,no_charge,Patient,K.G,0.0,0.0,0.0,0.0
805,2026,TY,2026Q1,2026-03,2026-03-20,2026-03-20,1075,Speech & Language Therapy,paid,Texas Children's Health Plan,K.G,64.67,64.67,64.67,0.0
806,2026,TY,2026Q1,2026-03,2026-03-20,2026-03-20,1076,Speech & Language Therapy,no_charge,Patient,K.G,0.0,0.0,0.0,0.0
807,2026,TY,2026Q1,2026-03,2026-03-20,2026-03-20,1076,Speech & Language Therapy,paid,Texas Children's Health Plan,K.G,64.67,64.67,64.67,0.0
808,2026,TY,2026Q1,2026-03,2026-03-20,2026-03-20,1077,Speech & Language Therapy,paid,Patient,K.G,70.0,70.0,70.0,0.0
809,2026,TY,2026Q1,2026-03,2026-03-21,2026-03-21,1078,Speech & Language Therapy,paid,Patient,K.G,70.0,70.0,70.0,0.0
810,2026,TY,2026Q1,2026-03,2026-03-21,2026-03-21,1079,Speech & Language Therapy - Telehealth,no_charge,Patient,K.G,0.0,0.0,0.0,0.0
811,2026,TY,2026Q1,2026-03,2026-03-21,2026-03-21,1079,Speech & Language Therapy - Telehealth,paid,Texas Children's Health Plan,K.G,64.67,64.67,64.67,0.0
812,2026,TY,2026Q1,2026-03,2026-03-21,2026-03-21,1080,Speech & Language Therapy - Telehealth,no_charge,Patient,K.G,0.0,0.0,0.0,0.0
813,2026,TY,2026Q1,2026-03,2026-03-21,2026-03-21,1080,Speech & Language Therapy - Telehealth,paid,Texas Children's Health Plan,K.G,64.67,64.67,64.67,0.0
814,2026,TY,2026Q1,2026-03,2026-03-21,2026-03-21,1081,Speech & Language Therapy,no_charge,Patient,K.G,0.0,0.0,0.0,0.0
815,2026,TY,2026Q1,2026-03,2026-03-21,2026-03-21,1081,Speech & Language Therapy,paid,Texas Children's Health Plan,K.G,64.67,64.67,64.67,0.0
816,2026,TY,2026Q1,2026-03,2026-03-23,2026-03-23,1082,Speech & Language Therapy,no_charge,Patient,A.P,0.0,0.0,0.0,0.0
817,2026,TY,2026Q1,2026-03,2026-03-23,2026-03-23,1082,Speech & Language Therapy,paid,Texas Children's Health Plan,A.P,80.84,80.84,80.84,0.0
818,2026,TY,2026Q1,2026-03,2026-03-23,2026-03-23,1083,Speech & Language Therapy,no_charge,Patient,A.P,0.0,0.0,0.0,0.0
819,2026,TY,2026Q1,2026-03,2026-03-23,2026-03-23,1083,Speech & Language Therapy,paid,UnitedHealthcare - Medicaid,A.P,86.22,86.22,86.22,0.0
820,2026,TY,2026Q1,2026-03,2026-03-23,2026-03-23,1084,Speech & Language Therapy,no_charge,BlueCross BlueShield of Texas,A.P,0.0,0.0,0.0,0.0
821,2026,TY,2026Q1,2026-03,2026-03-23,2026-03-23,1084,Speech & Language Therapy,paid,Patient,A.P,68.24,68.24,68.24,0.0
822,2026,TY,2026Q1,2026-03,2026-03-23,2026-03-23,1085,Speech & Language Therapy,paid,BlueCross BlueShield of Texas,A.P,43.24,43.24,43.24,0.0
823,2026,TY,2026Q1,2026-03,2026-03-23,2026-03-23,1085,Speech & Language Therapy,paid,Patient,A.P,25.0,25.0,25.0,0.0
824,2026,TY,2026Q1,2026-03,2026-03-23,2026-03-23,1086,Speech & Language Evaluation,no_charge,Patient,A.P,0.0,0.0,0.0,0.0
825,2026,TY,2026Q1,2026-03,2026-03-23,2026-03-23,1086,Speech & Language Evaluation,paid,Community Health Choice,A.P,135.85,135.85,135.85,0.0
826,2026,TY,2026Q1,2026-03,2026-03-23,2026-03-23,1087,Speech & Language Therapy - Telehealth,no_charge,Patient,T.V,0.0,0.0,0.0,0.0
827,2026,TY,2026Q1,2026-03,2026-03-23,2026-03-23,1087,Speech & Language Therapy - Telehealth,paid,Texas Children's Health Plan,T.V,64.67,64.67,64.67,0.0
828,2026,TY,2026Q1,2026-03,2026-03-23,2026-03-23,1088,Speech & Language Therapy,no_charge,Patient,T.V,0.0,0.0,0.0,0.0
829,2026,TY,2026Q1,2026-03,2026-03-23,2026-03-23,1088,Speech & Language Therapy,paid,Texas Children's Health Plan - CHIP,T.V,64.67,64.67,64.67,0.0
830,2026,TY,2026Q1,2026-03,2026-03-23,2026-03-23,1089,Speech & Language Therapy,no_charge,Patient,T.V,0.0,0.0,0.0,0.0
831,2026,TY,2026Q1,2026-03,2026-03-23,2026-03-23,1089,Speech & Language Therapy,paid,Texas Children's Health Plan - CHIP,T.V,64.67,64.67,64.67,0.0
832,2026,TY,2026Q1,2026-03,2026-03-23,2026-03-23,1090,Speech & Language Therapy,no_charge,Patient,T.V,0.0,0.0,0.0,0.0
833,2026,TY,2026Q1,2026-03,2026-03-23,2026-03-23,1090,Speech & Language Therapy,paid,Community Health Choice,T.V,68.98,68.98,68.98,0.0
834,2026,TY,2026Q1,2026-03,2026-03-24,2026-03-24,1091,Speech & Language Therapy,no_charge,Patient,A.P,0.0,0.0,0.0,0.0
835,2026,TY,2026Q1,2026-03,2026-03-24,2026-03-24,1091,Speech & Language Therapy,paid,Texas Children's Health Plan,A.P,80.84,80.84,80.84,0.0
836,2026,TY,2026Q1,2026-03,2026-03-24,2026-03-24,1092,Speech & Language Therapy,no_charge,Patient,A.P,0.0,0.0,0.0,0.0
837,2026,TY,2026Q1,2026-03,2026-03-24,2026-03-24,1092,Speech & Language Therapy,paid,Texas Children's Health Plan,A.P,80.84,80.84,80.84,0.0
838,2026,TY,2026Q1,2026-03,2026-03-24,2026-03-24,1093,Speech & Language Therapy,no_charge,Patient,A.P,0.0,0.0,0.0,0.0
839,2026,TY,2026Q1,2026-03,2026-03-24,2026-03-24,1093,Speech & Language Therapy,paid,Texas Children's Health Plan,A.P,80.84,80.84,80.84,0.0
840,2026,TY,2026Q1,2026-03,2026-03-24,2026-03-24,1094,Speech & Language Therapy,no_charge,Patient,A.P,0.0,0.0,0.0,0.0
841,2026,TY,2026Q1,2026-03,2026-03-24,2026-03-24,1094,Speech & Language Therapy,paid,Texas Children's Health Plan,A.P,80.84,80.84,80.84,0.0
842,2026,TY,2026Q1,2026-03,2026-03-24,2026-03-24,1095,Speech & Language Therapy,no_charge,Patient,A.P,0.0,0.0,0.0,0.0
843,2026,TY,2026Q1,2026-03,2026-03-24,2026-03-24,1095,Speech & Language Therapy,paid,Texas Children's Health Plan,A.P,80.84,80.84,80.84,0.0
844,2026,TY,2026Q1,2026-03,2026-03-24,2026-03-24,1096,Speech & Language Therapy,no_charge,Patient,A.P,0.0,0.0,0.0,0.0
845,2026,TY,2026Q1,2026-03,2026-03-24,2026-03-24,1096,Speech & Language Therapy,paid,Texas Children's Health Plan,A.P,80.84,80.84,80.84,0.0
846,2026,TY,2026Q1,2026-03,2026-03-24,2026-03-24,1097,Speech & Language Therapy,no_charge,Patient,A.P,0.0,0.0,0.0,0.0
847,2026,TY,2026Q1,2026-03,2026-03-24,2026-03-24,1097,Speech & Language Therapy,paid,Texas Children's Health Plan,A.P,80.84,80.84,80.84,0.0
848,2026,TY,2026Q1,2026-03,2026-03-24,2026-03-24,1098,Speech & Language Therapy,no_charge,Patient,A.P,0.0,0.0,0.0,0.0
849,2026,TY,2026Q1,2026-03,2026-03-24,2026-03-24,1098,Speech & Language Therapy,paid,Texas Children's Health Plan,A.P,80.84,80.84,80.84,0.0
850,2026,TY,2026Q1,2026-03,2026-03-24,2026-03-24,1099,Speech & Language Therapy,no_charge,Patient,T.V,0.0,0.0,0.0,0.0
851,2026,TY,2026Q1,2026-03,2026-03-24,2026-03-24,1099,Speech & Language Therapy,paid,Texas Children's Health Plan - CHIP,T.V,64.67,64.67,64.67,0.0
852,2026,TY,2026Q1,2026-03,2026-03-24,2026-03-24,1100,Speech & Language Therapy,no_charge,Patient,T.V,0.0,0.0,0.0,0.0
853,2026,TY,2026Q1,2026-03,2026-03-24,2026-03-24,1100,Speech & Language Therapy,paid,Texas Children's Health Plan,T.V,64.67,64.67,64.67,0.0
854,2026,TY,2026Q1,2026-03,2026-03-24,2026-03-24,1101,Speech & Language Therapy,no_charge,BlueCross BlueShield of Texas,T.V,0.0,0.0,0.0,0.0
855,2026,TY,2026Q1,2026-03,2026-03-24,2026-03-24,1101,Speech & Language Therapy,no_charge,Patient,T.V,0.0,0.0,0.0,0.0
856,2026,TY,2026Q1,2026-03,2026-03-24,2026-03-24,1101,Speech & Language Therapy,paid,Texas Children's Health Plan,T.V,64.67,64.67,64.67,0.0
857,2026,TY,2026Q1,2026-03,2026-03-24,2026-03-24,1102,Speech & Language Therapy,no_charge,Patient,A.P,0.0,0.0,0.0,0.0
858,2026,TY,2026Q1,2026-03,2026-03-24,2026-03-24,1102,Speech & Language Therapy,paid,Texas Children's Health Plan,A.P,88.92,88.92,88.92,0.0
859,2026,TY,2026Q1,2026-03,2026-03-24,2026-03-24,1103,Speech & Language Therapy,no_charge,Patient,A.P,0.0,0.0,0.0,0.0
860,2026,TY,2026Q1,2026-03,2026-03-24,2026-03-24,1103,Speech & Language Therapy,paid,Texas Children's Health Plan,A.P,88.92,88.92,88.92,0.0
861,2026,TY,2026Q1,2026-03,2026-03-24,2026-03-24,1104,Speech & Language Therapy,no_charge,Patient,A.P,0.0,0.0,0.0,0.0
862,2026,TY,2026Q1,2026-03,2026-03-24,2026-03-24,1104,Speech & Language Therapy,paid,Texas Children's Health Plan,A.P,88.92,88.92,88.92,0.0
863,2026,TY,2026Q1,2026-03,2026-03-25,2026-03-25,1105,Speech & Language Therapy,no_charge,Patient,A.P,0.0,0.0,0.0,0.0
864,2026,TY,2026Q1,2026-03,2026-03-25,2026-03-25,1105,Speech & Language Therapy,paid,Texas Children's Health Plan,A.P,80.84,80.84,80.84,0.0
865,2026,TY,2026Q1,2026-03,2026-03-25,2026-03-25,1106,Speech & Language Therapy,no_charge,Patient,A.P,0.0,0.0,0.0,0.0
866,2026,TY,2026Q1,2026-03,2026-03-25,2026-03-25,1106,Speech & Language Therapy,paid,UnitedHealthcare - Medicaid,A.P,86.22,86.22,86.22,0.0
867,2026,TY,2026Q1,2026-03,2026-03-25,2026-03-25,1107,Speech & Language Therapy,no_charge,BlueCross BlueShield of Texas,A.P,0.0,0.0,0.0,0.0
868,2026,TY,2026Q1,2026-03,2026-03-25,2026-03-25,1107,Speech & Language Therapy,paid,Patient,A.P,68.24,68.24,68.24,0.0
869,2026,TY,2026Q1,2026-03,2026-03-25,2026-03-25,1108,Speech & Language Therapy,paid,BlueCross BlueShield of Texas,A.P,43.24,43.24,43.24,0.0
870,2026,TY,2026Q1,2026-03,2026-03-25,2026-03-25,1108,Speech & Language Therapy,paid,Patient,A.P,25.0,25.0,25.0,0.0
871,2026,TY,2026Q1,2026-03,2026-03-25,2026-03-25,1109,Speech & Language Therapy,paid,Patient,A.P,90.0,90.0,90.0,0.0
872,2026,TY,2026Q1,2026-03,2026-03-25,2026-03-25,1110,Speech & Language Therapy - Telehealth,no_charge,Patient,K.G,0.0,0.0,0.0,0.0
873,2026,TY,2026Q1,2026-03,2026-03-25,2026-03-25,1110,Speech & Language Therapy - Telehealth,paid,Texas Children's Health Plan,K.G,64.67,64.67,64.67,0.0
874,2026,TY,2026Q1,2026-03,2026-03-25,2026-03-25,1111,Speech & Language Therapy,no_charge,Patient,K.G,0.0,0.0,0.0,0.0
875,2026,TY,2026Q1,2026-03,2026-03-25,2026-03-25,1111,Speech & Language Therapy,paid,Texas Children's Health Plan,K.G,64.67,64.67,64.67,0.0
876,2026,TY,2026Q1,2026-03,2026-03-25,2026-03-25,1112,Speech & Language Therapy,no_charge,Patient,K.G,0.0,0.0,0.0,0.0
877,2026,TY,2026Q1,2026-03,2026-03-25,2026-03-25,1112,Speech & Language Therapy,paid,Texas Children's Health Plan,K.G,64.67,64.67,64.67,0.0
878,2026,TY,2026Q1,2026-03,2026-03-25,2026-03-25,1113,Speech & Language Therapy,no_charge,Patient,K.G,0.0,0.0,0.0,0.0
879,2026,TY,2026Q1,2026-03,2026-03-25,2026-03-25,1113,Speech & Language Therapy,paid,Texas Children's Health Plan,K.G,64.67,64.67,64.67,0.0
880,2026,TY,2026Q1,2026-03,2026-03-25,2026-03-25,1114,Speech & Language Therapy,no_charge,Patient,K.G,0.0,0.0,0.0,0.0
881,2026,TY,2026Q1,2026-03,2026-03-25,2026-03-25,1114,Speech & Language Therapy,paid,Texas Children's Health Plan,K.G,64.67,64.67,64.67,0.0
882,2026,TY,2026Q1,2026-03,2026-03-25,2026-03-25,1115,Speech & Language Therapy,no_charge,Patient,A.P,0.0,0.0,0.0,0.0
883,2026,TY,2026Q1,2026-03,2026-03-25,2026-03-25,1115,Speech & Language Therapy,paid,Texas Children's Health Plan,A.P,88.92,88.92,88.92,0.0
884,2026,TY,2026Q1,2026-03,2026-03-26,2026-03-26,1116,Speech & Language Therapy,paid,BlueCross BlueShield of Texas,A.P,33.24,33.24,33.24,0.0
885,2026,TY,2026Q1,2026-03,2026-03-26,2026-03-26,1116,Speech & Language Therapy,paid,Patient,A.P,35.0,35.0,35.0,0.0
886,2026,TY,2026Q1,2026-03,2026-03-26,2026-03-26,1117,Speech & Language Therapy,paid,BlueCross BlueShield of Texas,A.P,54.6,54.6,54.6,0.0
887,2026,TY,2026Q1,2026-03,2026-03-26,2026-03-26,1117,Speech & Language Therapy,paid,Patient,A.P,13.64,13.64,13.64,0.0
888,2026,TY,2026Q1,2026-03,2026-03-26,2026-03-26,1118,Speech & Language Therapy,no_charge,Patient,A.P,0.0,0.0,0.0,0.0
889,2026,TY,2026Q1,2026-03,2026-03-26,2026-03-26,1118,Speech & Language Therapy,paid,Texas Children's Health Plan,A.P,80.84,80.84,80.84,0.0
890,2026,TY,2026Q1,2026-03,2026-03-26,2026-03-26,1119,Speech & Language Therapy,no_charge,Patient,A.P,0.0,0.0,0.0,0.0
891,2026,TY,2026Q1,2026-03,2026-03-26,2026-03-26,1119,Speech & Language Therapy,paid,Texas Children's Health Plan,A.P,80.84,80.84,80.84,0.0
892,2026,TY,2026Q1,2026-03,2026-03-26,2026-03-26,1120,Speech & Language Therapy - No Show,no_charge,Patient,A.P,0.0,0.0,0.0,0.0
893,2026,TY,2026Q1,2026-03,2026-03-26,2026-03-26,1121,Speech & Language Therapy - No Show,no_charge,Patient,A.P,0.0,0.0,0.0,0.0
894,2026,TY,2026Q1,2026-03,2026-03-26,2026-03-26,1122,Speech & Language Therapy,no_charge,Patient,A.P,0.0,0.0,0.0,0.0
895,2026,TY,2026Q1,2026-03,2026-03-26,2026-03-26,1122,Speech & Language Therapy,paid,Texas Children's Health Plan,A.P,80.84,80.84,80.84,0.0
896,2026,TY,2026Q1,2026-03,2026-03-26,2026-03-26,1123,Speech & Language Therapy,paid,BlueCross BlueShield of Texas,A.P,38.24,38.24,38.24,0.0
897,2026,TY,2026Q1,2026-03,2026-03-26,2026-03-26,1123,Speech & Language Therapy,paid,Patient,A.P,30.0,30.0,30.0,0.0
898,2026,TY,2026Q1,2026-03,2026-03-26,2026-03-26,1124,Speech & Language Therapy - Telehealth,no_charge,Patient,T.V,0.0,0.0,0.0,0.0
899,2026,TY,2026Q1,2026-03,2026-03-26,2026-03-26,1124,Speech & Language Therapy - Telehealth,paid,Texas Children's Health Plan,T.V,64.67,64.67,64.67,0.0
900,2026,TY,2026Q1,2026-03,2026-03-26,2026-03-26,1125,Speech & Language Therapy,paid,Patient,T.V,70.0,70.0,70.0,0.0
901,2026,TY,2026Q1,2026-03,2026-03-26,2026-03-26,1126,Speech & Language Therapy,no_charge,Patient,K.G,0.0,0.0,0.0,0.0
902,2026,TY,2026Q1,2026-03,2026-03-26,2026-03-26,1126,Speech & Language Therapy,paid,Texas Children's Health Plan,K.G,64.67,64.67,64.67,0.0
903,2026,TY,2026Q1,2026-03,2026-03-26,2026-03-26,1127,Speech & Language Therapy,no_charge,Patient,K.G,0.0,0.0,0.0,0.0
904,2026,TY,2026Q1,2026-03,2026-03-26,2026-03-26,1127,Speech & Language Therapy,paid,Texas Children's Health Plan,K.G,64.67,64.67,64.67,0.0
905,2026,TY,2026Q1,2026-03,2026-03-26,2026-03-26,1128,Speech & Language Therapy,no_charge,Patient,T.V,0.0,0.0,0.0,0.0
906,2026,TY,2026Q1,2026-03,2026-03-26,2026-03-26,1128,Speech & Language Therapy,paid,Texas Children's Health Plan,T.V,64.67,64.67,64.67,0.0
907,2026,TY,2026Q1,2026-03,2026-03-26,2026-03-26,1129,Speech & Language Therapy,no_charge,Patient,T.V,0.0,0.0,0.0,0.0
908,2026,TY,2026Q1,2026-03,2026-03-26,2026-03-26,1129,Speech & Language Therapy,paid,Texas Children's Health Plan,T.V,64.67,64.67,64.67,0.0
909,2026,TY,2026Q1,2026-03,2026-03-26,2026-03-26,1130,Speech & Language Therapy,no_charge,Patient,K.G,0.0,0.0,0.0,0.0
910,2026,TY,2026Q1,2026-03,2026-03-26,2026-03-26,1130,Speech & Language Therapy,paid,Texas Children's Health Plan,K.G,64.67,64.67,64.67,0.0
911,2026,TY,2026Q1,2026-03,2026-03-26,2026-03-26,1131,Speech & Language Therapy,paid,Patient,K.G,70.0,70.0,70.0,0.0
912,2026,TY,2026Q1,2026-03,2026-03-27,2026-03-27,1132,Speech & Language Evaluation,no_charge,BlueCross BlueShield of Texas,A.P,0.0,0.0,0.0,0.0
913,2026,TY,2026Q1,2026-03,2026-03-27,2026-03-27,1132,Speech & Language Evaluation,paid,Patient,A.P,181.77,181.77,181.77,0.0
914,2026,TY,2026Q1,2026-03,2026-03-27,2026-03-27,1133,"Speech therapy, re-evaluation",no_charge,Patient,A.P,0.0,0.0,0.0,0.0
915,2026,TY,2026Q1,2026-03,2026-03-27,2026-03-27,1133,"Speech therapy, re-evaluation",paid,Texas Children's Health Plan,A.P,89.15,89.15,89.15,0.0
916,2026,TY,2026Q1,2026-03,2026-03-27,2026-03-27,1134,Speech & Language Evaluation,no_charge,BlueCross BlueShield of Texas,A.P,0.0,0.0,0.0,0.0
917,2026,TY,2026Q1,2026-03,2026-03-27,2026-03-27,1134,Speech & Language Evaluation,paid,Patient,A.P,106.01,106.01,106.01,0.0
918,2026,TY,2026Q1,2026-03,2026-03-27,2026-03-27,1135,Speech & Language Therapy,no_charge,Patient,K.G,0.0,0.0,0.0,0.0
919,2026,TY,2026Q1,2026-03,2026-03-27,2026-03-27,1135,Speech & Language Therapy,paid,Texas Children's Health Plan,K.G,64.67,64.67,64.67,0.0
920,2026,TY,2026Q1,2026-03,2026-03-27,2026-03-27,1136,Speech & Language Therapy,no_charge,Patient,K.G,0.0,0.0,0.0,0.0
921,2026,TY,2026Q1,2026-03,2026-03-27,2026-03-27,1136,Speech & Language Therapy,paid,Texas Children's Health Plan,K.G,64.67,64.67,64.67,0.0
922,2026,TY,2026Q1,2026-03,2026-03-27,2026-03-27,1137,Speech & Language Therapy,no_charge,Patient,K.G,0.0,0.0,0.0,0.0
923,2026,TY,2026Q1,2026-03,2026-03-27,2026-03-27,1137,Speech & Language Therapy,paid,Texas Children's Health Plan,K.G,71.14,71.14,71.14,0.0
924,2026,TY,2026Q1,2026-03,2026-03-27,2026-03-27,1138,Speech & Language Therapy,paid,Patient,K.G,70.0,70.0,70.0,0.0
925,2026,TY,2026Q1,2026-03,2026-03-28,2026-03-28,1139,Speech & Language Therapy,paid,Patient,K.G,70.0,70.0,70.0,0.0
926,2026,TY,2026Q1,2026-03,2026-03-28,2026-03-28,1140,Speech & Language Therapy,no_charge,Patient,K.G,0.0,0.0,0.0,0.0
927,2026,TY,2026Q1,2026-03,2026-03-28,2026-03-28,1140,Speech & Language Therapy,paid,Texas Children's Health Plan,K.G,64.67,64.67,64.67,0.0
928,2026,TY,2026Q1,2026-03,2026-03-28,2026-03-28,1141,Speech & Language Therapy,no_charge,Patient,K.G,0.0,0.0,0.0,0.0
929,2026,TY,2026Q1,2026-03,2026-03-28,2026-03-28,1141,Speech & Language Therapy,paid,Texas Children's Health Plan,K.G,64.67,64.67,64.67,0.0
930,2026,TY,2026Q1,2026-03,2026-03-28,2026-03-28,1142,Speech & Language Therapy,no_charge,Patient,K.G,0.0,0.0,0.0,0.0
931,2026,TY,2026Q1,2026-03,2026-03-28,2026-03-28,1142,Speech & Language Therapy,paid,UnitedHealthcare - Medicaid,K.G,68.98,68.98,68.98,0.0
932,2026,TY,2026Q1,2026-03,2026-03-28,2026-03-28,1143,Speech & Language Therapy,no_charge,Patient,K.G,0.0,0.0,0.0,0.0
933,2026,TY,2026Q1,2026-03,2026-03-28,2026-03-28,1143,Speech & Language Therapy,paid,Texas Children's Health Plan,K.G,64.67,64.67,64.67,0.0
934,2026,TY,2026Q1,2026-03,2026-03-28,2026-03-28,1144,Speech & Language Therapy,no_charge,Patient,K.G,0.0,0.0,0.0,0.0
935,2026,TY,2026Q1,2026-03,2026-03-28,2026-03-28,1144,Speech & Language Therapy,paid,Texas Children's Health Plan,K.G,64.67,64.67,64.67,0.0
936,2026,TY,2026Q1,2026-03,2026-03-28,2026-03-28,1145,Speech & Language Therapy,no_charge,Patient,K.G,0.0,0.0,0.0,0.0
937,2026,TY,2026Q1,2026-03,2026-03-28,2026-03-28,1145,Speech & Language Therapy,paid,Texas Children's Health Plan,K.G,64.67,64.67,64.67,0.0
938,2026,TY,2026Q1,2026-03,2026-03-30,2026-03-30,1146,Speech & Language Therapy,no_charge,Patient,A.P,0.0,0.0,0.0,0.0
939,2026,TY,2026Q1,2026-03,2026-03-30,2026-03-30,1146,Speech & Language Therapy,paid,Texas Children's Health Plan,A.P,80.84,80.84,80.84,0.0
940,2026,TY,2026Q1,2026-03,2026-03-30,2026-03-30,1147,Speech & Language Therapy,no_charge,Patient,A.P,0.0,0.0,0.0,0.0
941,2026,TY,2026Q1,2026-03,2026-03-30,2026-03-30,1147,Speech & Language Therapy,paid,UnitedHealthcare - Medicaid,A.P,86.22,86.22,86.22,0.0
942,2026,TY,2026Q1,2026-03,2026-03-30,2026-03-30,1148,Speech & Language Therapy,no_charge,BlueCross BlueShield of Texas,A.P,0.0,0.0,0.0,0.0
943,2026,TY,2026Q1,2026-03,2026-03-30,2026-03-30,1148,Speech & Language Therapy,paid,Patient,A.P,68.24,68.24,68.24,0.0
944,2026,TY,2026Q1,2026-03,2026-03-30,2026-03-30,1149,Speech & Language Therapy,paid,BlueCross BlueShield of Texas,A.P,43.24,43.24,43.24,0.0
945,2026,TY,2026Q1,2026-03,2026-03-30,2026-03-30,1149,Speech & Language Therapy,paid,Patient,A.P,25.0,25.0,25.0,0.0
946,2026,TY,2026Q1,2026-03,2026-03-30,2026-03-30,1150,Speech & Language Therapy,paid,BlueCross BlueShield of Texas,A.P,38.24,38.24,38.24,0.0
947,2026,TY,2026Q1,2026-03,2026-03-30,2026-03-30,1150,Speech & Language Therapy,paid,Patient,A.P,30.0,30.0,30.0,0.0
948,2026,TY,2026Q1,2026-03,2026-03-30,2026-03-30,1151,Speech & Language Therapy,no_charge,Patient,T.V,0.0,0.0,0.0,0.0
949,2026,TY,2026Q1,2026-03,2026-03-30,2026-03-30,1151,Speech & Language Therapy,paid,Texas Children's Health Plan - CHIP,T.V,64.67,64.67,64.67,0.0
950,2026,TY,2026Q1,2026-03,2026-03-30,2026-03-30,1152,Speech & Language Therapy,no_charge,Patient,T.V,0.0,0.0,0.0,0.0
951,2026,TY,2026Q1,2026-03,2026-03-30,2026-03-30,1152,Speech & Language Therapy,paid,Texas Children's Health Plan - CHIP,T.V,64.67,64.67,64.67,0.0
952,2026,TY,2026Q1,2026-03,2026-03-30,2026-03-30,1153,Speech & Language Therapy,no_charge,Patient,T.V,0.0,0.0,0.0,0.0
953,2026,TY,2026Q1,2026-03,2026-03-30,2026-03-30,1153,Speech & Language Therapy,paid,Community Health Choice,T.V,68.98,68.98,68.98,0.0
954,2026,TY,2026Q1,2026-03,2026-03-30,2026-03-30,1154,Speech & Language Therapy,no_charge,Patient,T.V,0.0,0.0,0.0,0.0
955,2026,TY,2026Q1,2026-03,2026-03-30,2026-03-30,1154,Speech & Language Therapy,paid,Texas Children's Health Plan,T.V,64.67,64.67,64.67,0.0
956,2026,TY,2026Q1,2026-03,2026-03-31,2026-03-31,1155,Speech & Language Therapy - No Show,no_charge,Patient,A.P,0.0,0.0,0.0,0.0
957,2026,TY,2026Q1,2026-03,2026-03-31,2026-03-31,1156,Speech & Language Therapy,no_charge,Patient,A.P,0.0,0.0,0.0,0.0
958,2026,TY,2026Q1,2026-03,2026-03-31,2026-03-31,1156,Speech & Language Therapy,paid,Texas Children's Health Plan,A.P,80.84,80.84,80.84,0.0
959,2026,TY,2026Q1,2026-03,2026-03-31,2026-03-31,1157,Speech & Language Therapy,no_charge,Patient,A.P,0.0,0.0,0.0,0.0
960,2026,TY,2026Q1,2026-03,2026-03-31,2026-03-31,1157,Speech & Language Therapy,paid,Texas Children's Health Plan,A.P,80.84,80.84,80.84,0.0
961,2026,TY,2026Q1,2026-03,2026-03-31,2026-03-31,1158,Speech & Language Therapy,no_charge,Patient,A.P,0.0,0.0,0.0,0.0
962,2026,TY,2026Q1,2026-03,2026-03-31,2026-03-31,1158,Speech & Language Therapy,paid,Texas Children's Health Plan,A.P,80.84,80.84,80.84,0.0
963,2026,TY,2026Q1,2026-03,2026-03-31,2026-03-31,1159,Speech & Language Therapy,no_charge,Patient,A.P,0.0,0.0,0.0,0.0
964,2026,TY,2026Q1,2026-03,2026-03-31,2026-03-31,1159,Speech & Language Therapy,paid,Texas Children's Health Plan,A.P,80.84,80.84,80.84,0.0
965,2026,TY,2026Q1,2026-03,2026-03-31,2026-03-31,1160,Speech & Language Therapy,no_charge,Patient,A.P,0.0,0.0,0.0,0.0
966,2026,TY,2026Q1,2026-03,2026-03-31,2026-03-31,1160,Speech & Language Therapy,paid,Texas Children's Health Plan,A.P,80.84,80.84,80.84,0.0
967,2026,TY,2026Q1,2026-03,2026-03-31,2026-03-31,1161,Speech & Language Therapy,no_charge,Patient,T.V,0.0,0.0,0.0,0.0
968,2026,TY,2026Q1,2026-03,2026-03-31,2026-03-31,1161,Speech & Language Therapy,paid,Texas Children's Health Plan,T.V,64.67,64.67,64.67,0.0
969,2026,TY,2026Q1,2026-03,2026-03-31,2026-03-31,1167,Speech & Language Therapy - Home,no_charge,Patient,A.P,0.0,0.0,0.0,0.0
970,2026,TY,2026Q1,2026-03,2026-03-31,2026-03-31,1167,Speech & Language Therapy - Home,paid,Texas Children's Health Plan,A.P,88.92,88.92,88.92,0.0
971,2026,TY,2026Q2,2026-04,2026-04-01,2026-04-01,1162,Speech & Language Therapy,no_charge,Patient,A.P,0.0,0.0,0.0,0.0
972,2026,TY,2026Q2,2026-04,2026-04-01,2026-04-01,1162,Speech & Language Therapy,paid,Texas Children's Health Plan,A.P,80.84,80.84,80.84,0.0
973,2026,TY,2026Q2,2026-04,2026-04-01,2026-04-01,1163,Speech & Language Therapy,no_charge,Patient,A.P,0.0,0.0,0.0,0.0
974,2026,TY,2026Q2,2026-04,2026-04-01,2026-04-01,1163,Speech & Language Therapy,paid,UnitedHealthcare - Medicaid,A.P,86.22,86.22,86.22,0.0
975,2026,TY,2026Q2,2026-04,2026-04-01,2026-04-01,1164,Speech & Language Therapy,no_charge,BlueCross BlueShield of Texas,A.P,0.0,0.0,0.0,0.0
976,2026,TY,2026Q2,2026-04,2026-04-01,2026-04-01,1164,Speech & Language Therapy,paid,Patient,A.P,68.24,68.24,68.24,0.0
977,2026,TY,2026Q2,2026-04,2026-04-01,2026-04-01,1165,Speech & Language Therapy,paid,BlueCross BlueShield of Texas,A.P,43.24,43.24,43.24,0.0
978,2026,TY,2026Q2,2026-04,2026-04-01,2026-04-01,1165,Speech & Language Therapy,paid,Patient,A.P,25.0,25.0,25.0,0.0
979,2026,TY,2026Q2,2026-04,2026-04-01,2026-04-01,1166,Speech & Language Therapy,paid,BlueCross BlueShield of Texas,A.P,38.24,38.24,38.24,0.0
980,2026,TY,2026Q2,2026-04,2026-04-01,2026-04-01,1166,Speech & Language Therapy,paid,Patient,A.P,30.0,30.0,30.0,0.0
981,2026,TY,2026Q2,2026-04,2026-04-01,2026-04-01,1168,Speech & Language Therapy - Telehealth,paid,BlueCross BlueShield of Texas,A.P,54.6,54.6,54.6,0.0
982,2026,TY,2026Q2,2026-04,2026-04-01,2026-04-01,1168,Speech & Language Therapy - Telehealth,paid,Patient,A.P,13.64,13.64,13.64,0.0
983,2026,TY,2026Q2,2026-04,2026-04-01,2026-04-01,1169,Speech & Language Therapy - Telehealth,no_charge,Patient,K.G,0.0,0.0,0.0,0.0
984,2026,TY,2026Q2,2026-04,2026-04-01,2026-04-01,1169,Speech & Language Therapy - Telehealth,paid,Texas Children's Health Plan,K.G,64.67,64.67,64.67,0.0
985,2026,TY,2026Q2,2026-04,2026-04-01,2026-04-01,1170,Speech & Language Therapy - Telehealth,no_charge,Patient,K.G,0.0,0.0,0.0,0.0
986,2026,TY,2026Q2,2026-04,2026-04-01,2026-04-01,1170,Speech & Language Therapy - Telehealth,paid,Texas Children's Health Plan,K.G,64.67,64.67,64.67,0.0
987,2026,TY,2026Q2,2026-04,2026-04-01,2026-04-01,1171,Speech & Language Therapy,no_charge,Patient,K.G,0.0,0.0,0.0,0.0
988,2026,TY,2026Q2,2026-04,2026-04-01,2026-04-01,1171,Speech & Language Therapy,paid,Texas Children's Health Plan,K.G,64.67,64.67,64.67,0.0
989,2026,TY,2026Q2,2026-04,2026-04-01,2026-04-01,1172,Speech & Language Therapy,no_charge,Patient,K.G,0.0,0.0,0.0,0.0
990,2026,TY,2026Q2,2026-04,2026-04-01,2026-04-01,1172,Speech & Language Therapy,paid,Texas Children's Health Plan,K.G,64.67,64.67,64.67,0.0
991,2026,TY,2026Q2,2026-04,2026-04-01,2026-04-01,1173,Speech & Language Therapy,no_charge,Patient,K.G,0.0,0.0,0.0,0.0
992,2026,TY,2026Q2,2026-04,2026-04-01,2026-04-01,1173,Speech & Language Therapy,paid,Texas Children's Health Plan,K.G,64.67,64.67,64.67,0.0
993,2026,TY,2026Q2,2026-04,2026-04-01,2026-04-01,1174,Speech & Language Therapy,paid,Patient,K.G,70.0,70.0,70.0,0.0
994,2026,TY,2026Q2,2026-04,2026-04-01,2026-04-01,1175,Speech & Language Therapy,no_charge,Patient,A.P,0.0,0.0,0.0,0.0
995,2026,TY,2026Q2,2026-04,2026-04-01,2026-04-01,1175,Speech & Language Therapy,paid,Texas Children's Health Plan - CHIP,A.P,80.84,80.84,80.84,0.0
996,2026,TY,2026Q2,2026-04,2026-04-01,2026-04-01,1176,Speech & Language Therapy,no_charge,Patient,A.P,0.0,0.0,0.0,0.0
997,2026,TY,2026Q2,2026-04,2026-04-01,2026-04-01,1176,Speech & Language Therapy,paid,Texas Children's Health Plan - CHIP,A.P,80.84,80.84,80.84,0.0
998,2026,TY,2026Q2,2026-04,2026-04-02,2026-04-02,1177,Speech & Language Therapy,paid,BlueCross BlueShield of Texas,A.P,33.24,33.24,33.24,0.0
999,2026,TY,2026Q2,2026-04,2026-04-02,2026-04-02,1177,Speech & Language Therapy,paid,Patient,A.P,35.0,35.0,35.0,0.0
1000,2026,TY,2026Q2,2026-04,2026-04-02,2026-04-02,1178,Speech & Language Therapy,no_charge,Patient,A.P,0.0,0.0,0.0,0.0
1001,2026,TY,2026Q2,2026-04,2026-04-02,2026-04-02,1178,Speech & Language Therapy,paid,Texas Children's Health Plan,A.P,80.84,80.84,80.84,0.0
1002,2026,TY,2026Q2,2026-04,2026-04-02,2026-04-02,1179,"Speech therapy, re-evaluation",no_charge,Patient,A.P,0.0,0.0,0.0,0.0
1003,2026,TY,2026Q2,2026-04,2026-04-02,2026-04-02,1179,"Speech therapy, re-evaluation",paid,Texas Children's Health Plan,A.P,89.15,89.15,89.15,0.0
1004,2026,TY,2026Q2,2026-04,2026-04-02,2026-04-02,1180,"Speech therapy, re-evaluation",no_charge,Patient,A.P,0.0,0.0,0.0,0.0
1005,2026,TY,2026Q2,2026-04,2026-04-02,2026-04-02,1180,"Speech therapy, re-evaluation",paid,Texas Children's Health Plan,A.P,89.15,89.15,89.15,0.0
1006,2026,TY,2026Q2,2026-04,2026-04-02,2026-04-02,1181,Speech & Language Therapy,no_charge,Patient,A.P,0.0,0.0,0.0,0.0
1007,2026,TY,2026Q2,2026-04,2026-04-02,2026-04-02,1181,Speech & Language Therapy,paid,Texas Children's Health Plan,A.P,80.84,80.84,80.84,0.0
1008,2026,TY,2026Q2,2026-04,2026-04-02,2026-04-02,1182,Speech & Language Therapy,no_charge,Patient,K.G,0.0,0.0,0.0,0.0
1009,2026,TY,2026Q2,2026-04,2026-04-02,2026-04-02,1182,Speech & Language Therapy,paid,Texas Children's Health Plan,K.G,64.67,64.67,64.67,0.0
1010,2026,TY,2026Q2,2026-04,2026-04-02,2026-04-02,1183,Speech & Language Therapy,no_charge,Patient,K.G,0.0,0.0,0.0,0.0
1011,2026,TY,2026Q2,2026-04,2026-04-02,2026-04-02,1183,Speech & Language Therapy,paid,Texas Children's Health Plan,K.G,64.67,64.67,64.67,0.0
1012,2026,TY,2026Q2,2026-04,2026-04-02,2026-04-02,1184,Speech & Language Therapy,paid,Patient,T.V,70.0,70.0,70.0,0.0
1013,2026,TY,2026Q2,2026-04,2026-04-02,2026-04-02,1185,Speech & Language Therapy,no_charge,Patient,T.V,0.0,0.0,0.0,0.0
1014,2026,TY,2026Q2,2026-04,2026-04-02,2026-04-02,1185,Speech & Language Therapy,paid,Texas Children's Health Plan,T.V,64.67,64.67,64.67,0.0
1015,2026,TY,2026Q2,2026-04,2026-04-02,2026-04-02,1186,Speech & Language Therapy - Home,no_charge,Patient,K.G,0.0,0.0,0.0,0.0
1016,2026,TY,2026Q2,2026-04,2026-04-02,2026-04-02,1186,Speech & Language Therapy - Home,paid,Texas Children's Health Plan,K.G,71.14,71.14,71.14,0.0
1017,2026,TY,2026Q2,2026-04,2026-04-02,2026-04-02,1187,Speech & Language Therapy,no_charge,Patient,T.V,0.0,0.0,0.0,0.0
1018,2026,TY,2026Q2,2026-04,2026-04-02,2026-04-02,1187,Speech & Language Therapy,paid,Texas Children's Health Plan,T.V,64.67,64.67,64.67,0.0
1019,2026,TY,2026Q2,2026-04,2026-04-02,2026-04-02,1188,Speech & Language Therapy,no_charge,BlueCross BlueShield of Texas,T.V,0.0,0.0,0.0,0.0
1020,2026,TY,2026Q2,2026-04,2026-04-02,2026-04-02,1188,Speech & Language Therapy,no_charge,Patient,T.V,0.0,0.0,0.0,0.0
1021,2026,TY,2026Q2,2026-04,2026-04-02,2026-04-02,1188,Speech & Language Therapy,paid,Texas Children's Health Plan,T.V,64.67,64.67,64.67,0.0
1022,2026,TY,2026Q2,2026-04,2026-04-02,2026-04-02,1189,Speech & Language Therapy - Home,paid,Patient,K.G,70.0,70.0,70.0,0.0
1023,2026,TY,2026Q2,2026-04,2026-04-03,2026-04-03,1190,Speech & Language Evaluation,paid,Patient,A.P,295.0,295.0,295.0,0.0
1024,2026,TY,2026Q2,2026-04,2026-04-04,2026-04-04,1191,Speech & Language Therapy - No Show,no_charge,Patient,K.G,0.0,0.0,0.0,0.0
1025,2026,TY,2026Q2,2026-04,2026-04-04,2026-04-04,1192,Speech & Language Therapy,no_charge,Patient,K.G,0.0,0.0,0.0,0.0
1026,2026,TY,2026Q2,2026-04,2026-04-04,2026-04-04,1192,Speech & Language Therapy,paid,Texas Children's Health Plan,K.G,64.67,64.67,64.67,0.0
1027,2026,TY,2026Q2,2026-04,2026-04-04,2026-04-04,1193,Speech & Language Therapy,no_charge,Patient,K.G,0.0,0.0,0.0,0.0
1028,2026,TY,2026Q2,2026-04,2026-04-04,2026-04-04,1193,Speech & Language Therapy,paid,UnitedHealthcare - Medicaid,K.G,68.98,68.98,68.98,0.0
1029,2026,TY,2026Q2,2026-04,2026-04-04,2026-04-04,1194,Speech & Language Therapy - Telehealth,no_charge,Patient,K.G,0.0,0.0,0.0,0.0
1030,2026,TY,2026Q2,2026-04,2026-04-04,2026-04-04,1194,Speech & Language Therapy - Telehealth,paid,Texas Children's Health Plan,K.G,64.67,64.67,64.67,0.0
1031,2026,TY,2026Q2,2026-04,2026-04-04,2026-04-04,1195,Speech & Language Therapy,no_charge,Patient,K.G,0.0,0.0,0.0,0.0
1032,2026,TY,2026Q2,2026-04,2026-04-04,2026-04-04,1195,Speech & Language Therapy,paid,Texas Children's Health Plan,K.G,64.67,64.67,64.67,0.0
1033,2026,TY,2026Q2,2026-04,2026-04-06,2026-04-06,1196,Speech & Language Therapy,no_charge,Patient,A.P,0.0,0.0,0.0,0.0
1034,2026,TY,2026Q2,2026-04,2026-04-06,2026-04-06,1196,Speech & Language Therapy,paid,Texas Children's Health Plan,A.P,80.84,80.84,80.84,0.0
1035,2026,TY,2026Q2,2026-04,2026-04-06,2026-04-06,1197,Speech & Language Therapy,no_charge,Patient,A.P,0.0,0.0,0.0,0.0
1036,2026,TY,2026Q2,2026-04,2026-04-06,2026-04-06,1197,Speech & Language Therapy,paid,UnitedHealthcare - Medicaid,A.P,86.22,86.22,86.22,0.0
1037,2026,TY,2026Q2,2026-04,2026-04-06,2026-04-06,1198,Speech & Language Therapy,no_charge,BlueCross BlueShield of Texas,A.P,0.0,0.0,0.0,0.0
1038,2026,TY,2026Q2,2026-04,2026-04-06,2026-04-06,1198,Speech & Language Therapy,paid,Patient,A.P,68.24,68.24,68.24,0.0
1039,2026,TY,2026Q2,2026-04,2026-04-06,2026-04-06,1199,Speech & Language Therapy,paid,BlueCross BlueShield of Texas,A.P,43.24,43.24,43.24,0.0
1040,2026,TY,2026Q2,2026-04,2026-04-06,2026-04-06,1199,Speech & Language Therapy,paid,Patient,A.P,25.0,25.0,25.0,0.0
1041,2026,TY,2026Q2,2026-04,2026-04-06,2026-04-06,1200,Speech & Language Therapy,paid,BlueCross BlueShield of Texas,A.P,38.24,38.24,38.24,0.0
1042,2026,TY,2026Q2,2026-04,2026-04-06,2026-04-06,1200,Speech & Language Therapy,paid,Patient,A.P,30.0,30.0,30.0,0.0
1043,2026,TY,2026Q2,2026-04,2026-04-06,2026-04-06,1201,Speech & Language Therapy,no_charge,Patient,A.P,0.0,0.0,0.0,0.0
1044,2026,TY,2026Q2,2026-04,2026-04-06,2026-04-06,1201,Speech & Language Therapy,paid,Texas Children's Health Plan - CHIP,A.P,80.84,80.84,80.84,0.0
1045,2026,TY,2026Q2,2026-04,2026-04-06,2026-04-06,1202,Speech & Language Therapy,no_charge,Patient,T.V,0.0,0.0,0.0,0.0
1046,2026,TY,2026Q2,2026-04,2026-04-06,2026-04-06,1202,Speech & Language Therapy,paid,Texas Children's Health Plan - CHIP,T.V,64.67,64.67,64.67,0.0
1047,2026,TY,2026Q2,2026-04,2026-04-06,2026-04-06,1203,Speech & Language Therapy,no_charge,Patient,T.V,0.0,0.0,0.0,0.0
1048,2026,TY,2026Q2,2026-04,2026-04-06,2026-04-06,1203,Speech & Language Therapy,paid,Texas Children's Health Plan - CHIP,T.V,64.67,64.67,64.67,0.0
1049,2026,TY,2026Q2,2026-04,2026-04-06,2026-04-06,1204,Speech & Language Therapy,no_charge,Patient,T.V,0.0,0.0,0.0,0.0
1050,2026,TY,2026Q2,2026-04,2026-04-06,2026-04-06,1204,Speech & Language Therapy,paid,Community Health Choice,T.V,68.98,68.98,68.98,0.0
1051,2026,TY,2026Q2,2026-04,2026-04-07,2026-04-07,1205,Speech & Language Therapy,no_charge,Patient,A.P,0.0,0.0,0.0,0.0
1052,2026,TY,2026Q2,2026-04,2026-04-07,2026-04-07,1205,Speech & Language Therapy,paid,Texas Children's Health Plan,A.P,80.84,80.84,80.84,0.0
1053,2026,TY,2026Q2,2026-04,2026-04-07,2026-04-07,1206,Speech & Language Therapy,no_charge,Patient,A.P,0.0,0.0,0.0,0.0
1054,2026,TY,2026Q2,2026-04,2026-04-07,2026-04-07,1206,Speech & Language Therapy,paid,Texas Children's Health Plan,A.P,80.84,80.84,80.84,0.0
1055,2026,TY,2026Q2,2026-04,2026-04-07,2026-04-07,1207,Speech & Language Therapy,no_charge,Patient,A.P,0.0,0.0,0.0,0.0
1056,2026,TY,2026Q2,2026-04,2026-04-07,2026-04-07,1207,Speech & Language Therapy,paid,Texas Children's Health Plan,A.P,80.84,80.84,80.84,0.0
1057,2026,TY,2026Q2,2026-04,2026-04-07,2026-04-07,1208,Speech & Language Therapy,no_charge,Patient,A.P,0.0,0.0,0.0,0.0
1058,2026,TY,2026Q2,2026-04,2026-04-07,2026-04-07,1208,Speech & Language Therapy,paid,Texas Children's Health Plan,A.P,80.84,80.84,80.84,0.0
1059,2026,TY,2026Q2,2026-04,2026-04-07,2026-04-07,1209,Speech & Language Therapy,no_charge,Patient,A.P,0.0,0.0,0.0,0.0
1060,2026,TY,2026Q2,2026-04,2026-04-07,2026-04-07,1209,Speech & Language Therapy,paid,Texas Children's Health Plan,A.P,80.84,80.84,80.84,0.0
1061,2026,TY,2026Q2,2026-04,2026-04-07,2026-04-07,1210,Speech & Language Therapy - Home,no_charge,Patient,A.P,0.0,0.0,0.0,0.0
1062,2026,TY,2026Q2,2026-04,2026-04-07,2026-04-07,1210,Speech & Language Therapy - Home,paid,Texas Children's Health Plan,A.P,88.92,88.92,88.92,0.0
1063,2026,TY,2026Q2,2026-04,2026-04-07,2026-04-07,1211,Speech & Language Therapy - Home,no_charge,Patient,A.P,0.0,0.0,0.0,0.0
1064,2026,TY,2026Q2,2026-04,2026-04-07,2026-04-07,1211,Speech & Language Therapy - Home,paid,Texas Children's Health Plan,A.P,88.92,88.92,88.92,0.0
1065,2026,TY,2026Q2,2026-04,2026-04-07,2026-04-07,1212,Speech & Language Therapy,no_charge,Patient,A.P,0.0,0.0,0.0,0.0
1066,2026,TY,2026Q2,2026-04,2026-04-07,2026-04-07,1212,Speech & Language Therapy,paid,Texas Children's Health Plan,A.P,80.84,80.84,80.84,0.0
1067,2026,TY,2026Q2,2026-04,2026-04-07,2026-04-07,1213,Speech & Language Therapy,no_charge,Patient,T.V,0.0,0.0,0.0,0.0
1068,2026,TY,2026Q2,2026-04,2026-04-07,2026-04-07,1213,Speech & Language Therapy,paid,Texas Children's Health Plan,T.V,64.67,64.67,64.67,0.0
1069,2026,TY,2026Q2,2026-04,2026-04-07,2026-04-07,1214,Speech & Language Therapy,no_charge,Patient,T.V,0.0,0.0,0.0,0.0
1070,2026,TY,2026Q2,2026-04,2026-04-07,2026-04-07,1214,Speech & Language Therapy,paid,Texas Children's Health Plan - CHIP,T.V,64.67,64.67,64.67,0.0
1071,2026,TY,2026Q2,2026-04,2026-04-07,2026-04-07,1215,Speech & Language Therapy,no_charge,Patient,T.V,0.0,0.0,0.0,0.0
1072,2026,TY,2026Q2,2026-04,2026-04-07,2026-04-07,1215,Speech & Language Therapy,paid,Texas Children's Health Plan,T.V,64.67,64.67,64.67,0.0
1073,2026,TY,2026Q2,2026-04,2026-04-07,2026-04-07,1216,Speech & Language Therapy,no_charge,BlueCross BlueShield of Texas,T.V,0.0,0.0,0.0,0.0
1074,2026,TY,2026Q2,2026-04,2026-04-07,2026-04-07,1216,Speech & Language Therapy,no_charge,Patient,T.V,0.0,0.0,0.0,0.0
1075,2026,TY,2026Q2,2026-04,2026-04-07,2026-04-07,1216,Speech & Language Therapy,paid,Texas Children's Health Plan,T.V,64.67,64.67,64.67,0.0
1076,2026,TY,2026Q2,2026-04,2026-04-07,2026-04-07,1217,Speech & Language Therapy - Home,no_charge,Patient,A.P,0.0,0.0,0.0,0.0
1077,2026,TY,2026Q2,2026-04,2026-04-07,2026-04-07,1217,Speech & Language Therapy - Home,paid,Texas Children's Health Plan,A.P,88.92,88.92,88.92,0.0
1078,2026,TY,2026Q2,2026-04,2026-04-07,2026-04-07,1218,Speech & Language Therapy,paid,Patient,J.G,90.0,90.0,90.0,0.0
1079,2026,TY,2026Q2,2026-04,2026-04-07,2026-04-07,1219,Speech & Language Evaluation,paid,Patient,J.G,295.0,295.0,295.0,0.0
1080,2026,TY,2026Q2,2026-04,2026-04-08,2026-04-08,1220,Speech & Language Therapy,no_charge,Patient,A.P,0.0,0.0,0.0,0.0
1081,2026,TY,2026Q2,2026-04,2026-04-08,2026-04-08,1220,Speech & Language Therapy,paid,Texas Children's Health Plan,A.P,80.84,80.84,80.84,0.0
1082,2026,TY,2026Q2,2026-04,2026-04-08,2026-04-08,1221,Speech & Language Therapy,no_charge,Patient,A.P,0.0,0.0,0.0,0.0
1083,2026,TY,2026Q2,2026-04,2026-04-08,2026-04-08,1221,Speech & Language Therapy,paid,UnitedHealthcare - Medicaid,A.P,86.22,86.22,86.22,0.0
1084,2026,TY,2026Q2,2026-04,2026-04-08,2026-04-08,1222,Speech & Language Therapy,no_charge,BlueCross BlueShield of Texas,A.P,0.0,0.0,0.0,0.0
1085,2026,TY,2026Q2,2026-04,2026-04-08,2026-04-08,1222,Speech & Language Therapy,paid,Patient,A.P,68.24,68.24,68.24,0.0
1086,2026,TY,2026Q2,2026-04,2026-04-08,2026-04-08,1223,Speech & Language Therapy,paid,BlueCross BlueShield of Texas,A.P,43.24,43.24,43.24,0.0
1087,2026,TY,2026Q2,2026-04,2026-04-08,2026-04-08,1223,Speech & Language Therapy,paid,Patient,A.P,25.0,25.0,25.0,0.0
1088,2026,TY,2026Q2,2026-04,2026-04-08,2026-04-08,1224,Speech & Language Therapy,no_charge,Patient,A.P,0.0,0.0,0.0,0.0
1089,2026,TY,2026Q2,2026-04,2026-04-08,2026-04-08,1224,Speech & Language Therapy,paid,Texas Children's Health Plan,A.P,80.84,80.84,80.84,0.0
1090,2026,TY,2026Q2,2026-04,2026-04-08,2026-04-08,1225,Speech & Language Therapy - No Show,no_charge,Patient,A.P,0.0,0.0,0.0,0.0
1091,2026,TY,2026Q2,2026-04,2026-04-08,2026-04-08,1226,Speech & Language Therapy,no_charge,Patient,A.P,0.0,0.0,0.0,0.0
1092,2026,TY,2026Q2,2026-04,2026-04-08,2026-04-08,1226,Speech & Language Therapy,paid,Texas Children's Health Plan - CHIP,A.P,80.84,80.84,80.84,0.0
1093,2026,TY,2026Q2,2026-04,2026-04-08,2026-04-08,1227,Speech & Language Therapy - Telehealth,paid,BlueCross BlueShield of Texas,A.P,54.6,54.6,54.6,0.0
1094,2026,TY,2026Q2,2026-04,2026-04-08,2026-04-08,1227,Speech & Language Therapy - Telehealth,paid,Patient,A.P,13.64,13.64,13.64,0.0
1095,2026,TY,2026Q2,2026-04,2026-04-08,2026-04-08,1228,Speech & Language Therapy,no_charge,Patient,A.P,0.0,0.0,0.0,0.0
1096,2026,TY,2026Q2,2026-04,2026-04-08,2026-04-08,1228,Speech & Language Therapy,paid,Texas Children's Health Plan - CHIP,A.P,80.84,80.84,80.84,0.0
1097,2026,TY,2026Q2,2026-04,2026-04-08,2026-04-08,1229,Speech & Language Therapy,no_charge,Patient,A.P,0.0,0.0,0.0,0.0
1098,2026,TY,2026Q2,2026-04,2026-04-08,2026-04-08,1229,Speech & Language Therapy,paid,Texas Children's Health Plan - CHIP,A.P,80.84,80.84,80.84,0.0
1099,2026,TY,2026Q2,2026-04,2026-04-08,2026-04-08,1230,Speech & Language Therapy - Telehealth,no_charge,Patient,K.G,0.0,0.0,0.0,0.0
1100,2026,TY,2026Q2,2026-04,2026-04-08,2026-04-08,1230,Speech & Language Therapy - Telehealth,paid,Texas Children's Health Plan,K.G,64.67,64.67,64.67,0.0
1101,2026,TY,2026Q2,2026-04,2026-04-08,2026-04-08,1231,Speech & Language Therapy - Telehealth,no_charge,Patient,K.G,0.0,0.0,0.0,0.0
1102,2026,TY,2026Q2,2026-04,2026-04-08,2026-04-08,1231,Speech & Language Therapy - Telehealth,paid,Texas Children's Health Plan,K.G,64.67,64.67,64.67,0.0
1103,2026,TY,2026Q2,2026-04,2026-04-08,2026-04-08,1232,Speech & Language Therapy,no_charge,Patient,K.G,0.0,0.0,0.0,0.0
1104,2026,TY,2026Q2,2026-04,2026-04-08,2026-04-08,1232,Speech & Language Therapy,paid,Texas Children's Health Plan,K.G,64.67,64.67,64.67,0.0
1105,2026,TY,2026Q2,2026-04,2026-04-08,2026-04-08,1233,Speech & Language Therapy,no_charge,Patient,K.G,0.0,0.0,0.0,0.0
1106,2026,TY,2026Q2,2026-04,2026-04-08,2026-04-08,1233,Speech & Language Therapy,paid,Texas Children's Health Plan,K.G,64.67,64.67,64.67,0.0
1107,2026,TY,2026Q2,2026-04,2026-04-09,2026-04-09,1234,Speech & Language Therapy,no_charge,BlueCross BlueShield of Texas,A.P,0.0,0.0,0.0,0.0
1108,2026,TY,2026Q2,2026-04,2026-04-09,2026-04-09,1234,Speech & Language Therapy,paid,Patient,A.P,68.24,68.24,68.24,0.0
1109,2026,TY,2026Q2,2026-04,2026-04-09,2026-04-09,1235,Speech & Language Therapy,paid,BlueCross BlueShield of Texas,A.P,33.24,33.24,33.24,0.0
1110,2026,TY,2026Q2,2026-04,2026-04-09,2026-04-09,1235,Speech & Language Therapy,paid,Patient,A.P,35.0,35.0,35.0,0.0
1111,2026,TY,2026Q2,2026-04,2026-04-09,2026-04-09,1236,Speech & Language Therapy,no_charge,Patient,A.P,0.0,0.0,0.0,0.0
1112,2026,TY,2026Q2,2026-04,2026-04-09,2026-04-09,1236,Speech & Language Therapy,paid,BlueCross BlueShield of Texas,A.P,68.24,68.24,68.24,0.0
1113,2026,TY,2026Q2,2026-04,2026-04-09,2026-04-09,1237,Speech & Language Therapy,no_charge,Patient,A.P,0.0,0.0,0.0,0.0
1114,2026,TY,2026Q2,2026-04,2026-04-09,2026-04-09,1237,Speech & Language Therapy,paid,Texas Children's Health Plan,A.P,80.84,80.84,80.84,0.0
1115,2026,TY,2026Q2,2026-04,2026-04-09,2026-04-09,1238,Speech & Language Therapy,no_charge,Patient,A.P,0.0,0.0,0.0,0.0
1116,2026,TY,2026Q2,2026-04,2026-04-09,2026-04-09,1238,Speech & Language Therapy,paid,Texas Children's Health Plan,A.P,80.84,80.84,80.84,0.0
1117,2026,TY,2026Q2,2026-04,2026-04-09,2026-04-09,1239,Speech & Language Therapy,no_charge,Patient,A.P,0.0,0.0,0.0,0.0
1118,2026,TY,2026Q2,2026-04,2026-04-09,2026-04-09,1239,Speech & Language Therapy,paid,Texas Children's Health Plan,A.P,80.84,80.84,80.84,0.0
1119,2026,TY,2026Q2,2026-04,2026-04-09,2026-04-09,1240,Speech & Language Therapy,no_charge,Patient,A.P,0.0,0.0,0.0,0.0
1120,2026,TY,2026Q2,2026-04,2026-04-09,2026-04-09,1240,Speech & Language Therapy,paid,Texas Children's Health Plan,A.P,80.84,80.84,80.84,0.0
1121,2026,TY,2026Q2,2026-04,2026-04-09,2026-04-09,1241,Speech & Language Therapy,paid,Patient,J.G,90.0,90.0,90.0,0.0
1122,2026,TY,2026Q2,2026-04,2026-04-09,2026-04-09,1242,Speech & Language Therapy,no_charge,Patient,K.G,0.0,0.0,0.0,0.0
1123,2026,TY,2026Q2,2026-04,2026-04-09,2026-04-09,1242,Speech & Language Therapy,paid,Texas Children's Health Plan,K.G,64.67,64.67,64.67,0.0
1124,2026,TY,2026Q2,2026-04,2026-04-09,2026-04-09,1243,Speech & Language Therapy,no_charge,Patient,K.G,0.0,0.0,0.0,0.0
1125,2026,TY,2026Q2,2026-04,2026-04-09,2026-04-09,1243,Speech & Language Therapy,paid,Texas Children's Health Plan,K.G,64.67,64.67,64.67,0.0
1126,2026,TY,2026Q2,2026-04,2026-04-09,2026-04-09,1244,Speech & Language Therapy,no_charge,Patient,K.G,0.0,0.0,0.0,0.0
1127,2026,TY,2026Q2,2026-04,2026-04-09,2026-04-09,1244,Speech & Language Therapy,paid,Texas Children's Health Plan,K.G,71.14,71.14,71.14,0.0
1128,2026,TY,2026Q2,2026-04,2026-04-09,2026-04-09,1245,Speech & Language Therapy,paid,Patient,T.V,70.0,70.0,70.0,0.0
1129,2026,TY,2026Q2,2026-04,2026-04-09,2026-04-09,1246,Speech & Language Therapy,no_charge,Patient,T.V,0.0,0.0,0.0,0.0
1130,2026,TY,2026Q2,2026-04,2026-04-09,2026-04-09,1246,Speech & Language Therapy,paid,Texas Children's Health Plan,T.V,64.67,64.67,64.67,0.0
1131,2026,TY,2026Q2,2026-04,2026-04-09,2026-04-09,1247,Speech & Language Therapy,no_charge,Patient,T.V,0.0,0.0,0.0,0.0
1132,2026,TY,2026Q2,2026-04,2026-04-09,2026-04-09,1247,Speech & Language Therapy,paid,Texas Children's Health Plan,T.V,64.67,64.67,64.67,0.0
1133,2026,TY,2026Q2,2026-04,2026-04-09,2026-04-09,1248,Speech & Language Therapy,no_charge,Patient,T.V,0.0,0.0,0.0,0.0
1134,2026,TY,2026Q2,2026-04,2026-04-09,2026-04-09,1248,Speech & Language Therapy,paid,BlueCross BlueShield of Texas,T.V,51.18,51.18,51.18,0.0
1135,2026,TY,2026Q2,2026-04,2026-04-09,2026-04-09,1248,Speech & Language Therapy,paid,Texas Children's Health Plan,T.V,13.49,13.49,13.49,0.0
1136,2026,TY,2026Q2,2026-04,2026-04-09,2026-04-09,1249,Speech & Language Therapy,paid,Patient,K.G,70.0,70.0,70.0,0.0
1137,2026,TY,2026Q2,2026-04,2026-04-10,2026-04-10,1250,Speech & Language Therapy,no_charge,Patient,K.G,0.0,0.0,0.0,0.0
1138,2026,TY,2026Q2,2026-04,2026-04-10,2026-04-10,1250,Speech & Language Therapy,paid,Texas Children's Health Plan,K.G,71.14,71.14,71.14,0.0
1139,2026,TY,2026Q2,2026-04,2026-04-10,2026-04-10,1251,Speech & Language Therapy,paid,Patient,K.G,70.0,70.0,70.0,0.0
1140,2026,TY,2026Q2,2026-04,2026-04-11,2026-04-11,1252,Speech & Language Therapy,paid,Patient,K.G,70.0,70.0,70.0,0.0
1141,2026,TY,2026Q2,2026-04,2026-04-11,2026-04-11,1253,Speech & Language Therapy,no_charge,Patient,K.G,0.0,0.0,0.0,0.0
1142,2026,TY,2026Q2,2026-04,2026-04-11,2026-04-11,1253,Speech & Language Therapy,paid,Texas Children's Health Plan,K.G,64.67,64.67,64.67,0.0
1143,2026,TY,2026Q2,2026-04,2026-04-11,2026-04-11,1254,Speech & Language Therapy,no_charge,Patient,K.G,0.0,0.0,0.0,0.0
1144,2026,TY,2026Q2,2026-04,2026-04-11,2026-04-11,1254,Speech & Language Therapy,paid,Texas Children's Health Plan,K.G,64.67,64.67,64.67,0.0
1145,2026,TY,2026Q2,2026-04,2026-04-11,2026-04-11,1255,Speech & Language Therapy,no_charge,Patient,K.G,0.0,0.0,0.0,0.0
1146,2026,TY,2026Q2,2026-04,2026-04-11,2026-04-11,1255,Speech & Language Therapy,paid,UnitedHealthcare - Medicaid,K.G,68.98,68.98,68.98,0.0
1147,2026,TY,2026Q2,2026-04,2026-04-11,2026-04-11,1256,Speech & Language Therapy - Telehealth,no_charge,Patient,K.G,0.0,0.0,0.0,0.0
1148,2026,TY,2026Q2,2026-04,2026-04-11,2026-04-11,1256,Speech & Language Therapy - Telehealth,paid,Texas Children's Health Plan,K.G,64.67,64.67,64.67,0.0
1149,2026,TY,2026Q2,2026-04,2026-04-11,2026-04-11,1257,Speech & Language Therapy,no_charge,Patient,K.G,0.0,0.0,0.0,0.0
1150,2026,TY,2026Q2,2026-04,2026-04-11,2026-04-11,1257,Speech & Language Therapy,paid,Texas Children's Health Plan,K.G,64.67,64.67,64.67,0.0
1151,2026,TY,2026Q2,2026-04,2026-04-11,2026-04-11,1258,Speech & Language Therapy,no_charge,Patient,K.G,0.0,0.0,0.0,0.0
1152,2026,TY,2026Q2,2026-04,2026-04-11,2026-04-11,1258,Speech & Language Therapy,paid,Texas Children's Health Plan,K.G,64.67,64.67,64.67,0.0
1153,2026,TY,2026Q2,2026-04,2026-04-13,2026-04-13,1259,Speech & Language Therapy,no_charge,Patient,A.P,0.0,0.0,0.0,0.0
1154,2026,TY,2026Q2,2026-04,2026-04-13,2026-04-13,1259,Speech & Language Therapy,paid,Texas Children's Health Plan,A.P,80.84,80.84,80.84,0.0
1155,2026,TY,2026Q2,2026-04,2026-04-13,2026-04-13,1260,Speech & Language Therapy,no_charge,BlueCross BlueShield of Texas,A.P,0.0,0.0,0.0,0.0
1156,2026,TY,2026Q2,2026-04,2026-04-13,2026-04-13,1260,Speech & Language Therapy,paid,Patient,A.P,68.24,68.24,68.24,0.0
1157,2026,TY,2026Q2,2026-04,2026-04-13,2026-04-13,1261,Speech & Language Therapy,paid,BlueCross BlueShield of Texas,A.P,38.24,38.24,38.24,0.0
1158,2026,TY,2026Q2,2026-04,2026-04-13,2026-04-13,1261,Speech & Language Therapy,paid,Patient,A.P,30.0,30.0,30.0,0.0
1159,2026,TY,2026Q2,2026-04,2026-04-13,2026-04-13,1262,Speech & Language Therapy,no_charge,Patient,A.P,0.0,0.0,0.0,0.0
1160,2026,TY,2026Q2,2026-04,2026-04-13,2026-04-13,1262,Speech & Language Therapy,paid,Texas Children's Health Plan - CHIP,A.P,80.84,80.84,80.84,0.0
1161,2026,TY,2026Q2,2026-04,2026-04-13,2026-04-13,1263,Speech & Language Therapy,no_charge,Patient,A.P,0.0,0.0,0.0,0.0
1162,2026,TY,2026Q2,2026-04,2026-04-13,2026-04-13,1263,Speech & Language Therapy,paid,Texas Children's Health Plan,A.P,80.84,80.84,80.84,0.0
1163,2026,TY,2026Q2,2026-04,2026-04-13,2026-04-13,1264,Speech & Language Therapy - Telehealth,no_charge,Patient,T.V,0.0,0.0,0.0,0.0
1164,2026,TY,2026Q2,2026-04,2026-04-13,2026-04-13,1264,Speech & Language Therapy - Telehealth,paid,Texas Children's Health Plan,T.V,64.67,64.67,64.67,0.0
1165,2026,TY,2026Q2,2026-04,2026-04-13,2026-04-13,1265,Speech & Language Therapy,no_charge,Patient,T.V,0.0,0.0,0.0,0.0
1166,2026,TY,2026Q2,2026-04,2026-04-13,2026-04-13,1265,Speech & Language Therapy,paid,Texas Children's Health Plan - CHIP,T.V,64.67,64.67,64.67,0.0
1167,2026,TY,2026Q2,2026-04,2026-04-13,2026-04-13,1266,Speech & Language Therapy,no_charge,Patient,T.V,0.0,0.0,0.0,0.0
1168,2026,TY,2026Q2,2026-04,2026-04-13,2026-04-13,1266,Speech & Language Therapy,paid,Texas Children's Health Plan - CHIP,T.V,64.67,64.67,64.67,0.0
1169,2026,TY,2026Q2,2026-04,2026-04-13,2026-04-13,1267,Speech & Language Therapy,no_charge,Patient,T.V,0.0,0.0,0.0,0.0
1170,2026,TY,2026Q2,2026-04,2026-04-13,2026-04-13,1267,Speech & Language Therapy,paid,Community Health Choice,T.V,68.98,68.98,68.98,0.0
1171,2026,TY,2026Q2,2026-04,2026-04-14,2026-04-14,1268,Speech & Language Therapy,no_charge,Patient,A.P,0.0,0.0,0.0,0.0
1172,2026,TY,2026Q2,2026-04,2026-04-14,2026-04-14,1268,Speech & Language Therapy,paid,Texas Children's Health Plan,A.P,80.84,80.84,80.84,0.0
1173,2026,TY,2026Q2,2026-04,2026-04-14,2026-04-14,1269,Speech & Language Therapy,no_charge,Patient,A.P,0.0,0.0,0.0,0.0
1174,2026,TY,2026Q2,2026-04,2026-04-14,2026-04-14,1269,Speech & Language Therapy,paid,Texas Children's Health Plan,A.P,80.84,80.84,80.84,0.0
1175,2026,TY,2026Q2,2026-04,2026-04-14,2026-04-14,1270,Speech & Language Therapy,no_charge,Patient,A.P,0.0,0.0,0.0,0.0
1176,2026,TY,2026Q2,2026-04,2026-04-14,2026-04-14,1270,Speech & Language Therapy,paid,Texas Children's Health Plan,A.P,80.84,80.84,80.84,0.0
1177,2026,TY,2026Q2,2026-04,2026-04-14,2026-04-14,1271,Speech & Language Therapy,no_charge,Patient,A.P,0.0,0.0,0.0,0.0
1178,2026,TY,2026Q2,2026-04,2026-04-14,2026-04-14,1271,Speech & Language Therapy,paid,Texas Children's Health Plan,A.P,80.84,80.84,80.84,0.0
1179,2026,TY,2026Q2,2026-04,2026-04-14,2026-04-14,1272,Speech & Language Therapy,paid,Patient,J.G,90.0,90.0,90.0,0.0
1180,2026,TY,2026Q2,2026-04,2026-04-14,2026-04-14,1273,Speech & Language Therapy,no_charge,Patient,A.P,0.0,0.0,0.0,0.0
1181,2026,TY,2026Q2,2026-04,2026-04-14,2026-04-14,1273,Speech & Language Therapy,paid,Texas Children's Health Plan,A.P,80.84,80.84,80.84,0.0
1182,2026,TY,2026Q2,2026-04,2026-04-14,2026-04-14,1274,Speech & Language Therapy,no_charge,Patient,A.P,0.0,0.0,0.0,0.0
1183,2026,TY,2026Q2,2026-04,2026-04-14,2026-04-14,1274,Speech & Language Therapy,paid,Texas Children's Health Plan,A.P,80.84,80.84,80.84,0.0
1184,2026,TY,2026Q2,2026-04,2026-04-14,2026-04-14,1275,Speech & Language Therapy,no_charge,Patient,A.P,0.0,0.0,0.0,0.0
1185,2026,TY,2026Q2,2026-04,2026-04-14,2026-04-14,1275,Speech & Language Therapy,paid,Community Health Choice,A.P,86.22,86.22,86.22,0.0
1186,2026,TY,2026Q2,2026-04,2026-04-14,2026-04-14,1276,Speech & Language Therapy,no_charge,Patient,A.P,0.0,0.0,0.0,0.0
1187,2026,TY,2026Q2,2026-04,2026-04-14,2026-04-14,1276,Speech & Language Therapy,paid,Texas Children's Health Plan,A.P,80.84,80.84,80.84,0.0
1188,2026,TY,2026Q2,2026-04,2026-04-14,2026-04-14,1277,Speech & Language Therapy,no_charge,Patient,A.P,0.0,0.0,0.0,0.0
1189,2026,TY,2026Q2,2026-04,2026-04-14,2026-04-14,1277,Speech & Language Therapy,paid,Texas Children's Health Plan,A.P,80.84,80.84,80.84,0.0
1190,2026,TY,2026Q2,2026-04,2026-04-14,2026-04-14,1278,Speech & Language Therapy - Telehealth,no_charge,Patient,A.P,0.0,0.0,0.0,0.0
1191,2026,TY,2026Q2,2026-04,2026-04-14,2026-04-14,1278,Speech & Language Therapy - Telehealth,paid,Texas Children's Health Plan,A.P,80.84,80.84,80.84,0.0
1192,2026,TY,2026Q2,2026-04,2026-04-14,2026-04-14,1279,Speech & Language Therapy - No Show,no_charge,Patient,J.G,0.0,0.0,0.0,0.0
1193,2026,TY,2026Q2,2026-04,2026-04-14,2026-04-14,1280,Speech & Language Therapy,no_charge,Patient,T.V,0.0,0.0,0.0,0.0
1194,2026,TY,2026Q2,2026-04,2026-04-14,2026-04-14,1280,Speech & Language Therapy,paid,Texas Children's Health Plan,T.V,64.67,64.67,64.67,0.0
1195,2026,TY,2026Q2,2026-04,2026-04-14,2026-04-14,1281,Speech & Language Therapy,no_charge,Patient,T.V,0.0,0.0,0.0,0.0
1196,2026,TY,2026Q2,2026-04,2026-04-14,2026-04-14,1281,Speech & Language Therapy,paid,Texas Children's Health Plan - CHIP,T.V,64.67,64.67,64.67,0.0
1197,2026,TY,2026Q2,2026-04,2026-04-14,2026-04-14,1282,Speech & Language Therapy - No Show,no_charge,Patient,T.V,0.0,0.0,0.0,0.0
1198,2026,TY,2026Q2,2026-04,2026-04-14,2026-04-14,1283,Speech & Language Therapy - No Show,no_charge,Patient,T.V,0.0,0.0,0.0,0.0
1199,2026,TY,2026Q2,2026-04,2026-04-14,2026-04-14,1284,Speech & Language Evaluation,no_charge,BlueCross BlueShield of Texas,J.G,0.0,0.0,0.0,0.0
1200,2026,TY,2026Q2,2026-04,2026-04-14,2026-04-14,1284,Speech & Language Evaluation,paid,Patient,J.G,181.77,181.77,181.77,0.0
1201,2026,TY,2026Q2,2026-04,2026-04-15,2026-04-15,1285,Speech & Language Therapy,no_charge,Patient,A.P,0.0,0.0,0.0,0.0
1202,2026,TY,2026Q2,2026-04,2026-04-15,2026-04-15,1285,Speech & Language Therapy,paid,Texas Children's Health Plan,A.P,80.84,80.84,80.84,0.0
1203,2026,TY,2026Q2,2026-04,2026-04-15,2026-04-15,1286,Speech & Language Therapy,no_charge,Patient,A.P,0.0,0.0,0.0,0.0
1204,2026,TY,2026Q2,2026-04,2026-04-15,2026-04-15,1286,Speech & Language Therapy,paid,UnitedHealthcare - Medicaid,A.P,86.22,86.22,86.22,0.0
1205,2026,TY,2026Q2,2026-04,2026-04-15,2026-04-15,1287,Speech & Language Therapy,no_charge,BlueCross BlueShield of Texas,A.P,0.0,0.0,0.0,0.0
1206,2026,TY,2026Q2,2026-04,2026-04-15,2026-04-15,1287,Speech & Language Therapy,paid,Patient,A.P,68.24,68.24,68.24,0.0
1207,2026,TY,2026Q2,2026-04,2026-04-15,2026-04-15,1288,Speech & Language Therapy,paid,BlueCross BlueShield of Texas,A.P,43.24,43.24,43.24,0.0
1208,2026,TY,2026Q2,2026-04,2026-04-15,2026-04-15,1288,Speech & Language Therapy,paid,Patient,A.P,25.0,25.0,25.0,0.0
1209,2026,TY,2026Q2,2026-04,2026-04-15,2026-04-15,1289,Speech & Language Therapy,paid,BlueCross BlueShield of Texas,A.P,38.24,38.24,38.24,0.0
1210,2026,TY,2026Q2,2026-04,2026-04-15,2026-04-15,1289,Speech & Language Therapy,paid,Patient,A.P,30.0,30.0,30.0,0.0
1211,2026,TY,2026Q2,2026-04,2026-04-15,2026-04-15,1290,Speech & Language Therapy,no_charge,Patient,A.P,0.0,0.0,0.0,0.0
1212,2026,TY,2026Q2,2026-04,2026-04-15,2026-04-15,1290,Speech & Language Therapy,paid,Texas Children's Health Plan - CHIP,A.P,80.84,80.84,80.84,0.0
1213,2026,TY,2026Q2,2026-04,2026-04-15,2026-04-15,1291,Speech & Language Therapy - Telehealth,paid,BlueCross BlueShield of Texas,A.P,54.6,54.6,54.6,0.0
1214,2026,TY,2026Q2,2026-04,2026-04-15,2026-04-15,1291,Speech & Language Therapy - Telehealth,paid,Patient,A.P,13.64,13.64,13.64,0.0
1215,2026,TY,2026Q2,2026-04,2026-04-15,2026-04-15,1292,Speech & Language Therapy,no_charge,Patient,A.P,0.0,0.0,0.0,0.0
1216,2026,TY,2026Q2,2026-04,2026-04-15,2026-04-15,1292,Speech & Language Therapy,paid,Texas Children's Health Plan - CHIP,A.P,80.84,80.84,80.84,0.0
1217,2026,TY,2026Q2,2026-04,2026-04-15,2026-04-15,1293,Speech & Language Therapy,no_charge,Patient,A.P,0.0,0.0,0.0,0.0
1218,2026,TY,2026Q2,2026-04,2026-04-15,2026-04-15,1293,Speech & Language Therapy,paid,Texas Children's Health Plan - CHIP,A.P,80.84,80.84,80.84,0.0
1219,2026,TY,2026Q2,2026-04,2026-04-15,2026-04-15,1294,Speech & Language Therapy - Telehealth,no_charge,Patient,K.G,0.0,0.0,0.0,0.0
1220,2026,TY,2026Q2,2026-04,2026-04-15,2026-04-15,1294,Speech & Language Therapy - Telehealth,paid,Texas Children's Health Plan,K.G,64.67,64.67,64.67,0.0
1221,2026,TY,2026Q2,2026-04,2026-04-15,2026-04-15,1295,Speech & Language Therapy,no_charge,BlueCross BlueShield of Texas,J.G,0.0,0.0,0.0,0.0
1222,2026,TY,2026Q2,2026-04,2026-04-15,2026-04-15,1295,Speech & Language Therapy,paid,Patient,J.G,68.24,68.24,68.24,0.0
1223,2026,TY,2026Q2,2026-04,2026-04-15,2026-04-15,1296,Speech & Language Therapy - Telehealth,no_charge,Patient,K.G,0.0,0.0,0.0,0.0
1224,2026,TY,2026Q2,2026-04,2026-04-15,2026-04-15,1296,Speech & Language Therapy - Telehealth,paid,Texas Children's Health Plan,K.G,64.67,64.67,64.67,0.0
1225,2026,TY,2026Q2,2026-04,2026-04-15,2026-04-15,1297,Speech & Language Therapy,no_charge,Patient,K.G,0.0,0.0,0.0,0.0
1226,2026,TY,2026Q2,2026-04,2026-04-15,2026-04-15,1297,Speech & Language Therapy,paid,Texas Children's Health Plan,K.G,64.67,64.67,64.67,0.0
1227,2026,TY,2026Q2,2026-04,2026-04-15,2026-04-15,1298,Speech & Language Therapy,no_charge,Patient,K.G,0.0,0.0,0.0,0.0
1228,2026,TY,2026Q2,2026-04,2026-04-15,2026-04-15,1298,Speech & Language Therapy,paid,Texas Children's Health Plan,K.G,64.67,64.67,64.67,0.0
1229,2026,TY,2026Q2,2026-04,2026-04-15,2026-04-15,1299,Speech & Language Therapy,no_charge,Patient,K.G,0.0,0.0,0.0,0.0
1230,2026,TY,2026Q2,2026-04,2026-04-15,2026-04-15,1299,Speech & Language Therapy,paid,Texas Children's Health Plan,K.G,64.67,64.67,64.67,0.0
1231,2026,TY,2026Q2,2026-04,2026-04-16,2026-04-16,1300,Speech & Language Therapy,no_charge,BlueCross BlueShield of Texas,A.P,0.0,0.0,0.0,0.0
1232,2026,TY,2026Q2,2026-04,2026-04-16,2026-04-16,1300,Speech & Language Therapy,paid,Patient,A.P,68.24,68.24,68.24,0.0
1233,2026,TY,2026Q2,2026-04,2026-04-16,2026-04-16,1301,Speech & Language Therapy,paid,BlueCross BlueShield of Texas,A.P,33.24,33.24,33.24,0.0
1234,2026,TY,2026Q2,2026-04,2026-04-16,2026-04-16,1301,Speech & Language Therapy,paid,Patient,A.P,35.0,35.0,35.0,0.0
1235,2026,TY,2026Q2,2026-04,2026-04-16,2026-04-16,1302,Speech & Language Therapy,no_charge,Patient,A.P,0.0,0.0,0.0,0.0
1236,2026,TY,2026Q2,2026-04,2026-04-16,2026-04-16,1302,Speech & Language Therapy,paid,BlueCross BlueShield of Texas,A.P,68.24,68.24,68.24,0.0
1237,2026,TY,2026Q2,2026-04,2026-04-16,2026-04-16,1303,Speech & Language Therapy,no_charge,Patient,A.P,0.0,0.0,0.0,0.0
1238,2026,TY,2026Q2,2026-04,2026-04-16,2026-04-16,1303,Speech & Language Therapy,paid,Texas Children's Health Plan,A.P,80.84,80.84,80.84,0.0
1239,2026,TY,2026Q2,2026-04,2026-04-16,2026-04-16,1304,Speech & Language Therapy,no_charge,Patient,A.P,0.0,0.0,0.0,0.0
1240,2026,TY,2026Q2,2026-04,2026-04-16,2026-04-16,1304,Speech & Language Therapy,paid,Texas Children's Health Plan,A.P,80.84,80.84,80.84,0.0
1241,2026,TY,2026Q2,2026-04,2026-04-16,2026-04-16,1305,Speech & Language Therapy,no_charge,Patient,A.P,0.0,0.0,0.0,0.0
1242,2026,TY,2026Q2,2026-04,2026-04-16,2026-04-16,1305,Speech & Language Therapy,paid,Texas Children's Health Plan,A.P,80.84,80.84,80.84,0.0
1243,2026,TY,2026Q2,2026-04,2026-04-16,2026-04-16,1306,Speech & Language Therapy,no_charge,Patient,A.P,0.0,0.0,0.0,0.0
1244,2026,TY,2026Q2,2026-04,2026-04-16,2026-04-16,1306,Speech & Language Therapy,paid,Texas Children's Health Plan,A.P,80.84,80.84,80.84,0.0
1245,2026,TY,2026Q2,2026-04,2026-04-16,2026-04-16,1307,Speech & Language Therapy,no_charge,Patient,A.P,0.0,0.0,0.0,0.0
1246,2026,TY,2026Q2,2026-04,2026-04-16,2026-04-16,1307,Speech & Language Therapy,paid,Texas Children's Health Plan,A.P,80.84,80.84,80.84,0.0
1247,2026,TY,2026Q2,2026-04,2026-04-16,2026-04-16,1308,Speech & Language Therapy,no_charge,Patient,A.P,0.0,0.0,0.0,0.0
1248,2026,TY,2026Q2,2026-04,2026-04-16,2026-04-16,1308,Speech & Language Therapy,paid,Community Health Choice,A.P,86.22,86.22,86.22,0.0
1249,2026,TY,2026Q2,2026-04,2026-04-16,2026-04-16,1309,Speech & Language Therapy,paid,Patient,J.G,90.0,90.0,90.0,0.0
1250,2026,TY,2026Q2,2026-04,2026-04-16,2026-04-16,1310,Speech & Language Therapy - Telehealth,no_charge,Patient,T.V,0.0,0.0,0.0,0.0
1251,2026,TY,2026Q2,2026-04,2026-04-16,2026-04-16,1310,Speech & Language Therapy - Telehealth,paid,Texas Children's Health Plan,T.V,64.67,64.67,64.67,0.0
1252,2026,TY,2026Q2,2026-04,2026-04-16,2026-04-16,1311,Speech & Language Therapy - No Show,no_charge,Patient,J.G,0.0,0.0,0.0,0.0
1253,2026,TY,2026Q2,2026-04,2026-04-16,2026-04-16,1312,Speech & Language Therapy,no_charge,Patient,K.G,0.0,0.0,0.0,0.0
1254,2026,TY,2026Q2,2026-04,2026-04-16,2026-04-16,1312,Speech & Language Therapy,paid,Texas Children's Health Plan,K.G,64.67,64.67,64.67,0.0
1255,2026,TY,2026Q2,2026-04,2026-04-16,2026-04-16,1313,Speech & Language Therapy,no_charge,Patient,K.G,0.0,0.0,0.0,0.0
1256,2026,TY,2026Q2,2026-04,2026-04-16,2026-04-16,1313,Speech & Language Therapy,paid,Texas Children's Health Plan,K.G,64.67,64.67,64.67,0.0
1257,2026,TY,2026Q2,2026-04,2026-04-16,2026-04-16,1314,Speech & Language Evaluation,no_charge,BlueCross BlueShield of Texas,J.G,0.0,0.0,0.0,0.0
1258,2026,TY,2026Q2,2026-04,2026-04-16,2026-04-16,1314,Speech & Language Evaluation,paid,Patient,J.G,181.77,181.77,181.77,0.0
1259,2026,TY,2026Q2,2026-04,2026-04-16,2026-04-16,1315,Speech & Language Therapy,no_charge,Patient,T.V,0.0,0.0,0.0,0.0
1260,2026,TY,2026Q2,2026-04,2026-04-16,2026-04-16,1315,Speech & Language Therapy,paid,Texas Children's Health Plan,T.V,64.67,64.67,64.67,0.0
1261,2026,TY,2026Q2,2026-04,2026-04-16,2026-04-16,1316,Speech & Language Therapy,no_charge,Patient,T.V,0.0,0.0,0.0,0.0
1262,2026,TY,2026Q2,2026-04,2026-04-16,2026-04-16,1316,Speech & Language Therapy,paid,BlueCross BlueShield of Texas,T.V,51.18,51.18,51.18,0.0
1263,2026,TY,2026Q2,2026-04,2026-04-16,2026-04-16,1316,Speech & Language Therapy,paid,Texas Children's Health Plan,T.V,13.49,13.49,13.49,0.0
1264,2026,TY,2026Q2,2026-04,2026-04-16,2026-04-16,1317,Speech & Language Evaluation,no_charge,BlueCross BlueShield of Texas,J.G,0.0,0.0,0.0,0.0
1265,2026,TY,2026Q2,2026-04,2026-04-16,2026-04-16,1317,Speech & Language Evaluation,paid,Patient,J.G,181.77,181.77,181.77,0.0
1266,2026,TY,2026Q2,2026-04,2026-04-16,2026-04-16,1318,Speech & Language Therapy,no_charge,Patient,K.G,0.0,0.0,0.0,0.0
1267,2026,TY,2026Q2,2026-04,2026-04-16,2026-04-16,1318,Speech & Language Therapy,paid,Texas Children's Health Plan,K.G,71.14,71.14,71.14,0.0
1268,2026,TY,2026Q2,2026-04,2026-04-16,2026-04-16,1319,Speech & Language Therapy,paid,Patient,K.G,70.0,70.0,70.0,0.0
1269,2026,TY,2026Q2,2026-04,2026-04-17,2026-04-17,1320,Speech & Language Evaluation,paid,BlueCross BlueShield of Texas,A.P,151.77,151.77,151.77,0.0
1270,2026,TY,2026Q2,2026-04,2026-04-17,2026-04-17,1320,Speech & Language Evaluation,paid,Patient,A.P,30.0,30.0,30.0,0.0
1271,2026,TY,2026Q2,2026-04,2026-04-17,2026-04-17,1321,Speech & Language Therapy,no_charge,Patient,K.G,0.0,0.0,0.0,0.0
1272,2026,TY,2026Q2,2026-04,2026-04-17,2026-04-17,1321,Speech & Language Therapy,paid,Texas Children's Health Plan,K.G,64.67,64.67,64.67,0.0
1273,2026,TY,2026Q2,2026-04,2026-04-17,2026-04-17,1322,Speech & Language Therapy,no_charge,Patient,K.G,0.0,0.0,0.0,0.0
1274,2026,TY,2026Q2,2026-04,2026-04-17,2026-04-17,1322,Speech & Language Therapy,paid,Texas Children's Health Plan,K.G,64.67,64.67,64.67,0.0
1275,2026,TY,2026Q2,2026-04,2026-04-17,2026-04-17,1323,Speech & Language Therapy,no_charge,Patient,K.G,0.0,0.0,0.0,0.0
1276,2026,TY,2026Q2,2026-04,2026-04-17,2026-04-17,1323,Speech & Language Therapy,paid,Texas Children's Health Plan,K.G,71.14,71.14,71.14,0.0
1277,2026,TY,2026Q2,2026-04,2026-04-17,2026-04-17,1324,Speech & Language Therapy,paid,Patient,K.G,70.0,70.0,70.0,0.0
1278,2026,TY,2026Q2,2026-04,2026-04-18,2026-04-18,1325,Speech & Language Therapy,paid,Patient,K.G,70.0,70.0,70.0,0.0
1279,2026,TY,2026Q2,2026-04,2026-04-18,2026-04-18,1326,Speech & Language Therapy,no_charge,Patient,K.G,0.0,0.0,0.0,0.0
1280,2026,TY,2026Q2,2026-04,2026-04-18,2026-04-18,1326,Speech & Language Therapy,paid,Texas Children's Health Plan,K.G,64.67,64.67,64.67,0.0
1281,2026,TY,2026Q2,2026-04,2026-04-18,2026-04-18,1327,Speech & Language Therapy - Telehealth,no_charge,Patient,K.G,0.0,0.0,0.0,0.0
1282,2026,TY,2026Q2,2026-04,2026-04-18,2026-04-18,1327,Speech & Language Therapy - Telehealth,paid,Texas Children's Health Plan,K.G,64.67,64.67,64.67,0.0
1283,2026,TY,2026Q2,2026-04,2026-04-18,2026-04-18,1328,Speech & Language Therapy,no_charge,Patient,K.G,0.0,0.0,0.0,0.0
1284,2026,TY,2026Q2,2026-04,2026-04-18,2026-04-18,1328,Speech & Language Therapy,paid,Texas Children's Health Plan,K.G,64.67,64.67,64.67,0.0
1285,2026,TY,2026Q2,2026-04,2026-04-18,2026-04-18,1329,Speech & Language Therapy,no_charge,Patient,K.G,0.0,0.0,0.0,0.0
1286,2026,TY,2026Q2,2026-04,2026-04-18,2026-04-18,1329,Speech & Language Therapy,paid,Texas Children's Health Plan,K.G,64.67,64.67,64.67,0.0
1287,2026,TY,2026Q2,2026-04,2026-04-20,2026-04-20,1330,Speech & Language Therapy,paid,BlueCross BlueShield of Texas,A.P,43.24,43.24,43.24,0.0
1288,2026,TY,2026Q2,2026-04,2026-04-20,2026-04-20,1330,Speech & Language Therapy,paid,Patient,A.P,25.0,25.0,25.0,0.0
1289,2026,TY,2026Q2,2026-04,2026-04-20,2026-04-20,1331,Speech & Language Therapy,no_charge,Patient,A.P,0.0,0.0,0.0,0.0
1290,2026,TY,2026Q2,2026-04,2026-04-20,2026-04-20,1331,Speech & Language Therapy,paid,Texas Children's Health Plan,A.P,80.84,80.84,80.84,0.0
1291,2026,TY,2026Q2,2026-04,2026-04-20,2026-04-20,1332,Speech & Language Therapy,no_charge,BlueCross BlueShield of Texas,A.P,0.0,0.0,0.0,0.0
1292,2026,TY,2026Q2,2026-04,2026-04-20,2026-04-20,1332,Speech & Language Therapy,paid,Patient,A.P,68.24,68.24,68.24,0.0
1293,2026,TY,2026Q2,2026-04,2026-04-20,2026-04-20,1333,Speech & Language Therapy,paid,BlueCross BlueShield of Texas,A.P,38.24,38.24,38.24,0.0
1294,2026,TY,2026Q2,2026-04,2026-04-20,2026-04-20,1333,Speech & Language Therapy,paid,Patient,A.P,30.0,30.0,30.0,0.0
1295,2026,TY,2026Q2,2026-04,2026-04-20,2026-04-20,1334,Speech & Language Therapy,no_charge,Patient,A.P,0.0,0.0,0.0,0.0
1296,2026,TY,2026Q2,2026-04,2026-04-20,2026-04-20,1334,Speech & Language Therapy,paid,Texas Children's Health Plan - CHIP,A.P,80.84,80.84,80.84,0.0
1297,2026,TY,2026Q2,2026-04,2026-04-20,2026-04-20,1335,Speech & Language Therapy,no_charge,Patient,A.P,0.0,0.0,0.0,0.0
1298,2026,TY,2026Q2,2026-04,2026-04-20,2026-04-20,1335,Speech & Language Therapy,paid,Texas Children's Health Plan,A.P,80.84,80.84,80.84,0.0
1299,2026,TY,2026Q2,2026-04,2026-04-20,2026-04-20,1336,Speech & Language Therapy,paid,Patient,J.G,90.0,90.0,90.0,0.0
1300,2026,TY,2026Q2,2026-04,2026-04-20,2026-04-20,1337,Speech & Language Therapy - Telehealth,no_charge,Patient,T.V,0.0,0.0,0.0,0.0
1301,2026,TY,2026Q2,2026-04,2026-04-20,2026-04-20,1337,Speech & Language Therapy - Telehealth,paid,Texas Children's Health Plan,T.V,64.67,64.67,64.67,0.0
1302,2026,TY,2026Q2,2026-04,2026-04-20,2026-04-20,1338,Speech & Language Therapy,no_charge,Patient,T.V,0.0,0.0,0.0,0.0
1303,2026,TY,2026Q2,2026-04,2026-04-20,2026-04-20,1338,Speech & Language Therapy,paid,Texas Children's Health Plan - CHIP,T.V,64.67,64.67,64.67,0.0
1304,2026,TY,2026Q2,2026-04,2026-04-20,2026-04-20,1339,Speech & Language Therapy,no_charge,Patient,T.V,0.0,0.0,0.0,0.0
1305,2026,TY,2026Q2,2026-04,2026-04-20,2026-04-20,1339,Speech & Language Therapy,paid,Texas Children's Health Plan - CHIP,T.V,64.67,64.67,64.67,0.0
1306,2026,TY,2026Q2,2026-04,2026-04-20,2026-04-20,1340,Speech & Language Therapy,no_charge,Patient,T.V,0.0,0.0,0.0,0.0
1307,2026,TY,2026Q2,2026-04,2026-04-20,2026-04-20,1340,Speech & Language Therapy,paid,Community Health Choice,T.V,68.98,68.98,68.98,0.0
1308,2026,TY,2026Q2,2026-04,2026-04-21,2026-04-21,1341,Speech & Language Therapy,no_charge,Patient,A.P,0.0,0.0,0.0,0.0
1309,2026,TY,2026Q2,2026-04,2026-04-21,2026-04-21,1341,Speech & Language Therapy,paid,Community Health Choice,A.P,86.22,86.22,86.22,0.0
1310,2026,TY,2026Q2,2026-04,2026-04-21,2026-04-21,1342,Speech & Language Therapy,no_charge,Patient,A.P,0.0,0.0,0.0,0.0
1311,2026,TY,2026Q2,2026-04,2026-04-21,2026-04-21,1342,Speech & Language Therapy,paid,Texas Children's Health Plan,A.P,80.84,80.84,80.84,0.0
1312,2026,TY,2026Q2,2026-04,2026-04-21,2026-04-21,1343,Speech & Language Therapy,no_charge,Patient,A.P,0.0,0.0,0.0,0.0
1313,2026,TY,2026Q2,2026-04,2026-04-21,2026-04-21,1343,Speech & Language Therapy,paid,Texas Children's Health Plan,A.P,80.84,80.84,80.84,0.0
1314,2026,TY,2026Q2,2026-04,2026-04-21,2026-04-21,1344,Speech & Language Therapy,no_charge,Patient,A.P,0.0,0.0,0.0,0.0
1315,2026,TY,2026Q2,2026-04,2026-04-21,2026-04-21,1344,Speech & Language Therapy,paid,Texas Children's Health Plan,A.P,80.84,80.84,80.84,0.0
1316,2026,TY,2026Q2,2026-04,2026-04-21,2026-04-21,1345,Speech & Language Therapy,no_charge,Patient,A.P,0.0,0.0,0.0,0.0
1317,2026,TY,2026Q2,2026-04,2026-04-21,2026-04-21,1345,Speech & Language Therapy,paid,Texas Children's Health Plan,A.P,80.84,80.84,80.84,0.0
1318,2026,TY,2026Q2,2026-04,2026-04-21,2026-04-21,1346,Speech & Language Therapy,no_charge,Patient,A.P,0.0,0.0,0.0,0.0
1319,2026,TY,2026Q2,2026-04,2026-04-21,2026-04-21,1346,Speech & Language Therapy,paid,Texas Children's Health Plan,A.P,80.84,80.84,80.84,0.0
1320,2026,TY,2026Q2,2026-04,2026-04-21,2026-04-21,1347,Speech & Language Therapy,no_charge,Patient,A.P,0.0,0.0,0.0,0.0
1321,2026,TY,2026Q2,2026-04,2026-04-21,2026-04-21,1347,Speech & Language Therapy,paid,Texas Children's Health Plan,A.P,80.84,80.84,80.84,0.0
1322,2026,TY,2026Q2,2026-04,2026-04-21,2026-04-21,1348,Speech & Language Therapy,paid,Patient,J.G,90.0,90.0,90.0,0.0
1323,2026,TY,2026Q2,2026-04,2026-04-21,2026-04-21,1349,Speech & Language Therapy,no_charge,Patient,T.V,0.0,0.0,0.0,0.0
1324,2026,TY,2026Q2,2026-04,2026-04-21,2026-04-21,1349,Speech & Language Therapy,paid,Texas Children's Health Plan,T.V,64.67,64.67,64.67,0.0
1325,2026,TY,2026Q2,2026-04,2026-04-21,2026-04-21,1350,Speech & Language Therapy,no_charge,Patient,T.V,0.0,0.0,0.0,0.0
1326,2026,TY,2026Q2,2026-04,2026-04-21,2026-04-21,1350,Speech & Language Therapy,paid,Texas Children's Health Plan - CHIP,T.V,64.67,64.67,64.67,0.0
1327,2026,TY,2026Q2,2026-04,2026-04-21,2026-04-21,1351,Speech & Language Therapy,no_charge,BlueCross BlueShield of Texas,J.G,0.0,0.0,0.0,0.0
1328,2026,TY,2026Q2,2026-04,2026-04-21,2026-04-21,1351,Speech & Language Therapy,paid,Patient,J.G,68.24,68.24,68.24,0.0
1329,2026,TY,2026Q2,2026-04,2026-04-21,2026-04-21,1352,Speech & Language Therapy - Telehealth,no_charge,Patient,A.P,0.0,0.0,0.0,0.0
1330,2026,TY,2026Q2,2026-04,2026-04-21,2026-04-21,1352,Speech & Language Therapy - Telehealth,paid,Texas Children's Health Plan,A.P,80.84,80.84,80.84,0.0
1331,2026,TY,2026Q2,2026-04,2026-04-21,2026-04-21,1353,Speech & Language Therapy,no_charge,Patient,T.V,0.0,0.0,0.0,0.0
1332,2026,TY,2026Q2,2026-04,2026-04-21,2026-04-21,1353,Speech & Language Therapy,paid,Texas Children's Health Plan,T.V,64.67,64.67,64.67,0.0
1333,2026,TY,2026Q2,2026-04,2026-04-22,2026-04-22,1354,Speech & Language Therapy,no_charge,Patient,A.P,0.0,0.0,0.0,0.0
1334,2026,TY,2026Q2,2026-04,2026-04-22,2026-04-22,1354,Speech & Language Therapy,paid,Texas Children's Health Plan,A.P,80.84,80.84,80.84,0.0
1335,2026,TY,2026Q2,2026-04,2026-04-22,2026-04-22,1355,Speech & Language Therapy,no_charge,BlueCross BlueShield of Texas,A.P,0.0,0.0,0.0,0.0
1336,2026,TY,2026Q2,2026-04,2026-04-22,2026-04-22,1355,Speech & Language Therapy,paid,Patient,A.P,68.24,68.24,68.24,0.0
1337,2026,TY,2026Q2,2026-04,2026-04-22,2026-04-22,1356,Speech & Language Therapy,paid,BlueCross BlueShield of Texas,A.P,43.24,43.24,43.24,0.0
1338,2026,TY,2026Q2,2026-04,2026-04-22,2026-04-22,1356,Speech & Language Therapy,paid,Patient,A.P,25.0,25.0,25.0,0.0
1339,2026,TY,2026Q2,2026-04,2026-04-22,2026-04-22,1357,Speech & Language Therapy,paid,BlueCross BlueShield of Texas,A.P,38.24,38.24,38.24,0.0
1340,2026,TY,2026Q2,2026-04,2026-04-22,2026-04-22,1357,Speech & Language Therapy,paid,Patient,A.P,30.0,30.0,30.0,0.0
1341,2026,TY,2026Q2,2026-04,2026-04-22,2026-04-22,1358,Speech & Language Therapy,no_charge,Patient,A.P,0.0,0.0,0.0,0.0
1342,2026,TY,2026Q2,2026-04,2026-04-22,2026-04-22,1358,Speech & Language Therapy,paid,Texas Children's Health Plan - CHIP,A.P,80.84,80.84,80.84,0.0
1343,2026,TY,2026Q2,2026-04,2026-04-22,2026-04-22,1359,Speech & Language Therapy - Telehealth,paid,BlueCross BlueShield of Texas,A.P,54.6,54.6,54.6,0.0
1344,2026,TY,2026Q2,2026-04,2026-04-22,2026-04-22,1359,Speech & Language Therapy - Telehealth,paid,Patient,A.P,13.64,13.64,13.64,0.0
1345,2026,TY,2026Q2,2026-04,2026-04-22,2026-04-22,1360,Speech & Language Therapy,no_charge,Patient,A.P,0.0,0.0,0.0,0.0
1346,2026,TY,2026Q2,2026-04,2026-04-22,2026-04-22,1360,Speech & Language Therapy,paid,Texas Children's Health Plan - CHIP,A.P,80.84,80.84,80.84,0.0
1347,2026,TY,2026Q2,2026-04,2026-04-22,2026-04-22,1361,Speech & Language Therapy,no_charge,Patient,A.P,0.0,0.0,0.0,0.0
1348,2026,TY,2026Q2,2026-04,2026-04-22,2026-04-22,1361,Speech & Language Therapy,paid,Texas Children's Health Plan - CHIP,A.P,80.84,80.84,80.84,0.0
1349,2026,TY,2026Q2,2026-04,2026-04-22,2026-04-22,1362,Speech & Language Therapy - Telehealth,no_charge,Patient,K.G,0.0,0.0,0.0,0.0
1350,2026,TY,2026Q2,2026-04,2026-04-22,2026-04-22,1362,Speech & Language Therapy - Telehealth,paid,Texas Children's Health Plan,K.G,64.67,64.67,64.67,0.0
1351,2026,TY,2026Q2,2026-04,2026-04-22,2026-04-22,1363,Speech & Language Therapy - Telehealth,no_charge,Patient,K.G,0.0,0.0,0.0,0.0
1352,2026,TY,2026Q2,2026-04,2026-04-22,2026-04-22,1363,Speech & Language Therapy - Telehealth,paid,Texas Children's Health Plan,K.G,64.67,64.67,64.67,0.0
1353,2026,TY,2026Q2,2026-04,2026-04-22,2026-04-22,1364,Speech & Language Therapy,no_charge,Patient,K.G,0.0,0.0,0.0,0.0
1354,2026,TY,2026Q2,2026-04,2026-04-22,2026-04-22,1364,Speech & Language Therapy,paid,Texas Children's Health Plan,K.G,64.67,64.67,64.67,0.0
1355,2026,TY,2026Q2,2026-04,2026-04-22,2026-04-22,1365,Speech & Language Therapy,no_charge,Patient,K.G,0.0,0.0,0.0,0.0
1356,2026,TY,2026Q2,2026-04,2026-04-22,2026-04-22,1365,Speech & Language Therapy,paid,Texas Children's Health Plan,K.G,64.67,64.67,64.67,0.0
1357,2026,TY,2026Q2,2026-04,2026-04-23,2026-04-23,1366,Speech & Language Therapy,no_charge,BlueCross BlueShield of Texas,A.P,0.0,0.0,0.0,0.0
1358,2026,TY,2026Q2,2026-04,2026-04-23,2026-04-23,1366,Speech & Language Therapy,paid,Patient,A.P,68.24,68.24,68.24,0.0
1359,2026,TY,2026Q2,2026-04,2026-04-23,2026-04-23,1367,Speech & Language Therapy,paid,BlueCross BlueShield of Texas,A.P,33.24,33.24,33.24,0.0
1360,2026,TY,2026Q2,2026-04,2026-04-23,2026-04-23,1367,Speech & Language Therapy,paid,Patient,A.P,35.0,35.0,35.0,0.0
1361,2026,TY,2026Q2,2026-04,2026-04-23,2026-04-23,1368,Speech & Language Therapy,no_charge,Patient,A.P,0.0,0.0,0.0,0.0
1362,2026,TY,2026Q2,2026-04,2026-04-23,2026-04-23,1368,Speech & Language Therapy,paid,BlueCross BlueShield of Texas,A.P,68.24,68.24,68.24,0.0
1363,2026,TY,2026Q2,2026-04,2026-04-23,2026-04-23,1369,Speech & Language Therapy,no_charge,Patient,A.P,0.0,0.0,0.0,0.0
1364,2026,TY,2026Q2,2026-04,2026-04-23,2026-04-23,1369,Speech & Language Therapy,paid,Texas Children's Health Plan,A.P,80.84,80.84,80.84,0.0
1365,2026,TY,2026Q2,2026-04,2026-04-23,2026-04-23,1370,Speech & Language Therapy,no_charge,Patient,A.P,0.0,0.0,0.0,0.0
1366,2026,TY,2026Q2,2026-04,2026-04-23,2026-04-23,1370,Speech & Language Therapy,paid,Community Health Choice,A.P,86.22,86.22,86.22,0.0
1367,2026,TY,2026Q2,2026-04,2026-04-23,2026-04-23,1371,Speech & Language Therapy,no_charge,Patient,A.P,0.0,0.0,0.0,0.0
1368,2026,TY,2026Q2,2026-04,2026-04-23,2026-04-23,1371,Speech & Language Therapy,paid,Texas Children's Health Plan,A.P,80.84,80.84,80.84,0.0
1369,2026,TY,2026Q2,2026-04,2026-04-23,2026-04-23,1372,Speech & Language Therapy,no_charge,Patient,A.P,0.0,0.0,0.0,0.0
1370,2026,TY,2026Q2,2026-04,2026-04-23,2026-04-23,1372,Speech & Language Therapy,paid,Texas Children's Health Plan,A.P,80.84,80.84,80.84,0.0
1371,2026,TY,2026Q2,2026-04,2026-04-23,2026-04-23,1373,Speech & Language Therapy,no_charge,Patient,A.P,0.0,0.0,0.0,0.0
1372,2026,TY,2026Q2,2026-04,2026-04-23,2026-04-23,1373,Speech & Language Therapy,paid,Texas Children's Health Plan,A.P,80.84,80.84,80.84,0.0
1373,2026,TY,2026Q2,2026-04,2026-04-23,2026-04-23,1374,Speech & Language Therapy,no_charge,Patient,A.P,0.0,0.0,0.0,0.0
1374,2026,TY,2026Q2,2026-04,2026-04-23,2026-04-23,1374,Speech & Language Therapy,paid,Texas Children's Health Plan,A.P,80.84,80.84,80.84,0.0
1375,2026,TY,2026Q2,2026-04,2026-04-23,2026-04-23,1375,Speech & Language Therapy - Telehealth,no_charge,Patient,T.V,0.0,0.0,0.0,0.0
1376,2026,TY,2026Q2,2026-04,2026-04-23,2026-04-23,1375,Speech & Language Therapy - Telehealth,paid,Texas Children's Health Plan,T.V,64.67,64.67,64.67,0.0
1377,2026,TY,2026Q2,2026-04,2026-04-23,2026-04-23,1376,Speech & Language Therapy,no_charge,Patient,K.G,0.0,0.0,0.0,0.0
1378,2026,TY,2026Q2,2026-04,2026-04-23,2026-04-23,1376,Speech & Language Therapy,paid,Texas Children's Health Plan,K.G,64.67,64.67,64.67,0.0
1379,2026,TY,2026Q2,2026-04,2026-04-23,2026-04-23,1377,Speech & Language Therapy,no_charge,Patient,K.G,0.0,0.0,0.0,0.0
1380,2026,TY,2026Q2,2026-04,2026-04-23,2026-04-23,1377,Speech & Language Therapy,paid,Texas Children's Health Plan,K.G,64.67,64.67,64.67,0.0
1381,2026,TY,2026Q2,2026-04,2026-04-23,2026-04-23,1378,Speech & Language Therapy,paid,Patient,T.V,70.0,70.0,70.0,0.0
1382,2026,TY,2026Q2,2026-04,2026-04-23,2026-04-23,1379,Speech & Language Therapy,no_charge,Patient,T.V,0.0,0.0,0.0,0.0
1383,2026,TY,2026Q2,2026-04,2026-04-23,2026-04-23,1379,Speech & Language Therapy,paid,Texas Children's Health Plan,T.V,64.67,64.67,64.67,0.0
1384,2026,TY,2026Q2,2026-04,2026-04-23,2026-04-23,1380,Speech & Language Therapy,no_charge,Patient,T.V,0.0,0.0,0.0,0.0
1385,2026,TY,2026Q2,2026-04,2026-04-23,2026-04-23,1380,Speech & Language Therapy,paid,BlueCross BlueShield of Texas,T.V,51.18,51.18,51.18,0.0
1386,2026,TY,2026Q2,2026-04,2026-04-23,2026-04-23,1380,Speech & Language Therapy,paid,Texas Children's Health Plan,T.V,13.49,13.49,13.49,0.0
1387,2026,TY,2026Q2,2026-04,2026-04-23,2026-04-23,1381,Speech & Language Therapy,no_charge,Patient,K.G,0.0,0.0,0.0,0.0
1388,2026,TY,2026Q2,2026-04,2026-04-23,2026-04-23,1381,Speech & Language Therapy,paid,Texas Children's Health Plan,K.G,71.14,71.14,71.14,0.0
1389,2026,TY,2026Q2,2026-04,2026-04-23,2026-04-23,1382,Speech & Language Therapy,paid,Patient,K.G,70.0,70.0,70.0,0.0
1390,2026,TY,2026Q2,2026-04,2026-04-24,2026-04-24,1383,Speech & Language Therapy,no_charge,Patient,K.G,0.0,0.0,0.0,0.0
1391,2026,TY,2026Q2,2026-04,2026-04-24,2026-04-24,1383,Speech & Language Therapy,paid,Texas Children's Health Plan,K.G,64.67,64.67,64.67,0.0
1392,2026,TY,2026Q2,2026-04,2026-04-24,2026-04-24,1384,Speech & Language Therapy,no_charge,Patient,K.G,0.0,0.0,0.0,0.0
1393,2026,TY,2026Q2,2026-04,2026-04-24,2026-04-24,1384,Speech & Language Therapy,paid,Texas Children's Health Plan,K.G,64.67,64.67,64.67,0.0
1394,2026,TY,2026Q2,2026-04,2026-04-24,2026-04-24,1385,Speech & Language Therapy,no_charge,Patient,K.G,0.0,0.0,0.0,0.0
1395,2026,TY,2026Q2,2026-04,2026-04-24,2026-04-24,1385,Speech & Language Therapy,paid,Texas Children's Health Plan,K.G,71.14,71.14,71.14,0.0
1396,2026,TY,2026Q2,2026-04,2026-04-25,2026-04-25,1386,Speech & Language Therapy - No Show,no_charge,Patient,K.G,0.0,0.0,0.0,0.0
1397,2026,TY,2026Q2,2026-04,2026-04-25,2026-04-25,1387,Speech & Language Therapy,paid,Patient,K.G,70.0,70.0,70.0,0.0
1398,2026,TY,2026Q2,2026-04,2026-04-25,2026-04-25,1388,Speech & Language Therapy,no_charge,Patient,K.G,0.0,0.0,0.0,0.0
1399,2026,TY,2026Q2,2026-04,2026-04-25,2026-04-25,1388,Speech & Language Therapy,paid,Texas Children's Health Plan,K.G,64.67,64.67,64.67,0.0
1400,2026,TY,2026Q2,2026-04,2026-04-25,2026-04-25,1389,Speech & Language Therapy - Telehealth,no_charge,Patient,K.G,0.0,0.0,0.0,0.0
1401,2026,TY,2026Q2,2026-04,2026-04-25,2026-04-25,1389,Speech & Language Therapy - Telehealth,paid,Texas Children's Health Plan,K.G,64.67,64.67,64.67,0.0
1402,2026,TY,2026Q2,2026-04,2026-04-25,2026-04-25,1390,Speech & Language Therapy,no_charge,Patient,K.G,0.0,0.0,0.0,0.0
1403,2026,TY,2026Q2,2026-04,2026-04-25,2026-04-25,1390,Speech & Language Therapy,paid,Texas Children's Health Plan,K.G,64.67,64.67,64.67,0.0
1404,2026,TY,2026Q2,2026-04,2026-04-25,2026-04-25,1391,Speech & Language Therapy,no_charge,Patient,K.G,0.0,0.0,0.0,0.0
1405,2026,TY,2026Q2,2026-04,2026-04-25,2026-04-25,1391,Speech & Language Therapy,paid,Texas Children's Health Plan,K.G,64.67,64.67,64.67,0.0
1406,2026,TY,2026Q2,2026-04,2026-04-27,2026-04-27,1392,Speech & Language Therapy,no_charge,Patient,A.P,0.0,0.0,0.0,0.0
1407,2026,TY,2026Q2,2026-04,2026-04-27,2026-04-27,1392,Speech & Language Therapy,paid,Texas Children's Health Plan,A.P,80.84,80.84,80.84,0.0
1408,2026,TY,2026Q2,2026-04,2026-04-27,2026-04-27,1393,Speech & Language Therapy,no_charge,Patient,A.P,0.0,0.0,0.0,0.0
1409,2026,TY,2026Q2,2026-04,2026-04-27,2026-04-27,1393,Speech & Language Therapy,paid,UnitedHealthcare - Medicaid,A.P,86.22,86.22,86.22,0.0
1410,2026,TY,2026Q2,2026-04,2026-04-27,2026-04-27,1394,Speech & Language Therapy,no_charge,BlueCross BlueShield of Texas,A.P,0.0,0.0,0.0,0.0
1411,2026,TY,2026Q2,2026-04,2026-04-27,2026-04-27,1394,Speech & Language Therapy,paid,Patient,A.P,68.24,68.24,68.24,0.0
1412,2026,TY,2026Q2,2026-04,2026-04-27,2026-04-27,1395,Speech & Language Therapy,paid,BlueCross BlueShield of Texas,A.P,43.24,43.24,43.24,0.0
1413,2026,TY,2026Q2,2026-04,2026-04-27,2026-04-27,1395,Speech & Language Therapy,paid,Patient,A.P,25.0,25.0,25.0,0.0
1414,2026,TY,2026Q2,2026-04,2026-04-27,2026-04-27,1396,Speech & Language Therapy,paid,BlueCross BlueShield of Texas,A.P,38.24,38.24,38.24,0.0
1415,2026,TY,2026Q2,2026-04,2026-04-27,2026-04-27,1396,Speech & Language Therapy,paid,Patient,A.P,30.0,30.0,30.0,0.0
1416,2026,TY,2026Q2,2026-04,2026-04-27,2026-04-27,1397,Speech & Language Therapy,no_charge,Patient,A.P,0.0,0.0,0.0,0.0
1417,2026,TY,2026Q2,2026-04,2026-04-27,2026-04-27,1397,Speech & Language Therapy,paid,Texas Children's Health Plan - CHIP,A.P,80.84,80.84,80.84,0.0
1418,2026,TY,2026Q2,2026-04,2026-04-27,2026-04-27,1398,Speech & Language Therapy,no_charge,Patient,A.P,0.0,0.0,0.0,0.0
1419,2026,TY,2026Q2,2026-04,2026-04-27,2026-04-27,1398,Speech & Language Therapy,paid,Texas Children's Health Plan,A.P,80.84,80.84,80.84,0.0
1420,2026,TY,2026Q2,2026-04,2026-04-27,2026-04-27,1399,Speech & Language Therapy - Telehealth,no_charge,Patient,T.V,0.0,0.0,0.0,0.0
1421,2026,TY,2026Q2,2026-04,2026-04-27,2026-04-27,1399,Speech & Language Therapy - Telehealth,paid,Texas Children's Health Plan,T.V,64.67,64.67,64.67,0.0
1422,2026,TY,2026Q2,2026-04,2026-04-27,2026-04-27,1400,Speech & Language Therapy,no_charge,Patient,T.V,0.0,0.0,0.0,0.0
1423,2026,TY,2026Q2,2026-04,2026-04-27,2026-04-27,1400,Speech & Language Therapy,paid,Texas Children's Health Plan - CHIP,T.V,64.67,64.67,64.67,0.0
1424,2026,TY,2026Q2,2026-04,2026-04-27,2026-04-27,1401,Speech & Language Therapy,no_charge,Patient,T.V,0.0,0.0,0.0,0.0
1425,2026,TY,2026Q2,2026-04,2026-04-27,2026-04-27,1401,Speech & Language Therapy,paid,Texas Children's Health Plan - CHIP,T.V,64.67,64.67,64.67,0.0
1426,2026,TY,2026Q2,2026-04,2026-04-28,2026-04-28,1402,Speech & Language Therapy,no_charge,Patient,A.P,0.0,0.0,0.0,0.0
1427,2026,TY,2026Q2,2026-04,2026-04-28,2026-04-28,1402,Speech & Language Therapy,paid,BlueCross BlueShield of Texas,A.P,68.24,68.24,68.24,0.0
1428,2026,TY,2026Q2,2026-04,2026-04-28,2026-04-28,1403,Speech & Language Therapy,no_charge,Patient,A.P,0.0,0.0,0.0,0.0
1429,2026,TY,2026Q2,2026-04,2026-04-28,2026-04-28,1403,Speech & Language Therapy,paid,Texas Children's Health Plan,A.P,80.84,80.84,80.84,0.0
1430,2026,TY,2026Q2,2026-04,2026-04-28,2026-04-28,1404,Speech & Language Therapy,no_charge,Patient,A.P,0.0,0.0,0.0,0.0
1431,2026,TY,2026Q2,2026-04,2026-04-28,2026-04-28,1404,Speech & Language Therapy,paid,Texas Children's Health Plan,A.P,80.84,80.84,80.84,0.0
1432,2026,TY,2026Q2,2026-04,2026-04-28,2026-04-28,1405,Speech & Language Therapy,no_charge,Patient,A.P,0.0,0.0,0.0,0.0
1433,2026,TY,2026Q2,2026-04,2026-04-28,2026-04-28,1405,Speech & Language Therapy,paid,Community Health Choice,A.P,86.22,86.22,86.22,0.0
1434,2026,TY,2026Q2,2026-04,2026-04-28,2026-04-28,1406,Speech & Language Therapy,no_charge,Patient,A.P,0.0,0.0,0.0,0.0
1435,2026,TY,2026Q2,2026-04,2026-04-28,2026-04-28,1406,Speech & Language Therapy,paid,Texas Children's Health Plan,A.P,80.84,80.84,80.84,0.0
1436,2026,TY,2026Q2,2026-04,2026-04-28,2026-04-28,1407,Speech & Language Therapy,no_charge,Patient,A.P,0.0,0.0,0.0,0.0
1437,2026,TY,2026Q2,2026-04,2026-04-28,2026-04-28,1407,Speech & Language Therapy,paid,Texas Children's Health Plan,A.P,80.84,80.84,80.84,0.0
1438,2026,TY,2026Q2,2026-04,2026-04-28,2026-04-28,1408,Speech & Language Therapy,no_charge,Patient,A.P,0.0,0.0,0.0,0.0
1439,2026,TY,2026Q2,2026-04,2026-04-28,2026-04-28,1408,Speech & Language Therapy,paid,Texas Children's Health Plan,A.P,80.84,80.84,80.84,0.0
1440,2026,TY,2026Q2,2026-04,2026-04-28,2026-04-28,1409,Speech & Language Therapy,no_charge,Patient,A.P,0.0,0.0,0.0,0.0
1441,2026,TY,2026Q2,2026-04,2026-04-28,2026-04-28,1409,Speech & Language Therapy,paid,Texas Children's Health Plan,A.P,80.84,80.84,80.84,0.0
1442,2026,TY,2026Q2,2026-04,2026-04-28,2026-04-28,1410,Speech & Language Therapy,no_charge,Patient,A.P,0.0,0.0,0.0,0.0
1443,2026,TY,2026Q2,2026-04,2026-04-28,2026-04-28,1410,Speech & Language Therapy,paid,Texas Children's Health Plan,A.P,80.84,80.84,80.84,0.0
1444,2026,TY,2026Q2,2026-04,2026-04-28,2026-04-28,1411,Speech & Language Therapy,paid,Patient,J.G,90.0,90.0,90.0,0.0
1445,2026,TY,2026Q2,2026-04,2026-04-28,2026-04-28,1412,Speech & Language Therapy - Telehealth,no_charge,Patient,A.P,0.0,0.0,0.0,0.0
1446,2026,TY,2026Q2,2026-04,2026-04-28,2026-04-28,1412,Speech & Language Therapy - Telehealth,paid,Texas Children's Health Plan,A.P,80.84,80.84,80.84,0.0
1447,2026,TY,2026Q2,2026-04,2026-04-28,2026-04-28,1413,Speech & Language Therapy,no_charge,BlueCross BlueShield of Texas,J.G,0.0,0.0,0.0,0.0
1448,2026,TY,2026Q2,2026-04,2026-04-28,2026-04-28,1413,Speech & Language Therapy,paid,Patient,J.G,68.24,68.24,68.24,0.0
1449,2026,TY,2026Q2,2026-04,2026-04-28,2026-04-28,1414,Speech & Language Evaluation,paid,Patient,J.G,295.0,295.0,295.0,0.0
1450,2026,TY,2026Q2,2026-04,2026-04-28,2026-04-28,1415,Speech & Language Therapy,no_charge,Patient,T.V,0.0,0.0,0.0,0.0
1451,2026,TY,2026Q2,2026-04,2026-04-28,2026-04-28,1415,Speech & Language Therapy,paid,Texas Children's Health Plan,T.V,64.67,64.67,64.67,0.0
1452,2026,TY,2026Q2,2026-04,2026-04-28,2026-04-28,1416,Speech & Language Therapy,no_charge,Patient,T.V,0.0,0.0,0.0,0.0
1453,2026,TY,2026Q2,2026-04,2026-04-28,2026-04-28,1416,Speech & Language Therapy,paid,Texas Children's Health Plan - CHIP,T.V,64.67,64.67,64.67,0.0
1454,2026,TY,2026Q2,2026-04,2026-04-29,2026-04-29,1417,Speech & Language Therapy,no_charge,Patient,A.P,0.0,0.0,0.0,0.0
1455,2026,TY,2026Q2,2026-04,2026-04-29,2026-04-29,1417,Speech & Language Therapy,paid,Texas Children's Health Plan,A.P,80.84,80.84,80.84,0.0
1456,2026,TY,2026Q2,2026-04,2026-04-29,2026-04-29,1418,Speech & Language Therapy,no_charge,Patient,A.P,0.0,0.0,0.0,0.0
1457,2026,TY,2026Q2,2026-04,2026-04-29,2026-04-29,1418,Speech & Language Therapy,paid,UnitedHealthcare - Medicaid,A.P,86.22,86.22,86.22,0.0
1458,2026,TY,2026Q2,2026-04,2026-04-29,2026-04-29,1419,Speech & Language Therapy,no_charge,BlueCross BlueShield of Texas,A.P,0.0,0.0,0.0,0.0
1459,2026,TY,2026Q2,2026-04,2026-04-29,2026-04-29,1419,Speech & Language Therapy,paid,Patient,A.P,68.24,68.24,68.24,0.0
1460,2026,TY,2026Q2,2026-04,2026-04-29,2026-04-29,1420,Speech & Language Therapy,paid,BlueCross BlueShield of Texas,A.P,43.24,43.24,43.24,0.0
1461,2026,TY,2026Q2,2026-04,2026-04-29,2026-04-29,1420,Speech & Language Therapy,paid,Patient,A.P,25.0,25.0,25.0,0.0
1462,2026,TY,2026Q2,2026-04,2026-04-29,2026-04-29,1421,Speech & Language Therapy,no_charge,Patient,A.P,0.0,0.0,0.0,0.0
1463,2026,TY,2026Q2,2026-04,2026-04-29,2026-04-29,1421,Speech & Language Therapy,paid,Texas Children's Health Plan - CHIP,A.P,80.84,80.84,80.84,0.0
1464,2026,TY,2026Q2,2026-04,2026-04-29,2026-04-29,1422,Speech & Language Therapy - Telehealth,paid,BlueCross BlueShield of Texas,A.P,54.6,54.6,54.6,0.0
1465,2026,TY,2026Q2,2026-04,2026-04-29,2026-04-29,1422,Speech & Language Therapy - Telehealth,paid,Patient,A.P,13.64,13.64,13.64,0.0
1466,2026,TY,2026Q2,2026-04,2026-04-29,2026-04-29,1423,Speech & Language Therapy,no_charge,Patient,A.P,0.0,0.0,0.0,0.0
1467,2026,TY,2026Q2,2026-04,2026-04-29,2026-04-29,1423,Speech & Language Therapy,paid,Texas Children's Health Plan - CHIP,A.P,80.84,80.84,80.84,0.0
1468,2026,TY,2026Q2,2026-04,2026-04-29,2026-04-29,1424,Speech & Language Therapy,no_charge,Patient,A.P,0.0,0.0,0.0,0.0
1469,2026,TY,2026Q2,2026-04,2026-04-29,2026-04-29,1424,Speech & Language Therapy,paid,Texas Children's Health Plan - CHIP,A.P,80.84,80.84,80.84,0.0
1470,2026,TY,2026Q2,2026-04,2026-04-29,2026-04-29,1425,"Speech Therapy, Re-evaluation - Telehealth",no_charge,Patient,A.P,0.0,0.0,0.0,0.0
1471,2026,TY,2026Q2,2026-04,2026-04-29,2026-04-29,1425,"Speech Therapy, Re-evaluation - Telehealth",paid,Texas Children's Health Plan,A.P,89.15,89.15,89.15,0.0
1472,2026,TY,2026Q2,2026-04,2026-04-29,2026-04-29,1426,"Speech Therapy, Re-evaluation - Telehealth",no_charge,Patient,A.P,0.0,0.0,0.0,0.0
1473,2026,TY,2026Q2,2026-04,2026-04-29,2026-04-29,1426,"Speech Therapy, Re-evaluation - Telehealth",paid,Texas Children's Health Plan,A.P,89.15,89.15,89.15,0.0
1474,2026,TY,2026Q2,2026-04,2026-04-29,2026-04-29,1427,Speech & Language Therapy,no_charge,BlueCross BlueShield of Texas,J.G,0.0,0.0,0.0,0.0
1475,2026,TY,2026Q2,2026-04,2026-04-29,2026-04-29,1427,Speech & Language Therapy,paid,Patient,J.G,68.24,68.24,68.24,0.0
1476,2026,TY,2026Q2,2026-04,2026-04-29,2026-04-29,1428,Speech & Language Therapy - Telehealth,no_charge,Patient,K.G,0.0,0.0,0.0,0.0
1477,2026,TY,2026Q2,2026-04,2026-04-29,2026-04-29,1428,Speech & Language Therapy - Telehealth,paid,Texas Children's Health Plan,K.G,64.67,64.67,64.67,0.0
1478,2026,TY,2026Q2,2026-04,2026-04-29,2026-04-29,1429,Speech & Language Therapy - Telehealth,no_charge,Patient,K.G,0.0,0.0,0.0,0.0
1479,2026,TY,2026Q2,2026-04,2026-04-29,2026-04-29,1429,Speech & Language Therapy - Telehealth,paid,Texas Children's Health Plan,K.G,64.67,64.67,64.67,0.0
1480,2026,TY,2026Q2,2026-04,2026-04-29,2026-04-29,1430,Speech & Language Therapy,no_charge,Patient,K.G,0.0,0.0,0.0,0.0
1481,2026,TY,2026Q2,2026-04,2026-04-29,2026-04-29,1430,Speech & Language Therapy,paid,Texas Children's Health Plan,K.G,64.67,64.67,64.67,0.0
1482,2026,TY,2026Q2,2026-04,2026-04-29,2026-04-29,1431,Speech & Language Therapy,no_charge,Patient,K.G,0.0,0.0,0.0,0.0
1483,2026,TY,2026Q2,2026-04,2026-04-29,2026-04-29,1431,Speech & Language Therapy,paid,Texas Children's Health Plan,K.G,64.67,64.67,64.67,0.0
1484,2026,TY,2026Q2,2026-04,2026-04-29,2026-04-29,1432,Speech & Language Therapy,no_charge,Patient,K.G,0.0,0.0,0.0,0.0
1485,2026,TY,2026Q2,2026-04,2026-04-29,2026-04-29,1432,Speech & Language Therapy,paid,Texas Children's Health Plan,K.G,64.67,64.67,64.67,0.0
1486,2026,TY,2026Q2,2026-04,2026-04-30,2026-04-30,1433,Speech & Language Therapy,no_charge,BlueCross BlueShield of Texas,A.P,0.0,0.0,0.0,0.0
1487,2026,TY,2026Q2,2026-04,2026-04-30,2026-04-30,1433,Speech & Language Therapy,paid,Patient,A.P,68.24,68.24,68.24,0.0
1488,2026,TY,2026Q2,2026-04,2026-04-30,2026-04-30,1434,Speech & Language Therapy,paid,BlueCross BlueShield of Texas,A.P,33.24,33.24,33.24,0.0
1489,2026,TY,2026Q2,2026-04,2026-04-30,2026-04-30,1434,Speech & Language Therapy,paid,Patient,A.P,35.0,35.0,35.0,0.0
1490,2026,TY,2026Q2,2026-04,2026-04-30,2026-04-30,1435,Speech & Language Therapy,paid,BlueCross BlueShield of Texas,A.P,38.24,38.24,38.24,0.0
1491,2026,TY,2026Q2,2026-04,2026-04-30,2026-04-30,1435,Speech & Language Therapy,paid,Patient,A.P,30.0,30.0,30.0,0.0
1492,2026,TY,2026Q2,2026-04,2026-04-30,2026-04-30,1436,Speech & Language Therapy,no_charge,Patient,A.P,0.0,0.0,0.0,0.0
1493,2026,TY,2026Q2,2026-04,2026-04-30,2026-04-30,1436,Speech & Language Therapy,paid,Texas Children's Health Plan,A.P,80.84,80.84,80.84,0.0
1494,2026,TY,2026Q2,2026-04,2026-04-30,2026-04-30,1437,Speech & Language Therapy,no_charge,Patient,A.P,0.0,0.0,0.0,0.0
1495,2026,TY,2026Q2,2026-04,2026-04-30,2026-04-30,1437,Speech & Language Therapy,paid,Community Health Choice,A.P,86.22,86.22,86.22,0.0
1496,2026,TY,2026Q2,2026-04,2026-04-30,2026-04-30,1438,Speech & Language Therapy,no_charge,Patient,A.P,0.0,0.0,0.0,0.0
1497,2026,TY,2026Q2,2026-04,2026-04-30,2026-04-30,1438,Speech & Language Therapy,paid,Texas Children's Health Plan,A.P,80.84,80.84,80.84,0.0
1498,2026,TY,2026Q2,2026-04,2026-04-30,2026-04-30,1439,Speech & Language Therapy,no_charge,Patient,A.P,0.0,0.0,0.0,0.0
1499,2026,TY,2026Q2,2026-04,2026-04-30,2026-04-30,1439,Speech & Language Therapy,paid,Texas Children's Health Plan,A.P,80.84,80.84,80.84,0.0
1500,2026,TY,2026Q2,2026-04,2026-04-30,2026-04-30,1440,Speech & Language Therapy,no_charge,Patient,A.P,0.0,0.0,0.0,0.0
1501,2026,TY,2026Q2,2026-04,2026-04-30,2026-04-30,1440,Speech & Language Therapy,paid,Texas Children's Health Plan,A.P,80.84,80.84,80.84,0.0
1502,2026,TY,2026Q2,2026-04,2026-04-30,2026-04-30,1441,Speech & Language Therapy,paid,Patient,J.G,90.0,90.0,90.0,0.0
1503,2026,TY,2026Q2,2026-04,2026-04-30,2026-04-30,1442,Speech & Language Therapy,paid,Patient,T.V,70.0,70.0,70.0,0.0
1504,2026,TY,2026Q2,2026-04,2026-04-30,2026-04-30,1443,Speech & Language Therapy - Telehealth,paid,BlueCross BlueShield of Texas,J.G,54.6,54.6,54.6,0.0
1505,2026,TY,2026Q2,2026-04,2026-04-30,2026-04-30,1443,Speech & Language Therapy - Telehealth,paid,Patient,J.G,13.64,13.64,13.64,0.0
1506,2026,TY,2026Q2,2026-04,2026-04-30,2026-04-30,1444,Speech & Language Therapy,no_charge,Patient,T.V,0.0,0.0,0.0,0.0
1507,2026,TY,2026Q2,2026-04,2026-04-30,2026-04-30,1444,Speech & Language Therapy,paid,Texas Children's Health Plan,T.V,64.67,64.67,64.67,0.0
1508,2026,TY,2026Q2,2026-04,2026-04-30,2026-04-30,1445,Speech & Language Therapy,no_charge,Patient,K.G,0.0,0.0,0.0,0.0
1509,2026,TY,2026Q2,2026-04,2026-04-30,2026-04-30,1445,Speech & Language Therapy,paid,Texas Children's Health Plan,K.G,64.67,64.67,64.67,0.0
1510,2026,TY,2026Q2,2026-04,2026-04-30,2026-04-30,1446,Speech & Language Therapy,no_charge,Patient,K.G,0.0,0.0,0.0,0.0
1511,2026,TY,2026Q2,2026-04,2026-04-30,2026-04-30,1446,Speech & Language Therapy,paid,Texas Children's Health Plan,K.G,64.67,64.67,64.67,0.0
1512,2026,TY,2026Q2,2026-04,2026-04-30,2026-04-30,1447,Speech & Language Therapy - Home,no_charge,Patient,K.G,0.0,0.0,0.0,0.0
1513,2026,TY,2026Q2,2026-04,2026-04-30,2026-04-30,1447,Speech & Language Therapy - Home,paid,Texas Children's Health Plan,K.G,71.14,71.14,71.14,0.0
1514,2026,TY,2026Q2,2026-04,2026-04-30,2026-04-30,1448,Speech & Language Therapy,no_charge,BlueCross BlueShield of Texas,J.G,0.0,0.0,0.0,0.0
1515,2026,TY,2026Q2,2026-04,2026-04-30,2026-04-30,1448,Speech & Language Therapy,paid,Patient,J.G,68.24,68.24,68.24,0.0
1516,2026,TY,2026Q2,2026-04,2026-04-30,2026-04-30,1449,Speech & Language Therapy,paid,Patient,K.G,70.0,70.0,70.0,0.0
1517,2026,TY,2026Q2,2026-05,2026-05-02,2026-05-02,1450,Speech & Language Therapy,paid,Patient,K.G,70.0,70.0,70.0,0.0
1518,2026,TY,2026Q2,2026-05,2026-05-02,2026-05-02,1451,Speech & Language Therapy,no_charge,Patient,K.G,0.0,0.0,0.0,0.0
1519,2026,TY,2026Q2,2026-05,2026-05-02,2026-05-02,1451,Speech & Language Therapy,paid,Texas Children's Health Plan,K.G,64.67,64.67,64.67,0.0
1520,2026,TY,2026Q2,2026-05,2026-05-02,2026-05-02,1452,Speech & Language Therapy,no_charge,Patient,K.G,0.0,0.0,0.0,0.0
1521,2026,TY,2026Q2,2026-05,2026-05-02,2026-05-02,1452,Speech & Language Therapy,paid,Texas Children's Health Plan,K.G,64.67,64.67,64.67,0.0
1522,2026,TY,2026Q2,2026-05,2026-05-02,2026-05-02,1453,Speech & Language Therapy,no_charge,Patient,K.G,0.0,0.0,0.0,0.0
1523,2026,TY,2026Q2,2026-05,2026-05-02,2026-05-02,1453,Speech & Language Therapy,paid,UnitedHealthcare - Medicaid,K.G,68.98,68.98,68.98,0.0
1524,2026,TY,2026Q2,2026-05,2026-05-02,2026-05-02,1454,Speech & Language Therapy - Telehealth,no_charge,Patient,K.G,0.0,0.0,0.0,0.0
1525,2026,TY,2026Q2,2026-05,2026-05-02,2026-05-02,1454,Speech & Language Therapy - Telehealth,paid,Texas Children's Health Plan,K.G,64.67,64.67,64.67,0.0
1526,2026,TY,2026Q2,2026-05,2026-05-02,2026-05-02,1455,Speech & Language Therapy,no_charge,Patient,K.G,0.0,0.0,0.0,0.0
1527,2026,TY,2026Q2,2026-05,2026-05-02,2026-05-02,1455,Speech & Language Therapy,paid,Texas Children's Health Plan,K.G,64.67,64.67,64.67,0.0
1528,2026,TY,2026Q2,2026-05,2026-05-02,2026-05-02,1456,Speech & Language Therapy,no_charge,Patient,K.G,0.0,0.0,0.0,0.0
1529,2026,TY,2026Q2,2026-05,2026-05-02,2026-05-02,1456,Speech & Language Therapy,paid,Texas Children's Health Plan,K.G,64.67,64.67,64.67,0.0
1530,2026,TY,2026Q2,2026-05,2026-05-04,2026-05-04,1457,Speech & Language Therapy,paid,BlueCross BlueShield of Texas,A.P,38.92,38.92,38.92,0.0
1531,2026,TY,2026Q2,2026-05,2026-05-04,2026-05-04,1457,Speech & Language Therapy,paid,Patient,A.P,30.0,30.0,30.0,0.0
1532,2026,TY,2026Q2,2026-05,2026-05-04,2026-05-04,1458,Speech & Language Therapy,no_charge,Patient,A.P,0.0,0.0,0.0,0.0
1533,2026,TY,2026Q2,2026-05,2026-05-04,2026-05-04,1458,Speech & Language Therapy,paid,Texas Children's Health Plan - CHIP,A.P,80.84,80.84,80.84,0.0
1534,2026,TY,2026Q2,2026-05,2026-05-04,2026-05-04,1459,Speech & Language Therapy,no_charge,Patient,A.P,0.0,0.0,0.0,0.0
1535,2026,TY,2026Q2,2026-05,2026-05-04,2026-05-04,1459,Speech & Language Therapy,paid,Texas Children's Health Plan,A.P,80.84,80.84,80.84,0.0
1536,2026,TY,2026Q2,2026-05,2026-05-04,2026-05-04,1460,Speech & Language Evaluation,no_charge,Patient,A.P,0.0,0.0,0.0,0.0
1537,2026,TY,2026Q2,2026-05,2026-05-04,2026-05-04,1460,Speech & Language Evaluation,paid,Texas Children's Health Plan,A.P,127.36,127.36,127.36,0.0
1538,2026,TY,2026Q2,2026-05,2026-05-04,2026-05-04,1461,Speech & Language Therapy - Telehealth,no_charge,Patient,T.V,0.0,0.0,0.0,0.0
1539,2026,TY,2026Q2,2026-05,2026-05-04,2026-05-04,1461,Speech & Language Therapy - Telehealth,paid,Texas Children's Health Plan,T.V,64.67,64.67,64.67,0.0
1540,2026,TY,2026Q2,2026-05,2026-05-04,2026-05-04,1462,Speech & Language Therapy,no_charge,Patient,T.V,0.0,0.0,0.0,0.0
1541,2026,TY,2026Q2,2026-05,2026-05-04,2026-05-04,1462,Speech & Language Therapy,paid,Texas Children's Health Plan - CHIP,T.V,80.84,80.84,80.84,0.0
1542,2026,TY,2026Q2,2026-05,2026-05-04,2026-05-04,1463,Speech & Language Therapy,no_charge,Patient,T.V,0.0,0.0,0.0,0.0
1543,2026,TY,2026Q2,2026-05,2026-05-04,2026-05-04,1463,Speech & Language Therapy,paid,Texas Children's Health Plan - CHIP,T.V,64.67,64.67,64.67,0.0
1544,2026,TY,2026Q2,2026-05,2026-05-04,2026-05-04,1464,Speech & Language Therapy,no_charge,Patient,T.V,0.0,0.0,0.0,0.0
1545,2026,TY,2026Q2,2026-05,2026-05-04,2026-05-04,1464,Speech & Language Therapy,no_charge,UnitedHealthcare - Medicaid,T.V,0.0,0.0,0.0,0.0
1546,2026,TY,2026Q2,2026-05,2026-05-05,2026-05-05,1465,Speech & Language Therapy - No Show,no_charge,Patient,A.P,0.0,0.0,0.0,0.0
1547,2026,TY,2026Q2,2026-05,2026-05-05,2026-05-05,1466,Speech & Language Therapy,no_charge,Patient,A.P,0.0,0.0,0.0,0.0
1548,2026,TY,2026Q2,2026-05,2026-05-05,2026-05-05,1466,Speech & Language Therapy,paid,Community Health Choice,A.P,86.22,86.22,86.22,0.0
1549,2026,TY,2026Q2,2026-05,2026-05-05,2026-05-05,1467,Speech & Language Therapy,no_charge,Patient,A.P,0.0,0.0,0.0,0.0
1550,2026,TY,2026Q2,2026-05,2026-05-05,2026-05-05,1467,Speech & Language Therapy,paid,Texas Children's Health Plan,A.P,80.84,80.84,80.84,0.0
1551,2026,TY,2026Q2,2026-05,2026-05-05,2026-05-05,1468,Speech & Language Therapy,no_charge,Patient,A.P,0.0,0.0,0.0,0.0
1552,2026,TY,2026Q2,2026-05,2026-05-05,2026-05-05,1468,Speech & Language Therapy,paid,Texas Children's Health Plan,A.P,80.84,80.84,80.84,0.0
1553,2026,TY,2026Q2,2026-05,2026-05-05,2026-05-05,1469,Speech & Language Therapy,no_charge,Patient,A.P,0.0,0.0,0.0,0.0
1554,2026,TY,2026Q2,2026-05,2026-05-05,2026-05-05,1469,Speech & Language Therapy,paid,Texas Children's Health Plan,A.P,80.84,80.84,80.84,0.0
1555,2026,TY,2026Q2,2026-05,2026-05-05,2026-05-05,1470,Speech & Language Therapy,no_charge,Patient,A.P,0.0,0.0,0.0,0.0
1556,2026,TY,2026Q2,2026-05,2026-05-05,2026-05-05,1470,Speech & Language Therapy,paid,Texas Children's Health Plan,A.P,80.84,80.84,80.84,0.0
1557,2026,TY,2026Q2,2026-05,2026-05-05,2026-05-05,1471,Speech & Language Therapy,no_charge,Patient,A.P,0.0,0.0,0.0,0.0
1558,2026,TY,2026Q2,2026-05,2026-05-05,2026-05-05,1471,Speech & Language Therapy,paid,Texas Children's Health Plan,A.P,80.84,80.84,80.84,0.0
1559,2026,TY,2026Q2,2026-05,2026-05-05,2026-05-05,1472,Speech & Language Therapy,no_charge,Patient,A.P,0.0,0.0,0.0,0.0
1560,2026,TY,2026Q2,2026-05,2026-05-05,2026-05-05,1472,Speech & Language Therapy,paid,Texas Children's Health Plan,A.P,80.84,80.84,80.84,0.0
1561,2026,TY,2026Q2,2026-05,2026-05-05,2026-05-05,1473,Speech & Language Therapy - Telehealth,no_charge,Patient,A.P,0.0,0.0,0.0,0.0
1562,2026,TY,2026Q2,2026-05,2026-05-05,2026-05-05,1473,Speech & Language Therapy - Telehealth,paid,Texas Children's Health Plan,A.P,80.84,80.84,80.84,0.0
1563,2026,TY,2026Q2,2026-05,2026-05-05,2026-05-05,1474,Speech & Language Therapy - Telehealth,paid,BlueCross BlueShield of Texas,J.G,55.14,55.14,55.14,0.0
1564,2026,TY,2026Q2,2026-05,2026-05-05,2026-05-05,1474,Speech & Language Therapy - Telehealth,paid,Patient,J.G,13.78,13.78,13.78,0.0
1565,2026,TY,2026Q2,2026-05,2026-05-05,2026-05-05,1475,Speech & Language Therapy,no_charge,Patient,T.V,0.0,0.0,0.0,0.0
1566,2026,TY,2026Q2,2026-05,2026-05-05,2026-05-05,1475,Speech & Language Therapy,paid,Texas Children's Health Plan,T.V,64.67,64.67,64.67,0.0
1567,2026,TY,2026Q2,2026-05,2026-05-05,2026-05-05,1476,Speech & Language Therapy,no_charge,Patient,T.V,0.0,0.0,0.0,0.0
1568,2026,TY,2026Q2,2026-05,2026-05-05,2026-05-05,1476,Speech & Language Therapy,paid,Texas Children's Health Plan - CHIP,T.V,64.67,64.67,64.67,0.0
1569,2026,TY,2026Q2,2026-05,2026-05-05,2026-05-05,1477,Speech & Language Therapy,no_charge,BlueCross BlueShield of Texas,J.G,0.0,0.0,0.0,0.0
1570,2026,TY,2026Q2,2026-05,2026-05-05,2026-05-05,1477,Speech & Language Therapy,paid,Patient,J.G,68.92,68.92,68.92,0.0
1571,2026,TY,2026Q2,2026-05,2026-05-05,2026-05-05,1478,Speech & Language Therapy - No Show,no_charge,Patient,T.V,0.0,0.0,0.0,0.0
1572,2026,TY,2026Q2,2026-05,2026-05-05,2026-05-05,1479,Speech & Language Therapy - No Show,no_charge,Patient,T.V,0.0,0.0,0.0,0.0
1573,2026,TY,2026Q2,2026-05,2026-05-06,2026-05-06,1480,Speech & Language Therapy,no_charge,Patient,A.P,0.0,0.0,0.0,0.0
1574,2026,TY,2026Q2,2026-05,2026-05-06,2026-05-06,1480,Speech & Language Therapy,paid,Texas Children's Health Plan,A.P,80.84,80.84,80.84,0.0
1575,2026,TY,2026Q2,2026-05,2026-05-06,2026-05-06,1481,Speech & Language Therapy,no_charge,Patient,A.P,0.0,0.0,0.0,0.0
1576,2026,TY,2026Q2,2026-05,2026-05-06,2026-05-06,1481,Speech & Language Therapy,paid,UnitedHealthcare - Medicaid,A.P,86.22,86.22,86.22,0.0
1577,2026,TY,2026Q2,2026-05,2026-05-06,2026-05-06,1482,Speech & Language Therapy,no_charge,BlueCross BlueShield of Texas,A.P,0.0,0.0,0.0,0.0
1578,2026,TY,2026Q2,2026-05,2026-05-06,2026-05-06,1482,Speech & Language Therapy,paid,Patient,A.P,68.92,68.92,68.92,0.0
1579,2026,TY,2026Q2,2026-05,2026-05-06,2026-05-06,1483,Speech & Language Therapy,paid,BlueCross BlueShield of Texas,A.P,43.92,43.92,43.92,0.0
1580,2026,TY,2026Q2,2026-05,2026-05-06,2026-05-06,1483,Speech & Language Therapy,paid,Patient,A.P,25.0,25.0,25.0,0.0
1581,2026,TY,2026Q2,2026-05,2026-05-06,2026-05-06,1484,Speech & Language Therapy,paid,BlueCross BlueShield of Texas,A.P,38.92,38.92,38.92,0.0
1582,2026,TY,2026Q2,2026-05,2026-05-06,2026-05-06,1484,Speech & Language Therapy,paid,Patient,A.P,30.0,30.0,30.0,0.0
1583,2026,TY,2026Q2,2026-05,2026-05-06,2026-05-06,1485,Speech & Language Therapy - Telehealth,paid,BlueCross BlueShield of Texas,A.P,55.14,55.14,55.14,0.0
1584,2026,TY,2026Q2,2026-05,2026-05-06,2026-05-06,1485,Speech & Language Therapy - Telehealth,paid,Patient,A.P,13.78,13.78,13.78,0.0
1585,2026,TY,2026Q2,2026-05,2026-05-06,2026-05-06,1486,Speech & Language Therapy,no_charge,Patient,A.P,0.0,0.0,0.0,0.0
1586,2026,TY,2026Q2,2026-05,2026-05-06,2026-05-06,1486,Speech & Language Therapy,paid,Texas Children's Health Plan - CHIP,A.P,80.84,80.84,80.84,0.0
1587,2026,TY,2026Q2,2026-05,2026-05-06,2026-05-06,1487,Speech & Language Therapy,no_charge,Patient,A.P,0.0,0.0,0.0,0.0
1588,2026,TY,2026Q2,2026-05,2026-05-06,2026-05-06,1487,Speech & Language Therapy,paid,Texas Children's Health Plan - CHIP,A.P,80.84,80.84,80.84,0.0
1589,2026,TY,2026Q2,2026-05,2026-05-06,2026-05-06,1488,Speech & Language Therapy - Telehealth,no_charge,Patient,K.G,0.0,0.0,0.0,0.0
1590,2026,TY,2026Q2,2026-05,2026-05-06,2026-05-06,1488,Speech & Language Therapy - Telehealth,paid,Texas Children's Health Plan,K.G,64.67,64.67,64.67,0.0
1591,2026,TY,2026Q2,2026-05,2026-05-06,2026-05-06,1489,Speech & Language Therapy - Telehealth,no_charge,Patient,K.G,0.0,0.0,0.0,0.0
1592,2026,TY,2026Q2,2026-05,2026-05-06,2026-05-06,1489,Speech & Language Therapy - Telehealth,paid,Texas Children's Health Plan,K.G,64.67,64.67,64.67,0.0
1593,2026,TY,2026Q2,2026-05,2026-05-06,2026-05-06,1490,Speech & Language Therapy,no_charge,BlueCross BlueShield of Texas,J.G,0.0,0.0,0.0,0.0
1594,2026,TY,2026Q2,2026-05,2026-05-06,2026-05-06,1490,Speech & Language Therapy,paid,Patient,J.G,68.92,68.92,68.92,0.0
1595,2026,TY,2026Q2,2026-05,2026-05-06,2026-05-06,1491,Speech & Language Therapy,no_charge,Patient,K.G,0.0,0.0,0.0,0.0
1596,2026,TY,2026Q2,2026-05,2026-05-06,2026-05-06,1491,Speech & Language Therapy,paid,Texas Children's Health Plan,K.G,64.67,64.67,64.67,0.0
1597,2026,TY,2026Q2,2026-05,2026-05-06,2026-05-06,1492,Speech & Language Therapy,no_charge,Patient,K.G,0.0,0.0,0.0,0.0
1598,2026,TY,2026Q2,2026-05,2026-05-06,2026-05-06,1492,Speech & Language Therapy,paid,Texas Children's Health Plan,K.G,64.67,64.67,64.67,0.0
1599,2026,TY,2026Q2,2026-05,2026-05-06,2026-05-06,1493,Speech & Language Therapy,no_charge,Patient,K.G,0.0,0.0,0.0,0.0
1600,2026,TY,2026Q2,2026-05,2026-05-06,2026-05-06,1493,Speech & Language Therapy,paid,Texas Children's Health Plan,K.G,64.67,64.67,64.67,0.0
1601,2026,TY,2026Q2,2026-05,2026-05-07,2026-05-07,1494,Speech & Language Therapy,no_charge,BlueCross BlueShield of Texas,A.P,0.0,0.0,0.0,0.0
1602,2026,TY,2026Q2,2026-05,2026-05-07,2026-05-07,1494,Speech & Language Therapy,paid,Patient,A.P,68.92,68.92,68.92,0.0
1603,2026,TY,2026Q2,2026-05,2026-05-07,2026-05-07,1495,Speech & Language Therapy,no_charge,Patient,A.P,0.0,0.0,0.0,0.0
1604,2026,TY,2026Q2,2026-05,2026-05-07,2026-05-07,1495,Speech & Language Therapy,paid,BlueCross BlueShield of Texas,A.P,68.92,68.92,68.92,0.0
1605,2026,TY,2026Q2,2026-05,2026-05-07,2026-05-07,1496,Speech & Language Therapy,paid,BlueCross BlueShield of Texas,A.P,38.92,38.92,38.92,0.0
1606,2026,TY,2026Q2,2026-05,2026-05-07,2026-05-07,1496,Speech & Language Therapy,paid,Patient,A.P,30.0,30.0,30.0,0.0
1607,2026,TY,2026Q2,2026-05,2026-05-07,2026-05-07,1497,Speech & Language Therapy,no_charge,Patient,A.P,0.0,0.0,0.0,0.0
1608,2026,TY,2026Q2,2026-05,2026-05-07,2026-05-07,1497,Speech & Language Therapy,paid,Texas Children's Health Plan,A.P,80.84,80.84,80.84,0.0
1609,2026,TY,2026Q2,2026-05,2026-05-07,2026-05-07,1498,Speech & Language Therapy,paid,BlueCross BlueShield of Texas,A.P,33.92,33.92,33.92,0.0
1610,2026,TY,2026Q2,2026-05,2026-05-07,2026-05-07,1498,Speech & Language Therapy,paid,Patient,A.P,35.0,35.0,35.0,0.0
1611,2026,TY,2026Q2,2026-05,2026-05-07,2026-05-07,1499,Speech & Language Therapy,no_charge,Patient,A.P,0.0,0.0,0.0,0.0
1612,2026,TY,2026Q2,2026-05,2026-05-07,2026-05-07,1499,Speech & Language Therapy,paid,Texas Children's Health Plan,A.P,80.84,80.84,80.84,0.0
1613,2026,TY,2026Q2,2026-05,2026-05-07,2026-05-07,1500,Speech & Language Therapy,no_charge,Patient,A.P,0.0,0.0,0.0,0.0
1614,2026,TY,2026Q2,2026-05,2026-05-07,2026-05-07,1500,Speech & Language Therapy,paid,Community Health Choice,A.P,86.22,86.22,86.22,0.0
1615,2026,TY,2026Q2,2026-05,2026-05-07,2026-05-07,1501,Speech & Language Therapy,no_charge,Patient,A.P,0.0,0.0,0.0,0.0
1616,2026,TY,2026Q2,2026-05,2026-05-07,2026-05-07,1501,Speech & Language Therapy,paid,Texas Children's Health Plan,A.P,80.84,80.84,80.84,0.0
1617,2026,TY,2026Q2,2026-05,2026-05-07,2026-05-07,1502,Speech & Language Therapy,no_charge,Patient,A.P,0.0,0.0,0.0,0.0
1618,2026,TY,2026Q2,2026-05,2026-05-07,2026-05-07,1502,Speech & Language Therapy,paid,Texas Children's Health Plan,A.P,80.84,80.84,80.84,0.0
1619,2026,TY,2026Q2,2026-05,2026-05-07,2026-05-07,1503,Speech & Language Therapy,paid,Patient,J.G,90.0,90.0,90.0,0.0
1620,2026,TY,2026Q2,2026-05,2026-05-07,2026-05-07,1504,Speech & Language Therapy - Telehealth - No Show,no_charge,Patient,T.V,0.0,0.0,0.0,0.0
1621,2026,TY,2026Q2,2026-05,2026-05-07,2026-05-07,1505,Speech & Language Therapy - Telehealth,paid,BlueCross BlueShield of Texas,J.G,55.14,55.14,55.14,0.0
1622,2026,TY,2026Q2,2026-05,2026-05-07,2026-05-07,1505,Speech & Language Therapy - Telehealth,paid,Patient,J.G,13.78,13.78,13.78,0.0
1623,2026,TY,2026Q2,2026-05,2026-05-07,2026-05-07,1506,Speech & Language Therapy,no_charge,Patient,K.G,0.0,0.0,0.0,0.0
1624,2026,TY,2026Q2,2026-05,2026-05-07,2026-05-07,1506,Speech & Language Therapy,paid,Texas Children's Health Plan,K.G,64.67,64.67,64.67,0.0
1625,2026,TY,2026Q2,2026-05,2026-05-07,2026-05-07,1507,Speech & Language Therapy,no_charge,Patient,K.G,0.0,0.0,0.0,0.0
1626,2026,TY,2026Q2,2026-05,2026-05-07,2026-05-07,1507,Speech & Language Therapy,paid,Texas Children's Health Plan,K.G,64.67,64.67,64.67,0.0
1627,2026,TY,2026Q2,2026-05,2026-05-07,2026-05-07,1508,Speech & Language Therapy,no_charge,Patient,T.V,0.0,0.0,0.0,0.0
1628,2026,TY,2026Q2,2026-05,2026-05-07,2026-05-07,1508,Speech & Language Therapy,paid,Texas Children's Health Plan,T.V,64.67,64.67,64.67,0.0
1629,2026,TY,2026Q2,2026-05,2026-05-07,2026-05-07,1509,Speech & Language Therapy,no_charge,BlueCross BlueShield of Texas,J.G,0.0,0.0,0.0,0.0
1630,2026,TY,2026Q2,2026-05,2026-05-07,2026-05-07,1509,Speech & Language Therapy,paid,Patient,J.G,68.92,68.92,68.92,0.0
1631,2026,TY,2026Q2,2026-05,2026-05-07,2026-05-07,1510,Speech & Language Therapy,no_charge,Patient,T.V,0.0,0.0,0.0,0.0
1632,2026,TY,2026Q2,2026-05,2026-05-07,2026-05-07,1510,Speech & Language Therapy,paid,Texas Children's Health Plan,T.V,64.67,64.67,64.67,0.0
1633,2026,TY,2026Q2,2026-05,2026-05-07,2026-05-07,1511,Speech & Language Therapy,no_charge,Patient,T.V,0.0,0.0,0.0,0.0
1634,2026,TY,2026Q2,2026-05,2026-05-07,2026-05-07,1511,Speech & Language Therapy,no_charge,Texas Children's Health Plan,T.V,0.0,0.0,0.0,0.0
1635,2026,TY,2026Q2,2026-05,2026-05-07,2026-05-07,1511,Speech & Language Therapy,paid,BlueCross BlueShield of Texas,T.V,68.92,68.92,68.92,0.0
1636,2026,TY,2026Q2,2026-05,2026-05-07,2026-05-07,1512,Speech & Language Therapy,paid,Patient,J.G,90.0,90.0,90.0,0.0
1637,2026,TY,2026Q2,2026-05,2026-05-07,2026-05-07,1513,Speech & Language Therapy,no_charge,Patient,K.G,0.0,0.0,0.0,0.0
1638,2026,TY,2026Q2,2026-05,2026-05-07,2026-05-07,1513,Speech & Language Therapy,paid,Texas Children's Health Plan,K.G,71.14,71.14,71.14,0.0
1639,2026,TY,2026Q2,2026-05,2026-05-07,2026-05-07,1514,Speech & Language Therapy,paid,Patient,K.G,70.0,70.0,70.0,0.0
1640,2026,TY,2026Q2,2026-05,2026-05-08,2026-05-08,1515,Speech & Language Therapy,no_charge,Patient,A.P,0.0,0.0,0.0,0.0
1641,2026,TY,2026Q2,2026-05,2026-05-08,2026-05-08,1515,Speech & Language Therapy,paid,Texas Children's Health Plan,A.P,80.84,80.84,80.84,0.0
1642,2026,TY,2026Q2,2026-05,2026-05-08,2026-05-08,1516,Speech & Language Therapy,paid,BlueCross BlueShield of Texas,A.P,43.92,43.92,43.92,0.0
1643,2026,TY,2026Q2,2026-05,2026-05-08,2026-05-08,1516,Speech & Language Therapy,paid,Patient,A.P,25.0,25.0,25.0,0.0
1644,2026,TY,2026Q2,2026-05,2026-05-08,2026-05-08,1517,Speech & Language Therapy,no_charge,BlueCross BlueShield of Texas,A.P,0.0,0.0,0.0,0.0
1645,2026,TY,2026Q2,2026-05,2026-05-08,2026-05-08,1517,Speech & Language Therapy,paid,Patient,A.P,68.92,68.92,68.92,0.0
1646,2026,TY,2026Q2,2026-05,2026-05-08,2026-05-08,1518,Speech & Language Therapy,no_charge,Patient,K.G,0.0,0.0,0.0,0.0
1647,2026,TY,2026Q2,2026-05,2026-05-08,2026-05-08,1518,Speech & Language Therapy,paid,Texas Children's Health Plan,K.G,64.67,64.67,64.67,0.0
1648,2026,TY,2026Q2,2026-05,2026-05-08,2026-05-08,1519,Speech & Language Therapy,no_charge,Patient,K.G,0.0,0.0,0.0,0.0
1649,2026,TY,2026Q2,2026-05,2026-05-08,2026-05-08,1519,Speech & Language Therapy,paid,Texas Children's Health Plan,K.G,64.67,64.67,64.67,0.0
1650,2026,TY,2026Q2,2026-05,2026-05-08,2026-05-08,1520,Speech & Language Therapy,no_charge,Patient,K.G,0.0,0.0,0.0,0.0
1651,2026,TY,2026Q2,2026-05,2026-05-08,2026-05-08,1520,Speech & Language Therapy,paid,Texas Children's Health Plan,K.G,71.14,71.14,71.14,0.0
1652,2026,TY,2026Q2,2026-05,2026-05-08,2026-05-08,1521,Speech & Language Therapy,paid,Patient,K.G,70.0,70.0,70.0,0.0
1653,2026,TY,2026Q2,2026-05,2026-05-09,2026-05-09,1522,Speech & Language Therapy,paid,Patient,K.G,70.0,70.0,70.0,0.0
1654,2026,TY,2026Q2,2026-05,2026-05-09,2026-05-09,1523,Speech & Language Therapy,no_charge,Patient,K.G,0.0,0.0,0.0,0.0
1655,2026,TY,2026Q2,2026-05,2026-05-09,2026-05-09,1523,Speech & Language Therapy,paid,Texas Children's Health Plan,K.G,64.67,64.67,64.67,0.0
1656,2026,TY,2026Q2,2026-05,2026-05-09,2026-05-09,1524,Speech & Language Therapy - Telehealth,no_charge,Patient,K.G,0.0,0.0,0.0,0.0
1657,2026,TY,2026Q2,2026-05,2026-05-09,2026-05-09,1524,Speech & Language Therapy - Telehealth,paid,Texas Children's Health Plan,K.G,64.67,64.67,64.67,0.0
1658,2026,TY,2026Q2,2026-05,2026-05-09,2026-05-09,1525,Speech & Language Therapy,no_charge,Patient,K.G,0.0,0.0,0.0,0.0
1659,2026,TY,2026Q2,2026-05,2026-05-09,2026-05-09,1525,Speech & Language Therapy,paid,UnitedHealthcare - Medicaid,K.G,68.98,68.98,68.98,0.0
1660,2026,TY,2026Q2,2026-05,2026-05-09,2026-05-09,1526,Speech & Language Therapy,no_charge,Patient,K.G,0.0,0.0,0.0,0.0
1661,2026,TY,2026Q2,2026-05,2026-05-09,2026-05-09,1526,Speech & Language Therapy,paid,Texas Children's Health Plan,K.G,64.67,64.67,64.67,0.0
1662,2026,TY,2026Q2,2026-05,2026-05-09,2026-05-09,1527,Speech & Language Therapy,no_charge,Patient,K.G,0.0,0.0,0.0,0.0
1663,2026,TY,2026Q2,2026-05,2026-05-09,2026-05-09,1527,Speech & Language Therapy,paid,Texas Children's Health Plan,K.G,64.67,64.67,64.67,0.0
1664,2026,TY,2026Q2,2026-05,2026-05-11,2026-05-11,1528,Speech & Language Therapy,no_charge,Patient,A.P,0.0,0.0,0.0,0.0
1665,2026,TY,2026Q2,2026-05,2026-05-11,2026-05-11,1528,Speech & Language Therapy,paid,Texas Children's Health Plan,A.P,80.84,80.84,80.84,0.0
1666,2026,TY,2026Q2,2026-05,2026-05-11,2026-05-11,1529,Speech & Language Therapy,no_charge,BlueCross BlueShield of Texas,A.P,0.0,0.0,0.0,0.0
1667,2026,TY,2026Q2,2026-05,2026-05-11,2026-05-11,1529,Speech & Language Therapy,paid,Patient,A.P,68.92,68.92,68.92,0.0
1668,2026,TY,2026Q2,2026-05,2026-05-11,2026-05-11,1530,Speech & Language Therapy,paid,BlueCross BlueShield of Texas,A.P,38.92,38.92,38.92,0.0
1669,2026,TY,2026Q2,2026-05,2026-05-11,2026-05-11,1530,Speech & Language Therapy,paid,Patient,A.P,30.0,30.0,30.0,0.0
1670,2026,TY,2026Q2,2026-05,2026-05-11,2026-05-11,1531,Speech & Language Therapy,no_charge,Patient,A.P,0.0,0.0,0.0,0.0
1671,2026,TY,2026Q2,2026-05,2026-05-11,2026-05-11,1531,Speech & Language Therapy,paid,Texas Children's Health Plan - CHIP,A.P,80.84,80.84,80.84,0.0
1672,2026,TY,2026Q2,2026-05,2026-05-11,2026-05-11,1532,Speech & Language Therapy,no_charge,Patient,A.P,0.0,0.0,0.0,0.0
1673,2026,TY,2026Q2,2026-05,2026-05-11,2026-05-11,1532,Speech & Language Therapy,paid,Texas Children's Health Plan,A.P,80.84,80.84,80.84,0.0
1674,2026,TY,2026Q2,2026-05,2026-05-11,2026-05-11,1533,Speech & Language Evaluation,no_charge,Patient,A.P,0.0,0.0,0.0,0.0
1675,2026,TY,2026Q2,2026-05,2026-05-11,2026-05-11,1533,Speech & Language Evaluation,paid,Texas Children's Health Plan,A.P,127.36,127.36,127.36,0.0
1676,2026,TY,2026Q2,2026-05,2026-05-11,2026-05-11,1534,Speech & Language Therapy - Telehealth,no_charge,Patient,T.V,0.0,0.0,0.0,0.0
1677,2026,TY,2026Q2,2026-05,2026-05-11,2026-05-11,1534,Speech & Language Therapy - Telehealth,paid,Texas Children's Health Plan,T.V,64.67,64.67,64.67,0.0
1678,2026,TY,2026Q2,2026-05,2026-05-11,2026-05-11,1535,Speech & Language Therapy,no_charge,Patient,T.V,0.0,0.0,0.0,0.0
1679,2026,TY,2026Q2,2026-05,2026-05-11,2026-05-11,1535,Speech & Language Therapy,paid,Texas Children's Health Plan - CHIP,T.V,64.67,64.67,64.67,0.0
1680,2026,TY,2026Q2,2026-05,2026-05-11,2026-05-11,1536,Speech & Language Therapy,no_charge,Patient,T.V,0.0,0.0,0.0,0.0
1681,2026,TY,2026Q2,2026-05,2026-05-11,2026-05-11,1536,Speech & Language Therapy,paid,Texas Children's Health Plan - CHIP,T.V,64.67,64.67,64.67,0.0
1682,2026,TY,2026Q2,2026-05,2026-05-12,2026-05-12,1537,Speech & Language Therapy,no_charge,Patient,A.P,0.0,0.0,0.0,0.0
1683,2026,TY,2026Q2,2026-05,2026-05-12,2026-05-12,1537,Speech & Language Therapy,paid,Community Health Choice,A.P,86.22,86.22,86.22,0.0
1684,2026,TY,2026Q2,2026-05,2026-05-12,2026-05-12,1538,Speech & Language Therapy,no_charge,Patient,A.P,0.0,0.0,0.0,0.0
1685,2026,TY,2026Q2,2026-05,2026-05-12,2026-05-12,1538,Speech & Language Therapy,paid,Texas Children's Health Plan,A.P,80.84,80.84,80.84,0.0
1686,2026,TY,2026Q2,2026-05,2026-05-12,2026-05-12,1539,Speech & Language Therapy,no_charge,Patient,A.P,0.0,0.0,0.0,0.0
1687,2026,TY,2026Q2,2026-05,2026-05-12,2026-05-12,1539,Speech & Language Therapy,paid,Texas Children's Health Plan,A.P,80.84,80.84,80.84,0.0
1688,2026,TY,2026Q2,2026-05,2026-05-12,2026-05-12,1540,Speech & Language Therapy,no_charge,Patient,A.P,0.0,0.0,0.0,0.0
1689,2026,TY,2026Q2,2026-05,2026-05-12,2026-05-12,1540,Speech & Language Therapy,paid,Texas Children's Health Plan,A.P,80.84,80.84,80.84,0.0
1690,2026,TY,2026Q2,2026-05,2026-05-12,2026-05-12,1541,Speech & Language Therapy,no_charge,Patient,A.P,0.0,0.0,0.0,0.0
1691,2026,TY,2026Q2,2026-05,2026-05-12,2026-05-12,1541,Speech & Language Therapy,paid,Texas Children's Health Plan,A.P,80.84,80.84,80.84,0.0
1692,2026,TY,2026Q2,2026-05,2026-05-12,2026-05-12,1542,Speech & Language Therapy,no_charge,Patient,A.P,0.0,0.0,0.0,0.0
1693,2026,TY,2026Q2,2026-05,2026-05-12,2026-05-12,1542,Speech & Language Therapy,paid,Texas Children's Health Plan,A.P,80.84,80.84,80.84,0.0
1694,2026,TY,2026Q2,2026-05,2026-05-12,2026-05-12,1543,Speech & Language Therapy,no_charge,Patient,A.P,0.0,0.0,0.0,0.0
1695,2026,TY,2026Q2,2026-05,2026-05-12,2026-05-12,1543,Speech & Language Therapy,paid,Texas Children's Health Plan,A.P,80.84,80.84,80.84,0.0
1696,2026,TY,2026Q2,2026-05,2026-05-12,2026-05-12,1544,Speech & Language Therapy - Telehealth,no_charge,Patient,A.P,0.0,0.0,0.0,0.0
1697,2026,TY,2026Q2,2026-05,2026-05-12,2026-05-12,1544,Speech & Language Therapy - Telehealth,paid,Texas Children's Health Plan,A.P,80.84,80.84,80.84,0.0
1698,2026,TY,2026Q2,2026-05,2026-05-12,2026-05-12,1545,Speech & Language Therapy,paid,Patient,J.G,90.0,90.0,90.0,0.0
1699,2026,TY,2026Q2,2026-05,2026-05-12,2026-05-12,1546,Speech & Language Therapy - Telehealth,paid,BlueCross BlueShield of Texas,J.G,55.14,55.14,55.14,0.0
1700,2026,TY,2026Q2,2026-05,2026-05-12,2026-05-12,1546,Speech & Language Therapy - Telehealth,paid,Patient,J.G,13.78,13.78,13.78,0.0
1701,2026,TY,2026Q2,2026-05,2026-05-12,2026-05-12,1547,Speech & Language Therapy,no_charge,Patient,T.V,0.0,0.0,0.0,0.0
1702,2026,TY,2026Q2,2026-05,2026-05-12,2026-05-12,1547,Speech & Language Therapy,paid,Texas Children's Health Plan,T.V,64.67,64.67,64.67,0.0
1703,2026,TY,2026Q2,2026-05,2026-05-12,2026-05-12,1548,Speech & Language Therapy,no_charge,Patient,T.V,0.0,0.0,0.0,0.0
1704,2026,TY,2026Q2,2026-05,2026-05-12,2026-05-12,1548,Speech & Language Therapy,paid,Texas Children's Health Plan - CHIP,T.V,64.67,64.67,64.67,0.0
1705,2026,TY,2026Q2,2026-05,2026-05-12,2026-05-12,1549,Speech & Language Therapy,no_charge,BlueCross BlueShield of Texas,J.G,0.0,0.0,0.0,0.0
1706,2026,TY,2026Q2,2026-05,2026-05-12,2026-05-12,1549,Speech & Language Therapy,paid,Patient,J.G,68.92,68.92,68.92,0.0
1707,2026,TY,2026Q2,2026-05,2026-05-12,2026-05-12,1550,Speech & Language Therapy,no_charge,Patient,T.V,0.0,0.0,0.0,0.0
1708,2026,TY,2026Q2,2026-05,2026-05-12,2026-05-12,1550,Speech & Language Therapy,paid,Texas Children's Health Plan,T.V,64.67,64.67,64.67,0.0
1709,2026,TY,2026Q2,2026-05,2026-05-12,2026-05-12,1551,Speech & Language Therapy,no_charge,Patient,T.V,0.0,0.0,0.0,0.0
1710,2026,TY,2026Q2,2026-05,2026-05-12,2026-05-12,1551,Speech & Language Therapy,no_charge,Texas Children's Health Plan,T.V,0.0,0.0,0.0,0.0
1711,2026,TY,2026Q2,2026-05,2026-05-12,2026-05-12,1551,Speech & Language Therapy,paid,BlueCross BlueShield of Texas,T.V,68.92,68.92,68.92,0.0
1712,2026,TY,2026Q2,2026-05,2026-05-12,2026-05-12,1552,Speech & Language Therapy,paid,Patient,J.G,90.0,90.0,90.0,0.0
1713,2026,TY,2026Q2,2026-05,2026-05-13,2026-05-13,1553,Speech & Language Therapy,paid,BlueCross BlueShield of Texas,A.P,38.92,38.92,38.92,0.0
1714,2026,TY,2026Q2,2026-05,2026-05-13,2026-05-13,1553,Speech & Language Therapy,paid,Patient,A.P,30.0,30.0,30.0,0.0
1715,2026,TY,2026Q2,2026-05,2026-05-13,2026-05-13,1554,Speech & Language Therapy,no_charge,Patient,A.P,0.0,0.0,0.0,0.0
1716,2026,TY,2026Q2,2026-05,2026-05-13,2026-05-13,1554,Speech & Language Therapy,paid,Texas Children's Health Plan - CHIP,A.P,80.84,80.84,80.84,0.0
1717,2026,TY,2026Q2,2026-05,2026-05-13,2026-05-13,1555,Speech & Language Therapy - Telehealth,paid,BlueCross BlueShield of Texas,A.P,55.14,55.14,55.14,0.0
1718,2026,TY,2026Q2,2026-05,2026-05-13,2026-05-13,1555,Speech & Language Therapy - Telehealth,paid,Patient,A.P,13.78,13.78,13.78,0.0
1719,2026,TY,2026Q2,2026-05,2026-05-13,2026-05-13,1556,Speech & Language Therapy,no_charge,Patient,A.P,0.0,0.0,0.0,0.0
1720,2026,TY,2026Q2,2026-05,2026-05-13,2026-05-13,1556,Speech & Language Therapy,paid,Texas Children's Health Plan - CHIP,A.P,80.84,80.84,80.84,0.0
1721,2026,TY,2026Q2,2026-05,2026-05-13,2026-05-13,1557,Speech & Language Therapy,no_charge,Patient,A.P,0.0,0.0,0.0,0.0
1722,2026,TY,2026Q2,2026-05,2026-05-13,2026-05-13,1557,Speech & Language Therapy,paid,Texas Children's Health Plan,A.P,80.84,80.84,80.84,0.0
1723,2026,TY,2026Q2,2026-05,2026-05-13,2026-05-13,1558,Speech & Language Therapy,no_charge,Patient,A.P,0.0,0.0,0.0,0.0
1724,2026,TY,2026Q2,2026-05,2026-05-13,2026-05-13,1558,Speech & Language Therapy,paid,Texas Children's Health Plan - CHIP,A.P,80.84,80.84,80.84,0.0
1725,2026,TY,2026Q2,2026-05,2026-05-13,2026-05-13,1559,Speech & Language Therapy - Telehealth,no_charge,Patient,K.G,0.0,0.0,0.0,0.0
1726,2026,TY,2026Q2,2026-05,2026-05-13,2026-05-13,1559,Speech & Language Therapy - Telehealth,paid,Texas Children's Health Plan,K.G,80.84,80.84,80.84,0.0
1727,2026,TY,2026Q2,2026-05,2026-05-13,2026-05-13,1560,Speech & Language Therapy,no_charge,BlueCross BlueShield of Texas,J.G,0.0,0.0,0.0,0.0
1728,2026,TY,2026Q2,2026-05,2026-05-13,2026-05-13,1560,Speech & Language Therapy,paid,Patient,J.G,68.92,68.92,68.92,0.0
1729,2026,TY,2026Q2,2026-05,2026-05-13,2026-05-13,1561,Speech & Language Therapy,no_charge,Patient,K.G,0.0,0.0,0.0,0.0
1730,2026,TY,2026Q2,2026-05,2026-05-13,2026-05-13,1561,Speech & Language Therapy,paid,Texas Children's Health Plan,K.G,64.67,64.67,64.67,0.0
1731,2026,TY,2026Q2,2026-05,2026-05-13,2026-05-13,1562,Speech & Language Therapy,no_charge,Patient,K.G,0.0,0.0,0.0,0.0
1732,2026,TY,2026Q2,2026-05,2026-05-13,2026-05-13,1562,Speech & Language Therapy,paid,Texas Children's Health Plan,K.G,64.67,64.67,64.67,0.0
1733,2026,TY,2026Q2,2026-05,2026-05-13,2026-05-13,1563,Speech & Language Therapy,no_charge,Patient,K.G,0.0,0.0,0.0,0.0
1734,2026,TY,2026Q2,2026-05,2026-05-13,2026-05-13,1563,Speech & Language Therapy,paid,Texas Children's Health Plan,K.G,64.67,64.67,64.67,0.0
1735,2026,TY,2026Q2,2026-05,2026-05-14,2026-05-14,1564,Speech & Language Therapy,no_charge,BlueCross BlueShield of Texas,A.P,0.0,0.0,0.0,0.0
1736,2026,TY,2026Q2,2026-05,2026-05-14,2026-05-14,1564,Speech & Language Therapy,paid,Patient,A.P,68.92,68.92,68.92,0.0
1737,2026,TY,2026Q2,2026-05,2026-05-14,2026-05-14,1565,Speech & Language Therapy,paid,BlueCross BlueShield of Texas,A.P,33.92,33.92,33.92,0.0
1738,2026,TY,2026Q2,2026-05,2026-05-14,2026-05-14,1565,Speech & Language Therapy,paid,Patient,A.P,35.0,35.0,35.0,0.0
1739,2026,TY,2026Q2,2026-05,2026-05-14,2026-05-14,1566,Speech & Language Therapy,no_charge,Patient,A.P,0.0,0.0,0.0,0.0
1740,2026,TY,2026Q2,2026-05,2026-05-14,2026-05-14,1566,Speech & Language Therapy,paid,BlueCross BlueShield of Texas,A.P,68.92,68.92,68.92,0.0
1741,2026,TY,2026Q2,2026-05,2026-05-14,2026-05-14,1567,Speech & Language Therapy,paid,BlueCross BlueShield of Texas,A.P,38.92,38.92,38.92,0.0
1742,2026,TY,2026Q2,2026-05,2026-05-14,2026-05-14,1567,Speech & Language Therapy,paid,Patient,A.P,30.0,30.0,30.0,0.0
1743,2026,TY,2026Q2,2026-05,2026-05-14,2026-05-14,1568,Speech & Language Therapy,no_charge,Patient,A.P,0.0,0.0,0.0,0.0
1744,2026,TY,2026Q2,2026-05,2026-05-14,2026-05-14,1568,Speech & Language Therapy,paid,Texas Children's Health Plan,A.P,80.84,80.84,80.84,0.0
1745,2026,TY,2026Q2,2026-05,2026-05-14,2026-05-14,1569,Speech & Language Therapy,no_charge,Patient,A.P,0.0,0.0,0.0,0.0
1746,2026,TY,2026Q2,2026-05,2026-05-14,2026-05-14,1569,Speech & Language Therapy,paid,Texas Children's Health Plan,A.P,80.84,80.84,80.84,0.0
1747,2026,TY,2026Q2,2026-05,2026-05-14,2026-05-14,1570,Speech & Language Therapy,no_charge,Patient,A.P,0.0,0.0,0.0,0.0
1748,2026,TY,2026Q2,2026-05,2026-05-14,2026-05-14,1570,Speech & Language Therapy,paid,Community Health Choice,A.P,86.22,86.22,86.22,0.0
1749,2026,TY,2026Q2,2026-05,2026-05-14,2026-05-14,1571,Speech & Language Therapy,no_charge,Patient,A.P,0.0,0.0,0.0,0.0
1750,2026,TY,2026Q2,2026-05,2026-05-14,2026-05-14,1571,Speech & Language Therapy,paid,Texas Children's Health Plan,A.P,80.84,80.84,80.84,0.0
1751,2026,TY,2026Q2,2026-05,2026-05-14,2026-05-14,1572,"Speech therapy, re-evaluation",no_charge,Patient,A.P,0.0,0.0,0.0,0.0
1752,2026,TY,2026Q2,2026-05,2026-05-14,2026-05-14,1572,"Speech therapy, re-evaluation",paid,Texas Children's Health Plan,A.P,89.15,89.15,89.15,0.0
1753,2026,TY,2026Q2,2026-05,2026-05-14,2026-05-14,1573,Speech & Language Therapy,paid,Patient,J.G,90.0,90.0,90.0,0.0
1754,2026,TY,2026Q2,2026-05,2026-05-14,2026-05-14,1574,Speech & Language Therapy - Telehealth,no_charge,Patient,T.V,0.0,0.0,0.0,0.0
1755,2026,TY,2026Q2,2026-05,2026-05-14,2026-05-14,1574,Speech & Language Therapy - Telehealth,paid,Texas Children's Health Plan,T.V,64.67,64.67,64.67,0.0
1756,2026,TY,2026Q2,2026-05,2026-05-14,2026-05-14,1575,Speech & Language Therapy - Telehealth,paid,BlueCross BlueShield of Texas,J.G,55.14,55.14,55.14,0.0
1757,2026,TY,2026Q2,2026-05,2026-05-14,2026-05-14,1575,Speech & Language Therapy - Telehealth,paid,Patient,J.G,13.78,13.78,13.78,0.0
1758,2026,TY,2026Q2,2026-05,2026-05-14,2026-05-14,1576,Speech & Language Therapy,no_charge,Patient,K.G,0.0,0.0,0.0,0.0
1759,2026,TY,2026Q2,2026-05,2026-05-14,2026-05-14,1576,Speech & Language Therapy,paid,Texas Children's Health Plan,K.G,64.67,64.67,64.67,0.0
1760,2026,TY,2026Q2,2026-05,2026-05-14,2026-05-14,1577,Speech & Language Therapy,no_charge,Patient,K.G,0.0,0.0,0.0,0.0
1761,2026,TY,2026Q2,2026-05,2026-05-14,2026-05-14,1577,Speech & Language Therapy,paid,Texas Children's Health Plan,K.G,64.67,64.67,64.67,0.0
1762,2026,TY,2026Q2,2026-05,2026-05-14,2026-05-14,1578,Speech & Language Therapy,no_charge,Patient,T.V,0.0,0.0,0.0,0.0
1763,2026,TY,2026Q2,2026-05,2026-05-14,2026-05-14,1578,Speech & Language Therapy,paid,Texas Children's Health Plan,T.V,64.67,64.67,64.67,0.0
1764,2026,TY,2026Q2,2026-05,2026-05-14,2026-05-14,1579,Speech & Language Therapy,no_charge,Patient,T.V,0.0,0.0,0.0,0.0
1765,2026,TY,2026Q2,2026-05,2026-05-14,2026-05-14,1579,Speech & Language Therapy,paid,Texas Children's Health Plan,T.V,64.67,64.67,64.67,0.0
1766,2026,TY,2026Q2,2026-05,2026-05-14,2026-05-14,1580,Speech & Language Therapy,no_charge,BlueCross BlueShield of Texas,J.G,0.0,0.0,0.0,0.0
1767,2026,TY,2026Q2,2026-05,2026-05-14,2026-05-14,1580,Speech & Language Therapy,paid,Patient,J.G,68.92,68.92,68.92,0.0
1768,2026,TY,2026Q2,2026-05,2026-05-14,2026-05-14,1581,Speech & Language Therapy,no_charge,Patient,T.V,0.0,0.0,0.0,0.0
1769,2026,TY,2026Q2,2026-05,2026-05-14,2026-05-14,1581,Speech & Language Therapy,no_charge,Texas Children's Health Plan,T.V,0.0,0.0,0.0,0.0
1770,2026,TY,2026Q2,2026-05,2026-05-14,2026-05-14,1581,Speech & Language Therapy,paid,BlueCross BlueShield of Texas,T.V,68.92,68.92,68.92,0.0
1771,2026,TY,2026Q2,2026-05,2026-05-14,2026-05-14,1582,Speech & Language Therapy,paid,Patient,J.G,90.0,90.0,90.0,0.0
1772,2026,TY,2026Q2,2026-05,2026-05-14,2026-05-14,1583,Speech & Language Therapy,no_charge,Patient,K.G,0.0,0.0,0.0,0.0
1773,2026,TY,2026Q2,2026-05,2026-05-14,2026-05-14,1583,Speech & Language Therapy,paid,Texas Children's Health Plan,K.G,71.14,71.14,71.14,0.0
1774,2026,TY,2026Q2,2026-05,2026-05-14,2026-05-14,1584,Speech & Language Therapy,paid,Patient,K.G,70.0,70.0,70.0,0.0
1775,2026,TY,2026Q2,2026-05,2026-05-15,2026-05-15,1585,Speech & Language Therapy,no_charge,BlueCross BlueShield of Texas,A.P,0.0,0.0,0.0,0.0
1776,2026,TY,2026Q2,2026-05,2026-05-15,2026-05-15,1585,Speech & Language Therapy,paid,Patient,A.P,68.92,68.92,68.92,0.0
1777,2026,TY,2026Q2,2026-05,2026-05-15,2026-05-15,1586,Speech & Language Therapy,no_charge,Patient,A.P,0.0,0.0,0.0,0.0
1778,2026,TY,2026Q2,2026-05,2026-05-15,2026-05-15,1586,Speech & Language Therapy,paid,Texas Children's Health Plan,A.P,80.84,80.84,80.84,0.0
1779,2026,TY,2026Q2,2026-05,2026-05-15,2026-05-15,1587,Speech & Language Evaluation - No Show,no_charge,Patient,A.P,0.0,0.0,0.0,0.0
1780,2026,TY,2026Q2,2026-05,2026-05-15,2026-05-15,1588,Speech & Language Therapy,no_charge,Patient,K.G,0.0,0.0,0.0,0.0
1781,2026,TY,2026Q2,2026-05,2026-05-15,2026-05-15,1588,Speech & Language Therapy,paid,Texas Children's Health Plan,K.G,64.67,64.67,64.67,0.0
1782,2026,TY,2026Q2,2026-05,2026-05-15,2026-05-15,1589,Speech & Language Therapy,no_charge,Patient,K.G,0.0,0.0,0.0,0.0
1783,2026,TY,2026Q2,2026-05,2026-05-15,2026-05-15,1589,Speech & Language Therapy,paid,Texas Children's Health Plan,K.G,64.67,64.67,64.67,0.0
1784,2026,TY,2026Q2,2026-05,2026-05-15,2026-05-15,1590,Speech & Language Therapy,no_charge,Patient,K.G,0.0,0.0,0.0,0.0
1785,2026,TY,2026Q2,2026-05,2026-05-15,2026-05-15,1590,Speech & Language Therapy,paid,Texas Children's Health Plan,K.G,71.14,71.14,71.14,0.0
1786,2026,TY,2026Q2,2026-05,2026-05-15,2026-05-15,1591,Speech & Language Therapy,paid,Patient,K.G,70.0,70.0,70.0,0.0
1787,2026,TY,2026Q2,2026-05,2026-05-16,2026-05-16,1592,Speech & Language Therapy,paid,Patient,K.G,70.0,70.0,70.0,0.0
1788,2026,TY,2026Q2,2026-05,2026-05-16,2026-05-16,1593,Speech & Language Therapy,no_charge,Patient,K.G,0.0,0.0,0.0,0.0
1789,2026,TY,2026Q2,2026-05,2026-05-16,2026-05-16,1593,Speech & Language Therapy,paid,Texas Children's Health Plan,K.G,64.67,64.67,64.67,0.0
1790,2026,TY,2026Q2,2026-05,2026-05-16,2026-05-16,1594,Speech & Language Therapy,no_charge,Patient,K.G,0.0,0.0,0.0,0.0
1791,2026,TY,2026Q2,2026-05,2026-05-16,2026-05-16,1594,Speech & Language Therapy,paid,Texas Children's Health Plan,K.G,64.67,64.67,64.67,0.0
1792,2026,TY,2026Q2,2026-05,2026-05-16,2026-05-16,1595,Speech & Language Therapy,no_charge,Patient,K.G,0.0,0.0,0.0,0.0
1793,2026,TY,2026Q2,2026-05,2026-05-16,2026-05-16,1595,Speech & Language Therapy,paid,Texas Children's Health Plan,K.G,64.67,64.67,64.67,0.0
1794,2026,TY,2026Q2,2026-05,2026-05-18,2026-05-18,1596,"Speech Therapy, Re-evaluation - Telehealth",no_charge,Patient,A.P,0.0,0.0,0.0,0.0
1795,2026,TY,2026Q2,2026-05,2026-05-18,2026-05-18,1596,"Speech Therapy, Re-evaluation - Telehealth",paid,Texas Children's Health Plan,A.P,89.15,89.15,89.15,0.0
1796,2026,TY,2026Q2,2026-05,2026-05-18,2026-05-18,1597,"Speech Therapy, Re-evaluation - Telehealth",no_charge,Patient,A.P,0.0,0.0,0.0,0.0
1797,2026,TY,2026Q2,2026-05,2026-05-18,2026-05-18,1597,"Speech Therapy, Re-evaluation - Telehealth",paid,Texas Children's Health Plan,A.P,89.15,89.15,89.15,0.0
1798,2026,TY,2026Q2,2026-05,2026-05-18,2026-05-18,1598,Speech & Language Therapy,paid,BlueCross BlueShield of Texas,A.P,38.92,38.92,38.92,0.0
1799,2026,TY,2026Q2,2026-05,2026-05-18,2026-05-18,1598,Speech & Language Therapy,paid,Patient,A.P,30.0,30.0,30.0,0.0
1800,2026,TY,2026Q2,2026-05,2026-05-18,2026-05-18,1599,Speech & Language Therapy,no_charge,Patient,A.P,0.0,0.0,0.0,0.0
1801,2026,TY,2026Q2,2026-05,2026-05-18,2026-05-18,1599,Speech & Language Therapy,paid,Texas Children's Health Plan,A.P,80.84,80.84,80.84,0.0
1802,2026,TY,2026Q2,2026-05,2026-05-18,2026-05-18,1600,Speech & Language Therapy,no_charge,Patient,T.V,0.0,0.0,0.0,0.0
1803,2026,TY,2026Q2,2026-05,2026-05-18,2026-05-18,1600,Speech & Language Therapy,paid,Texas Children's Health Plan - CHIP,T.V,64.67,64.67,64.67,0.0
1804,2026,TY,2026Q2,2026-05,2026-05-18,2026-05-18,1601,Speech & Language Therapy - Telehealth,no_charge,Patient,T.V,0.0,0.0,0.0,0.0
1805,2026,TY,2026Q2,2026-05,2026-05-18,2026-05-18,1601,Speech & Language Therapy - Telehealth,paid,Texas Children's Health Plan,T.V,64.67,64.67,64.67,0.0
1806,2026,TY,2026Q2,2026-05,2026-05-18,2026-05-18,1602,Speech & Language Therapy,no_charge,Patient,T.V,0.0,0.0,0.0,0.0
1807,2026,TY,2026Q2,2026-05,2026-05-18,2026-05-18,1602,Speech & Language Therapy,paid,Texas Children's Health Plan - CHIP,T.V,64.67,64.67,64.67,0.0
1808,2026,TY,2026Q2,2026-05,2026-05-18,2026-05-18,1603,Speech & Language Therapy,no_charge,Patient,T.V,0.0,0.0,0.0,0.0
1809,2026,TY,2026Q2,2026-05,2026-05-18,2026-05-18,1603,Speech & Language Therapy,paid,Texas Children's Health Plan,T.V,64.67,64.67,64.67,0.0
1810,2026,TY,2026Q2,2026-05,2026-05-19,2026-05-19,1604,Speech & Language Therapy,no_charge,Patient,A.P,0.0,0.0,0.0,0.0
1811,2026,TY,2026Q2,2026-05,2026-05-19,2026-05-19,1604,Speech & Language Therapy,paid,Community Health Choice,A.P,86.22,86.22,86.22,0.0
1812,2026,TY,2026Q2,2026-05,2026-05-19,2026-05-19,1605,Speech & Language Therapy,no_charge,Patient,A.P,0.0,0.0,0.0,0.0
1813,2026,TY,2026Q2,2026-05,2026-05-19,2026-05-19,1605,Speech & Language Therapy,paid,Texas Children's Health Plan,A.P,80.84,80.84,80.84,0.0
1814,2026,TY,2026Q2,2026-05,2026-05-19,2026-05-19,1606,Speech & Language Therapy,no_charge,Patient,A.P,0.0,0.0,0.0,0.0
1815,2026,TY,2026Q2,2026-05,2026-05-19,2026-05-19,1606,Speech & Language Therapy,paid,Texas Children's Health Plan,A.P,80.84,80.84,80.84,0.0
1816,2026,TY,2026Q2,2026-05,2026-05-19,2026-05-19,1607,Speech & Language Therapy,no_charge,Patient,A.P,0.0,0.0,0.0,0.0
1817,2026,TY,2026Q2,2026-05,2026-05-19,2026-05-19,1607,Speech & Language Therapy,paid,Texas Children's Health Plan,A.P,80.84,80.84,80.84,0.0
1818,2026,TY,2026Q2,2026-05,2026-05-19,2026-05-19,1608,Speech & Language Therapy,no_charge,Patient,A.P,0.0,0.0,0.0,0.0
1819,2026,TY,2026Q2,2026-05,2026-05-19,2026-05-19,1608,Speech & Language Therapy,paid,Texas Children's Health Plan,A.P,80.84,80.84,80.84,0.0
1820,2026,TY,2026Q2,2026-05,2026-05-19,2026-05-19,1609,Speech & Language Therapy - Telehealth,no_charge,Patient,A.P,0.0,0.0,0.0,0.0
1821,2026,TY,2026Q2,2026-05,2026-05-19,2026-05-19,1609,Speech & Language Therapy - Telehealth,paid,Texas Children's Health Plan,A.P,80.84,80.84,80.84,0.0
1822,2026,TY,2026Q2,2026-05,2026-05-19,2026-05-19,1610,Speech & Language Therapy,paid,Patient,J.G,90.0,90.0,90.0,0.0
1823,2026,TY,2026Q2,2026-05,2026-05-19,2026-05-19,1611,Speech & Language Therapy - Telehealth,no_charge,Patient,A.P,0.0,0.0,0.0,0.0
1824,2026,TY,2026Q2,2026-05,2026-05-19,2026-05-19,1611,Speech & Language Therapy - Telehealth,paid,Texas Children's Health Plan,A.P,80.84,80.84,80.84,0.0
1825,2026,TY,2026Q2,2026-05,2026-05-19,2026-05-19,1612,Speech & Language Therapy - Telehealth,paid,BlueCross BlueShield of Texas,J.G,55.14,55.14,55.14,0.0
1826,2026,TY,2026Q2,2026-05,2026-05-19,2026-05-19,1612,Speech & Language Therapy - Telehealth,paid,Patient,J.G,13.78,13.78,13.78,0.0
1827,2026,TY,2026Q2,2026-05,2026-05-19,2026-05-19,1613,Speech & Language Therapy,no_charge,BlueCross BlueShield of Texas,J.G,0.0,0.0,0.0,0.0
1828,2026,TY,2026Q2,2026-05,2026-05-19,2026-05-19,1613,Speech & Language Therapy,paid,Patient,J.G,68.92,68.92,68.92,0.0
1829,2026,TY,2026Q2,2026-05,2026-05-19,2026-05-19,1614,Speech & Language Therapy,paid,Patient,J.G,90.0,90.0,90.0,0.0
1830,2026,TY,2026Q2,2026-05,2026-05-19,2026-05-19,1629,Speech & Language Therapy,no_charge,Patient,T.V,0.0,0.0,0.0,0.0
1831,2026,TY,2026Q2,2026-05,2026-05-19,2026-05-19,1629,Speech & Language Therapy,paid,Texas Children's Health Plan - CHIP,T.V,64.67,64.67,64.67,0.0
1832,2026,TY,2026Q2,2026-05,2026-05-20,2026-05-20,1615,Speech & Language Therapy,paid,BlueCross BlueShield of Texas,A.P,38.92,38.92,38.92,0.0
1833,2026,TY,2026Q2,2026-05,2026-05-20,2026-05-20,1615,Speech & Language Therapy,paid,Patient,A.P,30.0,30.0,30.0,0.0
1834,2026,TY,2026Q2,2026-05,2026-05-20,2026-05-20,1616,Speech & Language Therapy - Telehealth,paid,BlueCross BlueShield of Texas,A.P,55.14,55.14,55.14,0.0
1835,2026,TY,2026Q2,2026-05,2026-05-20,2026-05-20,1616,Speech & Language Therapy - Telehealth,paid,Patient,A.P,13.78,13.78,13.78,0.0
1836,2026,TY,2026Q2,2026-05,2026-05-20,2026-05-20,1617,Speech & Language Therapy,no_charge,Patient,A.P,0.0,0.0,0.0,0.0
1837,2026,TY,2026Q2,2026-05,2026-05-20,2026-05-20,1617,Speech & Language Therapy,paid,Texas Children's Health Plan - CHIP,A.P,80.84,80.84,80.84,0.0
1838,2026,TY,2026Q2,2026-05,2026-05-20,2026-05-20,1618,Speech & Language Therapy,no_charge,Patient,A.P,0.0,0.0,0.0,0.0
1839,2026,TY,2026Q2,2026-05,2026-05-20,2026-05-20,1618,Speech & Language Therapy,paid,Texas Children's Health Plan - CHIP,A.P,80.84,80.84,80.84,0.0
1840,2026,TY,2026Q2,2026-05,2026-05-20,2026-05-20,1619,Speech & Language Therapy - Telehealth,no_charge,Patient,K.G,0.0,0.0,0.0,0.0
1841,2026,TY,2026Q2,2026-05,2026-05-20,2026-05-20,1619,Speech & Language Therapy - Telehealth,paid,Texas Children's Health Plan,K.G,64.67,64.67,64.67,0.0
1842,2026,TY,2026Q2,2026-05,2026-05-20,2026-05-20,1620,Speech & Language Therapy,no_charge,Patient,K.G,0.0,0.0,0.0,0.0
1843,2026,TY,2026Q2,2026-05,2026-05-20,2026-05-20,1620,Speech & Language Therapy,paid,Texas Children's Health Plan,K.G,64.67,64.67,64.67,0.0
1844,2026,TY,2026Q2,2026-05,2026-05-20,2026-05-20,1621,Speech & Language Therapy,no_charge,Patient,K.G,0.0,0.0,0.0,0.0
1845,2026,TY,2026Q2,2026-05,2026-05-20,2026-05-20,1621,Speech & Language Therapy,paid,Texas Children's Health Plan,K.G,64.67,64.67,64.67,0.0
1846,2026,TY,2026Q2,2026-05,2026-05-20,2026-05-20,1622,Speech & Language Therapy,no_charge,Patient,K.G,0.0,0.0,0.0,0.0
1847,2026,TY,2026Q2,2026-05,2026-05-20,2026-05-20,1622,Speech & Language Therapy,paid,Texas Children's Health Plan,K.G,64.67,64.67,64.67,0.0
1848,2026,TY,2026Q2,2026-05,2026-05-21,2026-05-21,1623,Speech & Language Therapy,paid,BlueCross BlueShield of Texas,A.P,33.92,33.92,33.92,0.0
1849,2026,TY,2026Q2,2026-05,2026-05-21,2026-05-21,1623,Speech & Language Therapy,paid,Patient,A.P,35.0,35.0,35.0,0.0
1850,2026,TY,2026Q2,2026-05,2026-05-21,2026-05-21,1624,Speech & Language Therapy,no_charge,Patient,A.P,0.0,0.0,0.0,0.0
1851,2026,TY,2026Q2,2026-05,2026-05-21,2026-05-21,1624,Speech & Language Therapy,paid,BlueCross BlueShield of Texas,A.P,68.92,68.92,68.92,0.0
1852,2026,TY,2026Q2,2026-05,2026-05-21,2026-05-21,1625,Speech & Language Therapy,no_charge,Patient,A.P,0.0,0.0,0.0,0.0
1853,2026,TY,2026Q2,2026-05,2026-05-21,2026-05-21,1625,Speech & Language Therapy,paid,Texas Children's Health Plan,A.P,80.84,80.84,80.84,0.0
1854,2026,TY,2026Q2,2026-05,2026-05-21,2026-05-21,1626,Speech & Language Therapy,no_charge,Patient,A.P,0.0,0.0,0.0,0.0
1855,2026,TY,2026Q2,2026-05,2026-05-21,2026-05-21,1626,Speech & Language Therapy,paid,Texas Children's Health Plan,A.P,80.84,80.84,80.84,0.0
1856,2026,TY,2026Q2,2026-05,2026-05-21,2026-05-21,1627,Speech & Language Therapy,no_charge,Patient,A.P,0.0,0.0,0.0,0.0
1857,2026,TY,2026Q2,2026-05,2026-05-21,2026-05-21,1627,Speech & Language Therapy,paid,Community Health Choice,A.P,86.22,86.22,86.22,0.0
1858,2026,TY,2026Q2,2026-05,2026-05-21,2026-05-21,1628,Speech & Language Therapy,no_charge,Patient,A.P,0.0,0.0,0.0,0.0
1859,2026,TY,2026Q2,2026-05,2026-05-21,2026-05-21,1628,Speech & Language Therapy,paid,Texas Children's Health Plan,A.P,80.84,80.84,80.84,0.0
1860,2026,TY,2026Q2,2026-05,2026-05-21,2026-05-21,1630,Speech & Language Therapy,no_charge,Patient,K.G,0.0,0.0,0.0,0.0
1861,2026,TY,2026Q2,2026-05,2026-05-21,2026-05-21,1630,Speech & Language Therapy,paid,Texas Children's Health Plan,K.G,64.67,64.67,64.67,0.0
1862,2026,TY,2026Q2,2026-05,2026-05-21,2026-05-21,1631,Speech & Language Therapy - Telehealth,no_charge,Patient,T.V,0.0,0.0,0.0,0.0
1863,2026,TY,2026Q2,2026-05,2026-05-21,2026-05-21,1631,Speech & Language Therapy - Telehealth,paid,Texas Children's Health Plan,T.V,64.67,64.67,64.67,0.0
1864,2026,TY,2026Q2,2026-05,2026-05-21,2026-05-21,1632,Speech & Language Therapy,no_charge,Patient,K.G,0.0,0.0,0.0,0.0
1865,2026,TY,2026Q2,2026-05,2026-05-21,2026-05-21,1632,Speech & Language Therapy,paid,Texas Children's Health Plan,K.G,64.67,64.67,64.67,0.0
1866,2026,TY,2026Q2,2026-05,2026-05-21,2026-05-21,1633,Speech & Language Therapy,no_charge,Patient,T.V,0.0,0.0,0.0,0.0
1867,2026,TY,2026Q2,2026-05,2026-05-21,2026-05-21,1633,Speech & Language Therapy,paid,Texas Children's Health Plan,T.V,64.67,64.67,64.67,0.0
1868,2026,TY,2026Q2,2026-05,2026-05-21,2026-05-21,1634,Speech & Language Therapy,no_charge,Patient,T.V,0.0,0.0,0.0,0.0
1869,2026,TY,2026Q2,2026-05,2026-05-21,2026-05-21,1634,Speech & Language Therapy,paid,Texas Children's Health Plan,T.V,64.67,64.67,64.67,0.0
1870,2026,TY,2026Q2,2026-05,2026-05-21,2026-05-21,1635,Speech & Language Therapy,no_charge,Patient,T.V,0.0,0.0,0.0,0.0
1871,2026,TY,2026Q2,2026-05,2026-05-21,2026-05-21,1635,Speech & Language Therapy,no_charge,Texas Children's Health Plan,T.V,0.0,0.0,0.0,0.0
1872,2026,TY,2026Q2,2026-05,2026-05-21,2026-05-21,1635,Speech & Language Therapy,paid,BlueCross BlueShield of Texas,T.V,68.92,68.92,68.92,0.0
1873,2026,TY,2026Q2,2026-05,2026-05-21,2026-05-21,1636,Speech & Language Therapy - Home - No Show,no_charge,Patient,K.G,0.0,0.0,0.0,0.0
1874,2026,TY,2026Q2,2026-05,2026-05-21,2026-05-21,1637,Speech & Language Therapy,paid,Patient,K.G,70.0,70.0,70.0,0.0
1875,2026,TY,2026Q2,2026-05,2026-05-22,2026-05-22,1638,Speech & Language Evaluation,no_charge,Patient,A.P,0.0,0.0,0.0,0.0
1876,2026,TY,2026Q2,2026-05,2026-05-22,2026-05-22,1638,Speech & Language Evaluation,paid,Texas Children's Health Plan,A.P,127.36,127.36,127.36,0.0
1877,2026,TY,2026Q2,2026-05,2026-05-22,2026-05-22,1639,Speech & Language Therapy,no_charge,Patient,A.P,0.0,0.0,0.0,0.0
1878,2026,TY,2026Q2,2026-05,2026-05-22,2026-05-22,1639,Speech & Language Therapy,paid,Texas Children's Health Plan,A.P,80.84,80.84,80.84,0.0
1879,2026,TY,2026Q2,2026-05,2026-05-22,2026-05-22,1640,Speech & Language Therapy,no_charge,Patient,A.P,0.0,0.0,0.0,0.0
1880,2026,TY,2026Q2,2026-05,2026-05-22,2026-05-22,1640,Speech & Language Therapy,paid,UnitedHealthcare - Medicaid,A.P,94.85,94.85,94.85,0.0
1881,2026,TY,2026Q2,2026-05,2026-05-22,2026-05-22,1641,Speech & Language Therapy,no_charge,BlueCross BlueShield of Texas,A.P,0.0,0.0,0.0,0.0
1882,2026,TY,2026Q2,2026-05,2026-05-22,2026-05-22,1641,Speech & Language Therapy,paid,Patient,A.P,68.92,68.92,68.92,0.0
1883,2026,TY,2026Q2,2026-05,2026-05-22,2026-05-22,1642,Speech & Language Therapy,paid,BlueCross BlueShield of Texas,A.P,43.92,43.92,43.92,0.0
1884,2026,TY,2026Q2,2026-05,2026-05-22,2026-05-22,1642,Speech & Language Therapy,paid,Patient,A.P,25.0,25.0,25.0,0.0
1885,2026,TY,2026Q2,2026-05,2026-05-22,2026-05-22,1643,Speech & Language Therapy - Telehealth,no_charge,Patient,K.G,0.0,0.0,0.0,0.0
1886,2026,TY,2026Q2,2026-05,2026-05-22,2026-05-22,1643,Speech & Language Therapy - Telehealth,paid,Texas Children's Health Plan,K.G,64.67,64.67,64.67,0.0
1887,2026,TY,2026Q2,2026-05,2026-05-22,2026-05-22,1644,Speech & Language Therapy - Home,no_charge,Patient,K.G,0.0,0.0,0.0,0.0
1888,2026,TY,2026Q2,2026-05,2026-05-22,2026-05-22,1644,Speech & Language Therapy - Home,paid,Texas Children's Health Plan,K.G,71.14,71.14,71.14,0.0
1889,2026,TY,2026Q2,2026-05,2026-05-22,2026-05-22,1645,Speech & Language Therapy,paid,Patient,K.G,70.0,70.0,70.0,0.0
1890,2026,TY,2026Q2,2026-05,2026-05-23,2026-05-23,1646,Speech & Language Therapy - No Show,no_charge,Patient,K.G,0.0,0.0,0.0,0.0
1891,2026,TY,2026Q2,2026-05,2026-05-23,2026-05-23,1647,Speech & Language Therapy,no_charge,Patient,K.G,0.0,0.0,0.0,0.0
1892,2026,TY,2026Q2,2026-05,2026-05-23,2026-05-23,1647,Speech & Language Therapy,paid,Texas Children's Health Plan,K.G,64.67,64.67,64.67,0.0
1893,2026,TY,2026Q2,2026-05,2026-05-23,2026-05-23,1648,Speech & Language Therapy - Telehealth,no_charge,Patient,K.G,0.0,0.0,0.0,0.0
1894,2026,TY,2026Q2,2026-05,2026-05-23,2026-05-23,1648,Speech & Language Therapy - Telehealth,paid,Texas Children's Health Plan,K.G,64.67,64.67,64.67,0.0
1895,2026,TY,2026Q2,2026-05,2026-05-23,2026-05-23,1649,Speech & Language Therapy,no_charge,Patient,K.G,0.0,0.0,0.0,0.0
1896,2026,TY,2026Q2,2026-05,2026-05-23,2026-05-23,1649,Speech & Language Therapy,paid,Texas Children's Health Plan,K.G,64.67,64.67,64.67,0.0
1897,2026,TY,2026Q2,2026-05,2026-05-23,2026-05-23,1650,Speech & Language Therapy,no_charge,Patient,K.G,0.0,0.0,0.0,0.0
1898,2026,TY,2026Q2,2026-05,2026-05-23,2026-05-23,1650,Speech & Language Therapy,paid,Texas Children's Health Plan,K.G,64.67,64.67,64.67,0.0
1899,2026,TY,2026Q2,2026-05,2026-05-26,2026-05-26,1651,Speech & Language Therapy,no_charge,Patient,A.P,0.0,0.0,0.0,0.0
1900,2026,TY,2026Q2,2026-05,2026-05-26,2026-05-26,1651,Speech & Language Therapy,paid,Community Health Choice,A.P,86.22,86.22,86.22,0.0
1901,2026,TY,2026Q2,2026-05,2026-05-26,2026-05-26,1652,Speech & Language Therapy,no_charge,Patient,A.P,0.0,0.0,0.0,0.0
1902,2026,TY,2026Q2,2026-05,2026-05-26,2026-05-26,1652,Speech & Language Therapy,paid,Texas Children's Health Plan,A.P,80.84,80.84,80.84,0.0
1903,2026,TY,2026Q2,2026-05,2026-05-26,2026-05-26,1653,Speech & Language Therapy,no_charge,Patient,A.P,0.0,0.0,0.0,0.0
1904,2026,TY,2026Q2,2026-05,2026-05-26,2026-05-26,1653,Speech & Language Therapy,paid,Texas Children's Health Plan,A.P,80.84,80.84,80.84,0.0
1905,2026,TY,2026Q2,2026-05,2026-05-26,2026-05-26,1654,Speech & Language Therapy,no_charge,Patient,A.P,0.0,0.0,0.0,0.0
1906,2026,TY,2026Q2,2026-05,2026-05-26,2026-05-26,1654,Speech & Language Therapy,paid,Texas Children's Health Plan,A.P,80.84,80.84,80.84,0.0
1907,2026,TY,2026Q2,2026-05,2026-05-26,2026-05-26,1655,Speech & Language Therapy,no_charge,Patient,A.P,0.0,0.0,0.0,0.0
1908,2026,TY,2026Q2,2026-05,2026-05-26,2026-05-26,1655,Speech & Language Therapy,paid,Texas Children's Health Plan,A.P,80.84,80.84,80.84,0.0
1909,2026,TY,2026Q2,2026-05,2026-05-26,2026-05-26,1656,Speech & Language Therapy,no_charge,Patient,A.P,0.0,0.0,0.0,0.0
1910,2026,TY,2026Q2,2026-05,2026-05-26,2026-05-26,1656,Speech & Language Therapy,paid,Texas Children's Health Plan,A.P,80.84,80.84,80.84,0.0
1911,2026,TY,2026Q2,2026-05,2026-05-26,2026-05-26,1657,Speech & Language Therapy,no_charge,Patient,A.P,0.0,0.0,0.0,0.0
1912,2026,TY,2026Q2,2026-05,2026-05-26,2026-05-26,1657,Speech & Language Therapy,paid,Texas Children's Health Plan,A.P,80.84,80.84,80.84,0.0
1913,2026,TY,2026Q2,2026-05,2026-05-26,2026-05-26,1658,Speech & Language Therapy - Telehealth,no_charge,Patient,A.P,0.0,0.0,0.0,0.0
1914,2026,TY,2026Q2,2026-05,2026-05-26,2026-05-26,1658,Speech & Language Therapy - Telehealth,paid,Texas Children's Health Plan,A.P,80.84,80.84,80.84,0.0
1915,2026,TY,2026Q2,2026-05,2026-05-26,2026-05-26,1659,Speech & Language Therapy,paid,Patient,J.G,90.0,90.0,90.0,0.0
1916,2026,TY,2026Q2,2026-05,2026-05-26,2026-05-26,1660,Speech & Language Therapy - Telehealth - No Show,no_charge,Patient,J.G,0.0,0.0,0.0,0.0
1917,2026,TY,2026Q2,2026-05,2026-05-26,2026-05-26,1661,Speech & Language Therapy,no_charge,Patient,T.V,0.0,0.0,0.0,0.0
1918,2026,TY,2026Q2,2026-05,2026-05-26,2026-05-26,1661,Speech & Language Therapy,paid,Texas Children's Health Plan - CHIP,T.V,64.67,64.67,64.67,0.0
1919,2026,TY,2026Q2,2026-05,2026-05-26,2026-05-26,1662,Speech & Language Therapy,paid,Patient,J.G,90.0,90.0,90.0,0.0
1920,2026,TY,2026Q2,2026-05,2026-05-26,2026-05-26,1663,Speech & Language Therapy - No Show,no_charge,Patient,T.V,0.0,0.0,0.0,0.0
1921,2026,TY,2026Q2,2026-05,2026-05-26,2026-05-26,1664,Speech & Language Therapy - No Show,no_charge,Patient,T.V,0.0,0.0,0.0,0.0
1922,2026,TY,2026Q2,2026-05,2026-05-26,2026-05-26,1696,Speech & Language Therapy,no_charge,Patient,T.V,0.0,0.0,0.0,0.0
1923,2026,TY,2026Q2,2026-05,2026-05-26,2026-05-26,1696,Speech & Language Therapy,paid,Texas Children's Health Plan,T.V,64.67,64.67,64.67,0.0
1924,2026,TY,2026Q2,2026-05,2026-05-27,2026-05-27,1665,Speech & Language Therapy,no_charge,Patient,A.P,0.0,0.0,0.0,0.0
1925,2026,TY,2026Q2,2026-05,2026-05-27,2026-05-27,1665,Speech & Language Therapy,paid,Texas Children's Health Plan,A.P,80.84,80.84,80.84,0.0
1926,2026,TY,2026Q2,2026-05,2026-05-27,2026-05-27,1666,Speech & Language Therapy - No Show,no_charge,Patient,A.P,0.0,0.0,0.0,0.0
1927,2026,TY,2026Q2,2026-05,2026-05-27,2026-05-27,1667,Speech & Language Therapy,paid,BlueCross BlueShield of Texas,A.P,43.92,43.92,43.92,0.0
1928,2026,TY,2026Q2,2026-05,2026-05-27,2026-05-27,1667,Speech & Language Therapy,paid,Patient,A.P,25.0,25.0,25.0,0.0
1929,2026,TY,2026Q2,2026-05,2026-05-27,2026-05-27,1668,Speech & Language Therapy,no_charge,BlueCross BlueShield of Texas,A.P,0.0,0.0,0.0,0.0
1930,2026,TY,2026Q2,2026-05,2026-05-27,2026-05-27,1668,Speech & Language Therapy,paid,Patient,A.P,68.92,68.92,68.92,0.0
1931,2026,TY,2026Q2,2026-05,2026-05-27,2026-05-27,1669,Speech & Language Therapy,paid,BlueCross BlueShield of Texas,A.P,38.92,38.92,38.92,0.0
1932,2026,TY,2026Q2,2026-05,2026-05-27,2026-05-27,1669,Speech & Language Therapy,paid,Patient,A.P,30.0,30.0,30.0,0.0
1933,2026,TY,2026Q2,2026-05,2026-05-27,2026-05-27,1670,Speech & Language Therapy,no_charge,Patient,A.P,0.0,0.0,0.0,0.0
1934,2026,TY,2026Q2,2026-05,2026-05-27,2026-05-27,1670,Speech & Language Therapy,paid,Texas Children's Health Plan - CHIP,A.P,80.84,80.84,80.84,0.0
1935,2026,TY,2026Q2,2026-05,2026-05-27,2026-05-27,1671,Speech & Language Therapy - Telehealth,paid,BlueCross BlueShield of Texas,A.P,55.14,55.14,55.14,0.0
1936,2026,TY,2026Q2,2026-05,2026-05-27,2026-05-27,1671,Speech & Language Therapy - Telehealth,paid,Patient,A.P,13.78,13.78,13.78,0.0
1937,2026,TY,2026Q2,2026-05,2026-05-27,2026-05-27,1672,Speech & Language Therapy,no_charge,Patient,A.P,0.0,0.0,0.0,0.0
1938,2026,TY,2026Q2,2026-05,2026-05-27,2026-05-27,1672,Speech & Language Therapy,paid,Texas Children's Health Plan - CHIP,A.P,80.84,80.84,80.84,0.0
1939,2026,TY,2026Q2,2026-05,2026-05-27,2026-05-27,1673,Speech & Language Therapy,no_charge,Patient,A.P,0.0,0.0,0.0,0.0
1940,2026,TY,2026Q2,2026-05,2026-05-27,2026-05-27,1673,Speech & Language Therapy,paid,Texas Children's Health Plan - CHIP,A.P,80.84,80.84,80.84,0.0
1941,2026,TY,2026Q2,2026-05,2026-05-27,2026-05-27,1674,Speech & Language Therapy - No Show,no_charge,Patient,J.G,0.0,0.0,0.0,0.0
1942,2026,TY,2026Q2,2026-05,2026-05-27,2026-05-27,1675,Speech & Language Therapy,paid,Patient,J.G,90.0,90.0,90.0,0.0
1943,2026,TY,2026Q2,2026-05,2026-05-27,2026-05-27,1676,Speech & Language Therapy - Telehealth,no_charge,Patient,K.G,0.0,0.0,0.0,0.0
1944,2026,TY,2026Q2,2026-05,2026-05-27,2026-05-27,1676,Speech & Language Therapy - Telehealth,paid,Texas Children's Health Plan,K.G,64.67,64.67,64.67,0.0
1945,2026,TY,2026Q2,2026-05,2026-05-27,2026-05-27,1677,Speech & Language Therapy - Telehealth - No Show,no_charge,Patient,K.G,0.0,0.0,0.0,0.0
1946,2026,TY,2026Q2,2026-05,2026-05-27,2026-05-27,1678,Speech & Language Therapy - Telehealth,paid,BlueCross BlueShield of Texas,J.G,18.92,18.92,18.92,0.0
1947,2026,TY,2026Q2,2026-05,2026-05-27,2026-05-27,1678,Speech & Language Therapy - Telehealth,paid,Patient,J.G,50.0,50.0,50.0,0.0
1948,2026,TY,2026Q2,2026-05,2026-05-27,2026-05-27,1679,Speech & Language Therapy,no_charge,Patient,K.G,0.0,0.0,0.0,0.0
1949,2026,TY,2026Q2,2026-05,2026-05-27,2026-05-27,1679,Speech & Language Therapy,paid,Texas Children's Health Plan,K.G,64.67,64.67,64.67,0.0
1950,2026,TY,2026Q2,2026-05,2026-05-27,2026-05-27,1680,Speech & Language Therapy,no_charge,Patient,K.G,0.0,0.0,0.0,0.0
1951,2026,TY,2026Q2,2026-05,2026-05-27,2026-05-27,1680,Speech & Language Therapy,paid,Texas Children's Health Plan,K.G,64.67,64.67,64.67,0.0
1952,2026,TY,2026Q2,2026-05,2026-05-28,2026-05-28,1681,Speech & Language Therapy,no_charge,BlueCross BlueShield of Texas,A.P,0.0,0.0,0.0,0.0
1953,2026,TY,2026Q2,2026-05,2026-05-28,2026-05-28,1681,Speech & Language Therapy,paid,Patient,A.P,68.92,68.92,68.92,0.0
1954,2026,TY,2026Q2,2026-05,2026-05-28,2026-05-28,1682,Speech & Language Therapy,paid,BlueCross BlueShield of Texas,A.P,33.92,33.92,33.92,0.0
1955,2026,TY,2026Q2,2026-05,2026-05-28,2026-05-28,1682,Speech & Language Therapy,paid,Patient,A.P,35.0,35.0,35.0,0.0
1956,2026,TY,2026Q2,2026-05,2026-05-28,2026-05-28,1683,Speech & Language Therapy,no_charge,Patient,A.P,0.0,0.0,0.0,0.0
1957,2026,TY,2026Q2,2026-05,2026-05-28,2026-05-28,1683,Speech & Language Therapy,paid,BlueCross BlueShield of Texas,A.P,68.92,68.92,68.92,0.0
1958,2026,TY,2026Q2,2026-05,2026-05-28,2026-05-28,1684,Speech & Language Therapy,no_charge,Patient,A.P,0.0,0.0,0.0,0.0
1959,2026,TY,2026Q2,2026-05,2026-05-28,2026-05-28,1684,Speech & Language Therapy,paid,Texas Children's Health Plan,A.P,80.84,80.84,80.84,0.0
1960,2026,TY,2026Q2,2026-05,2026-05-28,2026-05-28,1685,Speech & Language Therapy,no_charge,Patient,A.P,0.0,0.0,0.0,0.0
1961,2026,TY,2026Q2,2026-05,2026-05-28,2026-05-28,1685,Speech & Language Therapy,paid,Texas Children's Health Plan,A.P,80.84,80.84,80.84,0.0
1962,2026,TY,2026Q2,2026-05,2026-05-28,2026-05-28,1686,Speech & Language Therapy,no_charge,Patient,A.P,0.0,0.0,0.0,0.0
1963,2026,TY,2026Q2,2026-05,2026-05-28,2026-05-28,1686,Speech & Language Therapy,paid,Community Health Choice,A.P,86.22,86.22,86.22,0.0
1964,2026,TY,2026Q2,2026-05,2026-05-28,2026-05-28,1687,Speech & Language Therapy,no_charge,Patient,A.P,0.0,0.0,0.0,0.0
1965,2026,TY,2026Q2,2026-05,2026-05-28,2026-05-28,1687,Speech & Language Therapy,paid,Texas Children's Health Plan,A.P,80.84,80.84,80.84,0.0
1966,2026,TY,2026Q2,2026-05,2026-05-28,2026-05-28,1688,Speech & Language Therapy,no_charge,Patient,A.P,0.0,0.0,0.0,0.0
1967,2026,TY,2026Q2,2026-05,2026-05-28,2026-05-28,1688,Speech & Language Therapy,paid,Texas Children's Health Plan,A.P,80.84,80.84,80.84,0.0
1968,2026,TY,2026Q2,2026-05,2026-05-28,2026-05-28,1689,Speech & Language Therapy,no_charge,Patient,A.P,0.0,0.0,0.0,0.0
1969,2026,TY,2026Q2,2026-05,2026-05-28,2026-05-28,1689,Speech & Language Therapy,paid,Texas Children's Health Plan,A.P,80.84,80.84,80.84,0.0
1970,2026,TY,2026Q2,2026-05,2026-05-28,2026-05-28,1690,Speech & Language Therapy,no_charge,Patient,A.P,0.0,0.0,0.0,0.0
1971,2026,TY,2026Q2,2026-05,2026-05-28,2026-05-28,1690,Speech & Language Therapy,paid,Texas Children's Health Plan,A.P,80.84,80.84,80.84,0.0
1972,2026,TY,2026Q2,2026-05,2026-05-28,2026-05-28,1691,Speech & Language Therapy - Telehealth,no_charge,Patient,T.V,0.0,0.0,0.0,0.0
1973,2026,TY,2026Q2,2026-05,2026-05-28,2026-05-28,1691,Speech & Language Therapy - Telehealth,paid,Texas Children's Health Plan,T.V,64.67,64.67,64.67,0.0
1974,2026,TY,2026Q2,2026-05,2026-05-28,2026-05-28,1692,Speech & Language Therapy,no_charge,Patient,K.G,0.0,0.0,0.0,0.0
1975,2026,TY,2026Q2,2026-05,2026-05-28,2026-05-28,1692,Speech & Language Therapy,paid,Texas Children's Health Plan,K.G,64.67,64.67,64.67,0.0
1976,2026,TY,2026Q2,2026-05,2026-05-28,2026-05-28,1693,Speech & Language Therapy,no_charge,Patient,K.G,0.0,0.0,0.0,0.0
1977,2026,TY,2026Q2,2026-05,2026-05-28,2026-05-28,1693,Speech & Language Therapy,paid,Texas Children's Health Plan,K.G,64.67,64.67,64.67,0.0
1978,2026,TY,2026Q2,2026-05,2026-05-28,2026-05-28,1694,Speech & Language Therapy - Telehealth - No Show,no_charge,Patient,J.G,0.0,0.0,0.0,0.0
1979,2026,TY,2026Q2,2026-05,2026-05-28,2026-05-28,1695,Speech & Language Therapy,no_charge,Patient,T.V,0.0,0.0,0.0,0.0
1980,2026,TY,2026Q2,2026-05,2026-05-28,2026-05-28,1695,Speech & Language Therapy,paid,Texas Children's Health Plan,T.V,64.67,64.67,64.67,0.0
1981,2026,TY,2026Q2,2026-05,2026-05-28,2026-05-28,1697,Speech & Language Therapy,paid,Patient,J.G,90.0,90.0,90.0,0.0
1982,2026,TY,2026Q2,2026-05,2026-05-28,2026-05-28,1698,Speech & Language Therapy - Home,no_charge,Patient,K.G,0.0,0.0,0.0,0.0
1983,2026,TY,2026Q2,2026-05,2026-05-28,2026-05-28,1698,Speech & Language Therapy - Home,paid,Texas Children's Health Plan,K.G,71.14,71.14,71.14,0.0
1984,2026,TY,2026Q2,2026-05,2026-05-28,2026-05-28,1699,Speech & Language Therapy,paid,Patient,K.G,70.0,70.0,70.0,0.0
1985,2026,TY,2026Q2,2026-05,2026-05-28,2026-05-28,1713,Speech & Language Therapy - No Show,no_charge,Patient,T.V,0.0,0.0,0.0,0.0
1986,2026,TY,2026Q2,2026-05,2026-05-28,2026-05-28,1714,Speech & Language Therapy - No Show,no_charge,Patient,T.V,0.0,0.0,0.0,0.0
1987,2026,TY,2026Q2,2026-05,2026-05-29,2026-05-29,1700,Speech & Language Therapy,no_charge,Patient,A.P,0.0,0.0,0.0,0.0
1988,2026,TY,2026Q2,2026-05,2026-05-29,2026-05-29,1700,Speech & Language Therapy,paid,Texas Children's Health Plan,A.P,80.84,80.84,80.84,0.0
1989,2026,TY,2026Q2,2026-05,2026-05-29,2026-05-29,1701,Speech & Language Therapy,paid,BlueCross BlueShield of Texas,A.P,43.92,43.92,43.92,0.0
1990,2026,TY,2026Q2,2026-05,2026-05-29,2026-05-29,1701,Speech & Language Therapy,paid,Patient,A.P,25.0,25.0,25.0,0.0
1991,2026,TY,2026Q2,2026-05,2026-05-29,2026-05-29,1702,Speech & Language Therapy,no_charge,Patient,K.G,0.0,0.0,0.0,0.0
1992,2026,TY,2026Q2,2026-05,2026-05-29,2026-05-29,1702,Speech & Language Therapy,paid,Texas Children's Health Plan,K.G,64.67,64.67,64.67,0.0
1993,2026,TY,2026Q2,2026-05,2026-05-29,2026-05-29,1703,Speech & Language Therapy,no_charge,Patient,K.G,0.0,0.0,0.0,0.0
1994,2026,TY,2026Q2,2026-05,2026-05-29,2026-05-29,1703,Speech & Language Therapy,paid,Texas Children's Health Plan,K.G,64.67,64.67,64.67,0.0
1995,2026,TY,2026Q2,2026-05,2026-05-29,2026-05-29,1704,Speech & Language Therapy - Home,no_charge,Patient,K.G,0.0,0.0,0.0,0.0
1996,2026,TY,2026Q2,2026-05,2026-05-29,2026-05-29,1704,Speech & Language Therapy - Home,paid,Texas Children's Health Plan,K.G,71.14,71.14,71.14,0.0
1997,2026,TY,2026Q2,2026-05,2026-05-29,2026-05-29,1705,Speech & Language Therapy,paid,Patient,K.G,70.0,70.0,70.0,0.0
1998,2026,TY,2026Q2,2026-05,2026-05-30,2026-05-30,1706,Speech & Language Therapy,paid,Patient,K.G,70.0,70.0,70.0,0.0
1999,2026,TY,2026Q2,2026-05,2026-05-30,2026-05-30,1707,Speech & Language Therapy,no_charge,Patient,K.G,0.0,0.0,0.0,0.0
2000,2026,TY,2026Q2,2026-05,2026-05-30,2026-05-30,1707,Speech & Language Therapy,paid,Texas Children's Health Plan,K.G,64.67,64.67,64.67,0.0
2001,2026,TY,2026Q2,2026-05,2026-05-30,2026-05-30,1708,Speech & Language Therapy,no_charge,Patient,K.G,0.0,0.0,0.0,0.0
2002,2026,TY,2026Q2,2026-05,2026-05-30,2026-05-30,1708,Speech & Language Therapy,paid,UnitedHealthcare - Medicaid,K.G,75.88,75.88,75.88,0.0
2003,2026,TY,2026Q2,2026-05,2026-05-30,2026-05-30,1709,Speech & Language Therapy - Telehealth,no_charge,Patient,K.G,0.0,0.0,0.0,0.0
2004,2026,TY,2026Q2,2026-05,2026-05-30,2026-05-30,1709,Speech & Language Therapy - Telehealth,paid,Texas Children's Health Plan,K.G,64.67,64.67,64.67,0.0
2005,2026,TY,2026Q2,2026-05,2026-05-30,2026-05-30,1710,Speech & Language Therapy,no_charge,Patient,K.G,0.0,0.0,0.0,0.0
2006,2026,TY,2026Q2,2026-05,2026-05-30,2026-05-30,1710,Speech & Language Therapy,paid,Texas Children's Health Plan,K.G,64.67,64.67,64.67,0.0
2007,2026,TY,2026Q2,2026-05,2026-05-30,2026-05-30,1711,Speech & Language Therapy,no_charge,Patient,K.G,0.0,0.0,0.0,0.0
2008,2026,TY,2026Q2,2026-05,2026-05-30,2026-05-30,1711,Speech & Language Therapy,paid,Texas Children's Health Plan,K.G,64.67,64.67,64.67,0.0
2009,2026,TY,2026Q2,2026-05,2026-05-30,2026-05-30,1712,Speech & Language Evaluation - Telehealth,paid,Patient,J.G,295.0,295.0,295.0,0.0
2010,2026,TY,2026Q2,2026-06,2026-06-01,2026-06-01,1715,Speech & Language Therapy,no_charge,Patient,A.P,0.0,0.0,0.0,0.0
2011,2026,TY,2026Q2,2026-06,2026-06-01,2026-06-01,1715,Speech & Language Therapy,paid,Texas Children's Health Plan,A.P,80.84,80.84,80.84,0.0
2012,2026,TY,2026Q2,2026-06,2026-06-01,2026-06-01,1716,Speech & Language Therapy,paid,BlueCross BlueShield of Texas,A.P,43.92,43.92,43.92,0.0
2013,2026,TY,2026Q2,2026-06,2026-06-01,2026-06-01,1716,Speech & Language Therapy,paid,Patient,A.P,25.0,25.0,25.0,0.0
2014,2026,TY,2026Q2,2026-06,2026-06-01,2026-06-01,1717,Speech & Language Therapy,paid,BlueCross BlueShield of Texas,A.P,38.92,38.92,38.92,0.0
2015,2026,TY,2026Q2,2026-06,2026-06-01,2026-06-01,1717,Speech & Language Therapy,paid,Patient,A.P,30.0,30.0,30.0,0.0
2016,2026,TY,2026Q2,2026-06,2026-06-01,2026-06-01,1718,Speech & Language Therapy,no_charge,Patient,A.P,0.0,0.0,0.0,0.0
2017,2026,TY,2026Q2,2026-06,2026-06-01,2026-06-01,1718,Speech & Language Therapy,paid,Texas Children's Health Plan - CHIP,A.P,80.84,80.84,80.84,0.0
2018,2026,TY,2026Q2,2026-06,2026-06-01,2026-06-01,1719,Speech & Language Evaluation,no_charge,Patient,A.P,0.0,0.0,0.0,0.0
2019,2026,TY,2026Q2,2026-06,2026-06-01,2026-06-01,1719,Speech & Language Evaluation,paid,Texas Children's Health Plan,A.P,127.36,127.36,127.36,0.0
2020,2026,TY,2026Q2,2026-06,2026-06-01,2026-06-01,1720,Speech & Language Evaluation,no_charge,Patient,A.P,0.0,0.0,0.0,0.0
2021,2026,TY,2026Q2,2026-06,2026-06-01,2026-06-01,1720,Speech & Language Evaluation,paid,Texas Children's Health Plan,A.P,127.36,127.36,127.36,0.0
2022,2026,TY,2026Q2,2026-06,2026-06-01,2026-06-01,1721,Speech & Language Therapy - Telehealth,no_charge,Patient,T.V,0.0,0.0,0.0,0.0
2023,2026,TY,2026Q2,2026-06,2026-06-01,2026-06-01,1721,Speech & Language Therapy - Telehealth,paid,Texas Children's Health Plan,T.V,64.67,64.67,64.67,0.0
2024,2026,TY,2026Q2,2026-06,2026-06-01,2026-06-01,1722,Speech & Language Therapy,no_charge,Patient,T.V,0.0,0.0,0.0,0.0
2025,2026,TY,2026Q2,2026-06,2026-06-01,2026-06-01,1722,Speech & Language Therapy,paid,Texas Children's Health Plan - CHIP,T.V,64.67,64.67,64.67,0.0
2026,2026,TY,2026Q2,2026-06,2026-06-01,2026-06-01,1723,Speech & Language Therapy,no_charge,Patient,T.V,0.0,0.0,0.0,0.0
2027,2026,TY,2026Q2,2026-06,2026-06-01,2026-06-01,1723,Speech & Language Therapy,paid,Texas Children's Health Plan - CHIP,T.V,64.67,64.67,64.67,0.0
2028,2026,TY,2026Q2,2026-06,2026-06-01,2026-06-01,1724,Speech & Language Therapy,no_charge,Patient,T.V,0.0,0.0,0.0,0.0
2029,2026,TY,2026Q2,2026-06,2026-06-01,2026-06-01,1724,Speech & Language Therapy,paid,Texas Children's Health Plan,T.V,64.67,64.67,64.67,0.0
2030,2026,TY,2026Q2,2026-06,2026-06-02,2026-06-02,1725,Speech & Language Therapy,no_charge,Patient,A.P,0.0,0.0,0.0,0.0
2031,2026,TY,2026Q2,2026-06,2026-06-02,2026-06-02,1725,Speech & Language Therapy,paid,Texas Children's Health Plan,A.P,80.84,80.84,80.84,0.0
2032,2026,TY,2026Q2,2026-06,2026-06-02,2026-06-02,1726,Speech & Language Therapy,no_charge,Patient,E.F,0.0,0.0,0.0,0.0
2033,2026,TY,2026Q2,2026-06,2026-06-02,2026-06-02,1726,Speech & Language Therapy,paid,Texas Children's Health Plan,E.F,64.67,64.67,64.67,0.0
2034,2026,TY,2026Q2,2026-06,2026-06-02,2026-06-02,1727,Speech & Language Therapy,no_charge,Patient,E.F,0.0,0.0,0.0,0.0
2035,2026,TY,2026Q2,2026-06,2026-06-02,2026-06-02,1727,Speech & Language Therapy,paid,Community Health Choice,E.F,68.98,68.98,68.98,0.0
2036,2026,TY,2026Q2,2026-06,2026-06-02,2026-06-02,1728,Speech & Language Therapy,no_charge,Patient,E.F,0.0,0.0,0.0,0.0
2037,2026,TY,2026Q2,2026-06,2026-06-02,2026-06-02,1728,Speech & Language Therapy,paid,Texas Children's Health Plan,E.F,64.67,64.67,64.67,0.0
2038,2026,TY,2026Q2,2026-06,2026-06-02,2026-06-02,1729,Speech & Language Therapy,no_charge,Patient,E.F,0.0,0.0,0.0,0.0
2039,2026,TY,2026Q2,2026-06,2026-06-02,2026-06-02,1729,Speech & Language Therapy,paid,Texas Children's Health Plan,E.F,64.67,64.67,64.67,0.0
2040,2026,TY,2026Q2,2026-06,2026-06-02,2026-06-02,1730,Speech & Language Therapy,no_charge,Patient,E.F,0.0,0.0,0.0,0.0
2041,2026,TY,2026Q2,2026-06,2026-06-02,2026-06-02,1730,Speech & Language Therapy,paid,Texas Children's Health Plan,E.F,64.67,64.67,64.67,0.0
2042,2026,TY,2026Q2,2026-06,2026-06-02,2026-06-02,1731,Speech & Language Therapy,no_charge,Patient,E.F,0.0,0.0,0.0,0.0
2043,2026,TY,2026Q2,2026-06,2026-06-02,2026-06-02,1731,Speech & Language Therapy,paid,Texas Children's Health Plan,E.F,64.67,64.67,64.67,0.0
2044,2026,TY,2026Q2,2026-06,2026-06-02,2026-06-02,1732,Speech & Language Therapy,no_charge,Patient,E.F,0.0,0.0,0.0,0.0
2045,2026,TY,2026Q2,2026-06,2026-06-02,2026-06-02,1732,Speech & Language Therapy,paid,Texas Children's Health Plan,E.F,64.67,64.67,64.67,0.0
2046,2026,TY,2026Q2,2026-06,2026-06-02,2026-06-02,1733,Speech & Language Therapy,no_charge,Patient,E.F,0.0,0.0,0.0,0.0
2047,2026,TY,2026Q2,2026-06,2026-06-02,2026-06-02,1733,Speech & Language Therapy,paid,Community Health Choice,E.F,68.98,68.98,68.98,0.0
2048,2026,TY,2026Q2,2026-06,2026-06-02,2026-06-02,1734,Speech & Language Therapy,no_charge,Patient,E.F,0.0,0.0,0.0,0.0
2049,2026,TY,2026Q2,2026-06,2026-06-02,2026-06-02,1734,Speech & Language Therapy,paid,Texas Children's Health Plan,E.F,64.67,64.67,64.67,0.0
2050,2026,TY,2026Q2,2026-06,2026-06-02,2026-06-02,1735,Speech & Language Therapy,paid,Patient,J.G,90.0,90.0,90.0,0.0
2051,2026,TY,2026Q2,2026-06,2026-06-02,2026-06-02,1736,Speech & Language Therapy,no_charge,Patient,T.V,0.0,0.0,0.0,0.0
2052,2026,TY,2026Q2,2026-06,2026-06-02,2026-06-02,1736,Speech & Language Therapy,paid,Texas Children's Health Plan,T.V,64.67,64.67,64.67,0.0
2053,2026,TY,2026Q2,2026-06,2026-06-02,2026-06-02,1737,Speech & Language Therapy,no_charge,Patient,T.V,0.0,0.0,0.0,0.0
2054,2026,TY,2026Q2,2026-06,2026-06-02,2026-06-02,1737,Speech & Language Therapy,paid,Texas Children's Health Plan,T.V,64.67,64.67,64.67,0.0
2055,2026,TY,2026Q2,2026-06,2026-06-02,2026-06-02,1738,Speech & Language Therapy,no_charge,Patient,T.V,0.0,0.0,0.0,0.0
2056,2026,TY,2026Q2,2026-06,2026-06-02,2026-06-02,1738,Speech & Language Therapy,paid,Texas Children's Health Plan,T.V,64.67,64.67,64.67,0.0
2057,2026,TY,2026Q2,2026-06,2026-06-02,2026-06-02,1739,Speech & Language Therapy - Telehealth,paid,BlueCross BlueShield of Texas,J.G,55.14,55.14,55.14,0.0
2058,2026,TY,2026Q2,2026-06,2026-06-02,2026-06-02,1739,Speech & Language Therapy - Telehealth,paid,Patient,J.G,13.78,13.78,13.78,0.0
2059,2026,TY,2026Q2,2026-06,2026-06-02,2026-06-02,1740,Speech & Language Therapy,no_charge,Patient,T.V,0.0,0.0,0.0,0.0
2060,2026,TY,2026Q2,2026-06,2026-06-02,2026-06-02,1740,Speech & Language Therapy,no_charge,Texas Children's Health Plan,T.V,0.0,0.0,0.0,0.0
2061,2026,TY,2026Q2,2026-06,2026-06-02,2026-06-02,1740,Speech & Language Therapy,paid,BlueCross BlueShield of Texas,T.V,68.92,68.92,68.92,0.0
2062,2026,TY,2026Q2,2026-06,2026-06-02,2026-06-02,1741,Speech & Language Therapy,no_charge,BlueCross BlueShield of Texas,J.G,0.0,0.0,0.0,0.0
2063,2026,TY,2026Q2,2026-06,2026-06-02,2026-06-02,1741,Speech & Language Therapy,paid,Patient,J.G,68.92,68.92,68.92,0.0
2064,2026,TY,2026Q2,2026-06,2026-06-02,2026-06-02,1742,Speech & Language Therapy,paid,Patient,J.G,90.0,90.0,90.0,0.0
2065,2026,TY,2026Q2,2026-06,2026-06-03,2026-06-03,1743,Speech & Language Therapy,paid,BlueCross BlueShield of Texas,A.P,38.92,38.92,38.92,0.0
2066,2026,TY,2026Q2,2026-06,2026-06-03,2026-06-03,1743,Speech & Language Therapy,paid,Patient,A.P,30.0,30.0,30.0,0.0
2067,2026,TY,2026Q2,2026-06,2026-06-03,2026-06-03,1744,Speech & Language Therapy,no_charge,Patient,A.P,0.0,0.0,0.0,0.0
2068,2026,TY,2026Q2,2026-06,2026-06-03,2026-06-03,1744,Speech & Language Therapy,paid,Texas Children's Health Plan - CHIP,A.P,80.84,80.84,80.84,0.0
2069,2026,TY,2026Q2,2026-06,2026-06-03,2026-06-03,1745,Speech & Language Therapy - Telehealth,paid,BlueCross BlueShield of Texas,A.P,55.14,55.14,55.14,0.0
2070,2026,TY,2026Q2,2026-06,2026-06-03,2026-06-03,1745,Speech & Language Therapy - Telehealth,paid,Patient,A.P,13.78,13.78,13.78,0.0
2071,2026,TY,2026Q2,2026-06,2026-06-03,2026-06-03,1746,"Speech therapy, re-evaluation",no_charge,Patient,A.P,0.0,0.0,0.0,0.0
2072,2026,TY,2026Q2,2026-06,2026-06-03,2026-06-03,1746,"Speech therapy, re-evaluation",paid,Texas Children's Health Plan,A.P,89.15,89.15,89.15,0.0
2073,2026,TY,2026Q2,2026-06,2026-06-03,2026-06-03,1747,Speech & Language Therapy,no_charge,Patient,A.P,0.0,0.0,0.0,0.0
2074,2026,TY,2026Q2,2026-06,2026-06-03,2026-06-03,1747,Speech & Language Therapy,paid,Texas Children's Health Plan,A.P,80.84,80.84,80.84,0.0
2075,2026,TY,2026Q2,2026-06,2026-06-03,2026-06-03,1748,Speech & Language Therapy,no_charge,BlueCross BlueShield of Texas,A.P,0.0,0.0,0.0,0.0
2076,2026,TY,2026Q2,2026-06,2026-06-03,2026-06-03,1748,Speech & Language Therapy,paid,Patient,A.P,68.92,68.92,68.92,0.0
2077,2026,TY,2026Q2,2026-06,2026-06-03,2026-06-03,1749,Speech & Language Therapy,no_charge,Patient,A.P,0.0,0.0,0.0,0.0
2078,2026,TY,2026Q2,2026-06,2026-06-03,2026-06-03,1749,Speech & Language Therapy,paid,Texas Children's Health Plan - CHIP,A.P,80.84,80.84,80.84,0.0
2079,2026,TY,2026Q2,2026-06,2026-06-03,2026-06-03,1750,Speech & Language Therapy,no_charge,Patient,A.P,0.0,0.0,0.0,0.0
2080,2026,TY,2026Q2,2026-06,2026-06-03,2026-06-03,1750,Speech & Language Therapy,paid,Texas Children's Health Plan - CHIP,A.P,80.84,80.84,80.84,0.0
2081,2026,TY,2026Q2,2026-06,2026-06-03,2026-06-03,1751,"Speech therapy, re-evaluation",no_charge,Patient,A.P,0.0,0.0,0.0,0.0
2082,2026,TY,2026Q2,2026-06,2026-06-03,2026-06-03,1751,"Speech therapy, re-evaluation",paid,Texas Children's Health Plan,A.P,89.15,89.15,89.15,0.0
2083,2026,TY,2026Q2,2026-06,2026-06-03,2026-06-03,1752,Speech & Language Therapy - Telehealth,no_charge,Patient,K.G,0.0,0.0,0.0,0.0
2084,2026,TY,2026Q2,2026-06,2026-06-03,2026-06-03,1752,Speech & Language Therapy - Telehealth,paid,Texas Children's Health Plan,K.G,64.67,64.67,64.67,0.0
2085,2026,TY,2026Q2,2026-06,2026-06-03,2026-06-03,1753,Speech & Language Therapy - Telehealth,no_charge,Patient,K.G,0.0,0.0,0.0,0.0
2086,2026,TY,2026Q2,2026-06,2026-06-03,2026-06-03,1753,Speech & Language Therapy - Telehealth,paid,Texas Children's Health Plan,K.G,64.67,64.67,64.67,0.0
2087,2026,TY,2026Q2,2026-06,2026-06-03,2026-06-03,1754,Speech & Language Therapy,no_charge,Patient,K.G,0.0,0.0,0.0,0.0
2088,2026,TY,2026Q2,2026-06,2026-06-03,2026-06-03,1754,Speech & Language Therapy,paid,Texas Children's Health Plan,K.G,64.67,64.67,64.67,0.0
2089,2026,TY,2026Q2,2026-06,2026-06-03,2026-06-03,1755,Speech & Language Therapy,no_charge,Patient,K.G,0.0,0.0,0.0,0.0
2090,2026,TY,2026Q2,2026-06,2026-06-03,2026-06-03,1755,Speech & Language Therapy,paid,Texas Children's Health Plan,K.G,64.67,64.67,64.67,0.0
2091,2026,TY,2026Q2,2026-06,2026-06-03,2026-06-03,1756,Speech & Language Therapy,no_charge,Patient,K.G,0.0,0.0,0.0,0.0
2092,2026,TY,2026Q2,2026-06,2026-06-03,2026-06-03,1756,Speech & Language Therapy,paid,Texas Children's Health Plan,K.G,64.67,64.67,64.67,0.0
2093,2026,TY,2026Q2,2026-06,2026-06-04,2026-06-04,1757,Speech & Language Therapy,no_charge,BlueCross BlueShield of Texas,A.P,0.0,0.0,0.0,0.0
2094,2026,TY,2026Q2,2026-06,2026-06-04,2026-06-04,1757,Speech & Language Therapy,paid,Patient,A.P,68.92,68.92,68.92,0.0
2095,2026,TY,2026Q2,2026-06,2026-06-04,2026-06-04,1758,Speech & Language Therapy,paid,BlueCross BlueShield of Texas,A.P,33.92,33.92,33.92,0.0
2096,2026,TY,2026Q2,2026-06,2026-06-04,2026-06-04,1758,Speech & Language Therapy,paid,Patient,A.P,35.0,35.0,35.0,0.0
2097,2026,TY,2026Q2,2026-06,2026-06-04,2026-06-04,1759,Speech & Language Therapy,no_charge,Patient,A.P,0.0,0.0,0.0,0.0
2098,2026,TY,2026Q2,2026-06,2026-06-04,2026-06-04,1759,Speech & Language Therapy,paid,BlueCross BlueShield of Texas,A.P,68.92,68.92,68.92,0.0
2099,2026,TY,2026Q2,2026-06,2026-06-04,2026-06-04,1760,Speech & Language Therapy,paid,BlueCross BlueShield of Texas,A.P,38.92,38.92,38.92,0.0
2100,2026,TY,2026Q2,2026-06,2026-06-04,2026-06-04,1760,Speech & Language Therapy,paid,Patient,A.P,30.0,30.0,30.0,0.0
2101,2026,TY,2026Q2,2026-06,2026-06-04,2026-06-04,1761,Speech & Language Therapy,no_charge,Patient,E.F,0.0,0.0,0.0,0.0
2102,2026,TY,2026Q2,2026-06,2026-06-04,2026-06-04,1761,Speech & Language Therapy,paid,Texas Children's Health Plan - CHIP,E.F,64.67,64.67,64.67,0.0
2103,2026,TY,2026Q2,2026-06,2026-06-04,2026-06-04,1762,Speech & Language Therapy,no_charge,Patient,E.F,0.0,0.0,0.0,0.0
2104,2026,TY,2026Q2,2026-06,2026-06-04,2026-06-04,1762,Speech & Language Therapy,paid,Texas Children's Health Plan,E.F,64.67,64.67,64.67,0.0
2105,2026,TY,2026Q2,2026-06,2026-06-04,2026-06-04,1763,Speech & Language Therapy,no_charge,Patient,E.F,0.0,0.0,0.0,0.0
2106,2026,TY,2026Q2,2026-06,2026-06-04,2026-06-04,1763,Speech & Language Therapy,paid,Texas Children's Health Plan,E.F,64.67,64.67,64.67,0.0
2107,2026,TY,2026Q2,2026-06,2026-06-04,2026-06-04,1764,Speech & Language Therapy,no_charge,Patient,E.F,0.0,0.0,0.0,0.0
2108,2026,TY,2026Q2,2026-06,2026-06-04,2026-06-04,1764,Speech & Language Therapy,paid,Texas Children's Health Plan,E.F,64.67,64.67,64.67,0.0
2109,2026,TY,2026Q2,2026-06,2026-06-04,2026-06-04,1765,Speech & Language Therapy,no_charge,Patient,E.F,0.0,0.0,0.0,0.0
2110,2026,TY,2026Q2,2026-06,2026-06-04,2026-06-04,1765,Speech & Language Therapy,paid,Community Health Choice,E.F,68.98,68.98,68.98,0.0
2111,2026,TY,2026Q2,2026-06,2026-06-04,2026-06-04,1766,Speech & Language Therapy,no_charge,Patient,E.F,0.0,0.0,0.0,0.0
2112,2026,TY,2026Q2,2026-06,2026-06-04,2026-06-04,1766,Speech & Language Therapy,paid,Community Health Choice,E.F,68.98,68.98,68.98,0.0
2113,2026,TY,2026Q2,2026-06,2026-06-04,2026-06-04,1767,Speech & Language Therapy,paid,Patient,J.G,90.0,90.0,90.0,0.0
2114,2026,TY,2026Q2,2026-06,2026-06-04,2026-06-04,1768,Speech & Language Therapy - Telehealth,no_charge,Patient,T.V,0.0,0.0,0.0,0.0
2115,2026,TY,2026Q2,2026-06,2026-06-04,2026-06-04,1768,Speech & Language Therapy - Telehealth,paid,Texas Children's Health Plan,T.V,64.67,64.67,64.67,0.0
2116,2026,TY,2026Q2,2026-06,2026-06-04,2026-06-04,1769,Speech & Language Therapy,no_charge,Patient,T.V,0.0,0.0,0.0,0.0
2117,2026,TY,2026Q2,2026-06,2026-06-04,2026-06-04,1769,Speech & Language Therapy,paid,Texas Children's Health Plan,T.V,64.67,64.67,64.67,0.0
2118,2026,TY,2026Q2,2026-06,2026-06-04,2026-06-04,1770,Speech & Language Therapy,no_charge,Patient,K.G,0.0,0.0,0.0,0.0
2119,2026,TY,2026Q2,2026-06,2026-06-04,2026-06-04,1770,Speech & Language Therapy,paid,Texas Children's Health Plan,K.G,64.67,64.67,64.67,0.0
2120,2026,TY,2026Q2,2026-06,2026-06-04,2026-06-04,1771,Speech & Language Therapy,no_charge,Patient,K.G,0.0,0.0,0.0,0.0
2121,2026,TY,2026Q2,2026-06,2026-06-04,2026-06-04,1771,Speech & Language Therapy,paid,Texas Children's Health Plan,K.G,64.67,64.67,64.67,0.0
2122,2026,TY,2026Q2,2026-06,2026-06-04,2026-06-04,1772,Speech & Language Therapy - Telehealth - No Show,no_charge,Patient,J.G,0.0,0.0,0.0,0.0
2123,2026,TY,2026Q2,2026-06,2026-06-04,2026-06-04,1773,Speech & Language Therapy,no_charge,BlueCross BlueShield of Texas,J.G,0.0,0.0,0.0,0.0
2124,2026,TY,2026Q2,2026-06,2026-06-04,2026-06-04,1773,Speech & Language Therapy,paid,Patient,J.G,68.92,68.92,68.92,0.0
2125,2026,TY,2026Q2,2026-06,2026-06-04,2026-06-04,1774,Speech & Language Therapy - Home,no_charge,Patient,K.G,0.0,0.0,0.0,0.0
2126,2026,TY,2026Q2,2026-06,2026-06-04,2026-06-04,1774,Speech & Language Therapy - Home,paid,Texas Children's Health Plan,K.G,71.14,71.14,71.14,0.0
2127,2026,TY,2026Q2,2026-06,2026-06-04,2026-06-04,1775,Speech & Language Therapy,paid,Patient,J.G,90.0,90.0,90.0,0.0
2128,2026,TY,2026Q2,2026-06,2026-06-05,2026-06-05,1776,Speech & Language Therapy,paid,Patient,K.G,70.0,70.0,70.0,0.0
2129,2026,TY,2026Q2,2026-06,2026-06-05,2026-06-05,1777,Speech & Language Therapy,no_charge,Patient,K.G,0.0,0.0,0.0,0.0
2130,2026,TY,2026Q2,2026-06,2026-06-05,2026-06-05,1777,Speech & Language Therapy,paid,Texas Children's Health Plan,K.G,64.67,64.67,64.67,0.0
2131,2026,TY,2026Q2,2026-06,2026-06-05,2026-06-05,1778,Speech & Language Therapy,no_charge,Patient,K.G,0.0,0.0,0.0,0.0
2132,2026,TY,2026Q2,2026-06,2026-06-05,2026-06-05,1778,Speech & Language Therapy,paid,Texas Children's Health Plan,K.G,64.67,64.67,64.67,0.0
2133,2026,TY,2026Q2,2026-06,2026-06-05,2026-06-05,1779,Speech & Language Therapy,paid,Patient,K.G,70.0,70.0,70.0,0.0
2134,2026,TY,2026Q2,2026-06,2026-06-05,2026-06-05,1785,Speech & Language Therapy - Home,no_charge,Patient,K.G,0.0,0.0,0.0,0.0
2135,2026,TY,2026Q2,2026-06,2026-06-05,2026-06-05,1785,Speech & Language Therapy - Home,paid,Texas Children's Health Plan,K.G,71.14,71.14,71.14,0.0
2136,2026,TY,2026Q2,2026-06,2026-06-06,2026-06-06,1780,Speech & Language Therapy,paid,Patient,K.G,70.0,70.0,70.0,0.0
2137,2026,TY,2026Q2,2026-06,2026-06-06,2026-06-06,1781,Speech & Language Therapy,no_charge,Patient,K.G,0.0,0.0,0.0,0.0
2138,2026,TY,2026Q2,2026-06,2026-06-06,2026-06-06,1781,Speech & Language Therapy,paid,Texas Children's Health Plan,K.G,64.67,64.67,64.67,0.0
2139,2026,TY,2026Q2,2026-06,2026-06-06,2026-06-06,1782,Speech & Language Therapy - Telehealth,no_charge,Patient,K.G,0.0,0.0,0.0,0.0
2140,2026,TY,2026Q2,2026-06,2026-06-06,2026-06-06,1782,Speech & Language Therapy - Telehealth,paid,Texas Children's Health Plan,K.G,64.67,64.67,64.67,0.0
2141,2026,TY,2026Q2,2026-06,2026-06-06,2026-06-06,1783,Speech & Language Therapy,no_charge,Patient,K.G,0.0,0.0,0.0,0.0
2142,2026,TY,2026Q2,2026-06,2026-06-06,2026-06-06,1783,Speech & Language Therapy,paid,Texas Children's Health Plan,K.G,64.67,64.67,64.67,0.0
2143,2026,TY,2026Q2,2026-06,2026-06-06,2026-06-06,1784,Speech & Language Therapy,no_charge,Patient,K.G,0.0,0.0,0.0,0.0
2144,2026,TY,2026Q2,2026-06,2026-06-06,2026-06-06,1784,Speech & Language Therapy,paid,Texas Children's Health Plan,K.G,64.67,64.67,64.67,0.0
2145,2026,TY,2026Q2,2026-06,2026-06-08,2026-06-08,1786,Speech & Language Therapy,no_charge,Patient,K.G,0.0,0.0,0.0,0.0
2146,2026,TY,2026Q2,2026-06,2026-06-08,2026-06-08,1786,Speech & Language Therapy,paid,Texas Children's Health Plan,K.G,64.67,64.67,64.67,0.0
2147,2026,TY,2026Q2,2026-06,2026-06-08,2026-06-08,1787,Speech & Language Therapy,no_charge,Patient,K.G,0.0,0.0,0.0,0.0
2148,2026,TY,2026Q2,2026-06,2026-06-08,2026-06-08,1787,Speech & Language Therapy,paid,Texas Children's Health Plan,K.G,64.67,64.67,64.67,0.0
2149,2026,TY,2026Q2,2026-06,2026-06-08,2026-06-08,1788,Speech & Language Therapy - Telehealth,no_charge,Patient,K.G,0.0,0.0,0.0,0.0
2150,2026,TY,2026Q2,2026-06,2026-06-08,2026-06-08,1788,Speech & Language Therapy - Telehealth,paid,Texas Children's Health Plan,K.G,64.67,64.67,64.67,0.0
2151,2026,TY,2026Q2,2026-06,2026-06-08,2026-06-08,1789,Speech & Language Therapy - Telehealth,no_charge,Patient,K.G,0.0,0.0,0.0,0.0
2152,2026,TY,2026Q2,2026-06,2026-06-08,2026-06-08,1789,Speech & Language Therapy - Telehealth,paid,Texas Children's Health Plan,K.G,64.67,64.67,64.67,0.0
2153,2026,TY,2026Q2,2026-06,2026-06-08,2026-06-08,1790,Speech & Language Therapy,no_charge,Patient,A.P,0.0,0.0,0.0,0.0
2154,2026,TY,2026Q2,2026-06,2026-06-08,2026-06-08,1790,Speech & Language Therapy,paid,Texas Children's Health Plan,A.P,80.84,80.84,80.84,0.0
2155,2026,TY,2026Q2,2026-06,2026-06-08,2026-06-08,1791,Speech & Language Therapy,paid,BlueCross BlueShield of Texas,A.P,43.92,43.92,43.92,0.0
2156,2026,TY,2026Q2,2026-06,2026-06-08,2026-06-08,1791,Speech & Language Therapy,paid,Patient,A.P,25.0,25.0,25.0,0.0
2157,2026,TY,2026Q2,2026-06,2026-06-08,2026-06-08,1792,Speech & Language Therapy,no_charge,BlueCross BlueShield of Texas,A.P,0.0,0.0,0.0,0.0
2158,2026,TY,2026Q2,2026-06,2026-06-08,2026-06-08,1792,Speech & Language Therapy,paid,Patient,A.P,68.92,68.92,68.92,0.0
2159,2026,TY,2026Q2,2026-06,2026-06-08,2026-06-08,1793,Speech & Language Therapy,paid,BlueCross BlueShield of Texas,A.P,38.92,38.92,38.92,0.0
2160,2026,TY,2026Q2,2026-06,2026-06-08,2026-06-08,1793,Speech & Language Therapy,paid,Patient,A.P,30.0,30.0,30.0,0.0
2161,2026,TY,2026Q2,2026-06,2026-06-08,2026-06-08,1794,Speech & Language Therapy,no_charge,Patient,A.P,0.0,0.0,0.0,0.0
2162,2026,TY,2026Q2,2026-06,2026-06-08,2026-06-08,1794,Speech & Language Therapy,paid,Texas Children's Health Plan - CHIP,A.P,80.84,80.84,80.84,0.0
2163,2026,TY,2026Q2,2026-06,2026-06-08,2026-06-08,1795,Speech & Language Therapy,no_charge,Patient,A.P,0.0,0.0,0.0,0.0
2164,2026,TY,2026Q2,2026-06,2026-06-08,2026-06-08,1795,Speech & Language Therapy,paid,Texas Children's Health Plan,A.P,80.84,80.84,80.84,0.0
2165,2026,TY,2026Q2,2026-06,2026-06-08,2026-06-08,1796,"Speech therapy, re-evaluation - No Show",no_charge,Patient,A.P,0.0,0.0,0.0,0.0
2166,2026,TY,2026Q2,2026-06,2026-06-08,2026-06-08,1797,Speech & Language Therapy - Telehealth,no_charge,Patient,T.V,0.0,0.0,0.0,0.0
2167,2026,TY,2026Q2,2026-06,2026-06-08,2026-06-08,1797,Speech & Language Therapy - Telehealth,paid,Texas Children's Health Plan,T.V,64.67,64.67,64.67,0.0
2168,2026,TY,2026Q2,2026-06,2026-06-08,2026-06-08,1798,Speech & Language Therapy - Telehealth,no_charge,Patient,K.G,0.0,0.0,0.0,0.0
2169,2026,TY,2026Q2,2026-06,2026-06-08,2026-06-08,1798,Speech & Language Therapy - Telehealth,paid,UnitedHealthcare - Medicaid,K.G,75.88,75.88,75.88,0.0
2170,2026,TY,2026Q2,2026-06,2026-06-08,2026-06-08,1799,Speech & Language Therapy,no_charge,Patient,T.V,0.0,0.0,0.0,0.0
2171,2026,TY,2026Q2,2026-06,2026-06-08,2026-06-08,1799,Speech & Language Therapy,paid,Texas Children's Health Plan - CHIP,T.V,64.67,64.67,64.67,0.0
2172,2026,TY,2026Q2,2026-06,2026-06-08,2026-06-08,1800,Speech & Language Therapy,no_charge,Patient,T.V,0.0,0.0,0.0,0.0
2173,2026,TY,2026Q2,2026-06,2026-06-08,2026-06-08,1800,Speech & Language Therapy,paid,Texas Children's Health Plan - CHIP,T.V,64.67,64.67,64.67,0.0
2174,2026,TY,2026Q2,2026-06,2026-06-08,2026-06-08,1801,Speech & Language Therapy,no_charge,Patient,T.V,0.0,0.0,0.0,0.0
2175,2026,TY,2026Q2,2026-06,2026-06-08,2026-06-08,1801,Speech & Language Therapy,paid,Texas Children's Health Plan,T.V,64.67,64.67,64.67,0.0
2176,2026,TY,2026Q2,2026-06,2026-06-08,2026-06-08,1802,Speech & Language Therapy,no_charge,Patient,T.V,0.0,0.0,0.0,0.0
2177,2026,TY,2026Q2,2026-06,2026-06-08,2026-06-08,1802,Speech & Language Therapy,paid,Texas Children's Health Plan,T.V,64.67,64.67,64.67,0.0
2178,2026,TY,2026Q2,2026-06,2026-06-08,2026-06-08,1803,Speech & Language Therapy,no_charge,Patient,K.G,0.0,0.0,0.0,0.0
2179,2026,TY,2026Q2,2026-06,2026-06-08,2026-06-08,1803,Speech & Language Therapy,paid,Texas Children's Health Plan,K.G,64.67,64.67,64.67,0.0
2180,2026,TY,2026Q2,2026-06,2026-06-08,2026-06-08,1804,Speech & Language Therapy,paid,Patient,K.G,70.0,70.0,70.0,0.0
2181,2026,TY,2026Q2,2026-06,2026-06-08,2026-06-08,1805,Speech & Language Therapy,paid,Patient,K.G,70.0,70.0,70.0,0.0
2182,2026,TY,2026Q2,2026-06,2026-06-09,2026-06-09,1806,Speech & Language Therapy,no_charge,Patient,K.G,0.0,0.0,0.0,0.0
2183,2026,TY,2026Q2,2026-06,2026-06-09,2026-06-09,1806,Speech & Language Therapy,paid,Texas Children's Health Plan,K.G,64.67,64.67,64.67,0.0
2184,2026,TY,2026Q2,2026-06,2026-06-09,2026-06-09,1807,Speech & Language Therapy,no_charge,Patient,K.G,0.0,0.0,0.0,0.0
2185,2026,TY,2026Q2,2026-06,2026-06-09,2026-06-09,1807,Speech & Language Therapy,paid,Texas Children's Health Plan,K.G,64.67,64.67,64.67,0.0
2186,2026,TY,2026Q2,2026-06,2026-06-09,2026-06-09,1808,Speech & Language Therapy - Home - No Show,no_charge,Patient,K.G,0.0,0.0,0.0,0.0
2187,2026,TY,2026Q2,2026-06,2026-06-09,2026-06-09,1809,Speech & Language Therapy,no_charge,Patient,E.F,0.0,0.0,0.0,0.0
2188,2026,TY,2026Q2,2026-06,2026-06-09,2026-06-09,1809,Speech & Language Therapy,paid,Community Health Choice,E.F,68.98,68.98,68.98,0.0
2189,2026,TY,2026Q2,2026-06,2026-06-09,2026-06-09,1810,Speech & Language Therapy,no_charge,Patient,E.F,0.0,0.0,0.0,0.0
2190,2026,TY,2026Q2,2026-06,2026-06-09,2026-06-09,1810,Speech & Language Therapy,paid,Texas Children's Health Plan,E.F,64.67,64.67,64.67,0.0
2191,2026,TY,2026Q2,2026-06,2026-06-09,2026-06-09,1811,Speech & Language Therapy,no_charge,Patient,E.F,0.0,0.0,0.0,0.0
2192,2026,TY,2026Q2,2026-06,2026-06-09,2026-06-09,1811,Speech & Language Therapy,paid,Texas Children's Health Plan,E.F,64.67,64.67,64.67,0.0
2193,2026,TY,2026Q2,2026-06,2026-06-09,2026-06-09,1812,Speech & Language Therapy,no_charge,Patient,E.F,0.0,0.0,0.0,0.0
2194,2026,TY,2026Q2,2026-06,2026-06-09,2026-06-09,1812,Speech & Language Therapy,paid,Texas Children's Health Plan,E.F,64.67,64.67,64.67,0.0
2195,2026,TY,2026Q2,2026-06,2026-06-09,2026-06-09,1813,Speech & Language Therapy,no_charge,Patient,E.F,0.0,0.0,0.0,0.0
2196,2026,TY,2026Q2,2026-06,2026-06-09,2026-06-09,1813,Speech & Language Therapy,paid,Community Health Choice,E.F,68.98,68.98,68.98,0.0
2197,2026,TY,2026Q2,2026-06,2026-06-09,2026-06-09,1814,Speech & Language Therapy,no_charge,Patient,E.F,0.0,0.0,0.0,0.0
2198,2026,TY,2026Q2,2026-06,2026-06-09,2026-06-09,1814,Speech & Language Therapy,paid,Texas Children's Health Plan,E.F,64.67,64.67,64.67,0.0
2199,2026,TY,2026Q2,2026-06,2026-06-09,2026-06-09,1815,Speech & Language Therapy - Telehealth,no_charge,Patient,E.F,0.0,0.0,0.0,0.0
2200,2026,TY,2026Q2,2026-06,2026-06-09,2026-06-09,1815,Speech & Language Therapy - Telehealth,paid,Texas Children's Health Plan,E.F,64.67,64.67,64.67,0.0
2201,2026,TY,2026Q2,2026-06,2026-06-09,2026-06-09,1816,Speech & Language Therapy,no_charge,Patient,T.V,0.0,0.0,0.0,0.0
2202,2026,TY,2026Q2,2026-06,2026-06-09,2026-06-09,1816,Speech & Language Therapy,paid,Texas Children's Health Plan,T.V,64.67,64.67,64.67,0.0
2203,2026,TY,2026Q2,2026-06,2026-06-09,2026-06-09,1817,Speech & Language Therapy,no_charge,Patient,T.V,0.0,0.0,0.0,0.0
2204,2026,TY,2026Q2,2026-06,2026-06-09,2026-06-09,1817,Speech & Language Therapy,paid,Texas Children's Health Plan,T.V,64.67,64.67,64.67,0.0
2205,2026,TY,2026Q2,2026-06,2026-06-09,2026-06-09,1818,Speech & Language Therapy,no_charge,Patient,T.V,0.0,0.0,0.0,0.0
2206,2026,TY,2026Q2,2026-06,2026-06-09,2026-06-09,1818,Speech & Language Therapy,paid,Texas Children's Health Plan - CHIP,T.V,64.67,64.67,64.67,0.0
2207,2026,TY,2026Q2,2026-06,2026-06-09,2026-06-09,1819,Speech & Language Therapy,no_charge,Patient,T.V,0.0,0.0,0.0,0.0
2208,2026,TY,2026Q2,2026-06,2026-06-09,2026-06-09,1819,Speech & Language Therapy,paid,Texas Children's Health Plan,T.V,64.67,64.67,64.67,0.0
2209,2026,TY,2026Q2,2026-06,2026-06-09,2026-06-09,1820,Speech & Language Therapy - Telehealth - No Show,no_charge,Patient,J.G,0.0,0.0,0.0,0.0
2210,2026,TY,2026Q2,2026-06,2026-06-09,2026-06-09,1821,Speech & Language Therapy,no_charge,BlueCross BlueShield of Texas,J.G,0.0,0.0,0.0,0.0
2211,2026,TY,2026Q2,2026-06,2026-06-09,2026-06-09,1821,Speech & Language Therapy,paid,Patient,J.G,68.92,68.92,68.92,0.0
2212,2026,TY,2026Q2,2026-06,2026-06-09,2026-06-09,1822,Speech & Language Therapy,no_charge,Patient,T.V,0.0,0.0,0.0,0.0
2213,2026,TY,2026Q2,2026-06,2026-06-09,2026-06-09,1822,Speech & Language Therapy,no_charge,Texas Children's Health Plan,T.V,0.0,0.0,0.0,0.0
2214,2026,TY,2026Q2,2026-06,2026-06-09,2026-06-09,1822,Speech & Language Therapy,paid,BlueCross BlueShield of Texas,T.V,68.92,68.92,68.92,0.0
2215,2026,TY,2026Q2,2026-06,2026-06-09,2026-06-09,1823,Speech & Language Therapy,paid,Patient,J.G,90.0,90.0,90.0,0.0
2216,2026,TY,2026Q2,2026-06,2026-06-09,2026-06-09,1826,Speech & Language Evaluation,no_charge,Patient,A.P,0.0,0.0,0.0,0.0
2217,2026,TY,2026Q2,2026-06,2026-06-09,2026-06-09,1826,Speech & Language Evaluation,paid,Community Health Choice,A.P,135.85,135.85,135.85,0.0
2218,2026,TY,2026Q2,2026-06,2026-06-10,2026-06-10,1824,Speech & Language Therapy,no_charge,Patient,A.P,0.0,0.0,0.0,0.0
2219,2026,TY,2026Q2,2026-06,2026-06-10,2026-06-10,1824,Speech & Language Therapy,paid,Texas Children's Health Plan,A.P,80.84,80.84,80.84,0.0
2220,2026,TY,2026Q2,2026-06,2026-06-10,2026-06-10,1825,Speech & Language Therapy,no_charge,Patient,A.P,0.0,0.0,0.0,0.0
2221,2026,TY,2026Q2,2026-06,2026-06-10,2026-06-10,1825,Speech & Language Therapy,paid,Texas Children's Health Plan - CHIP,A.P,80.84,80.84,80.84,0.0
2222,2026,TY,2026Q2,2026-06,2026-06-10,2026-06-10,1827,Speech & Language Therapy - Telehealth,paid,BlueCross BlueShield of Texas,A.P,55.14,55.14,55.14,0.0
2223,2026,TY,2026Q2,2026-06,2026-06-10,2026-06-10,1827,Speech & Language Therapy - Telehealth,paid,Patient,A.P,13.78,13.78,13.78,0.0
2224,2026,TY,2026Q2,2026-06,2026-06-10,2026-06-10,1828,Speech & Language Therapy,no_charge,Patient,A.P,0.0,0.0,0.0,0.0
2225,2026,TY,2026Q2,2026-06,2026-06-10,2026-06-10,1828,Speech & Language Therapy,paid,Texas Children's Health Plan - CHIP,A.P,80.84,80.84,80.84,0.0
2226,2026,TY,2026Q2,2026-06,2026-06-10,2026-06-10,1829,Speech & Language Therapy,no_charge,Patient,A.P,0.0,0.0,0.0,0.0
2227,2026,TY,2026Q2,2026-06,2026-06-10,2026-06-10,1829,Speech & Language Therapy,paid,Texas Children's Health Plan - CHIP,A.P,80.84,80.84,80.84,0.0
2228,2026,TY,2026Q2,2026-06,2026-06-10,2026-06-10,1830,Speech & Language Therapy,paid,BlueCross BlueShield of Texas,A.P,38.92,38.92,38.92,0.0
2229,2026,TY,2026Q2,2026-06,2026-06-10,2026-06-10,1830,Speech & Language Therapy,paid,Patient,A.P,30.0,30.0,30.0,0.0
2230,2026,TY,2026Q2,2026-06,2026-06-10,2026-06-10,1831,Speech & Language Evaluation,paid,BlueCross BlueShield of Texas,J.G,150.19,150.19,150.19,0.0
2231,2026,TY,2026Q2,2026-06,2026-06-10,2026-06-10,1831,Speech & Language Evaluation,paid,Patient,J.G,37.55,37.55,37.55,0.0
2232,2026,TY,2026Q2,2026-06,2026-06-10,2026-06-10,1832,Speech & Language Therapy - Telehealth,no_charge,Patient,K.G,0.0,0.0,0.0,0.0
2233,2026,TY,2026Q2,2026-06,2026-06-10,2026-06-10,1832,Speech & Language Therapy - Telehealth,paid,Texas Children's Health Plan,K.G,64.67,64.67,64.67,0.0
2234,2026,TY,2026Q2,2026-06,2026-06-10,2026-06-10,1833,Speech & Language Therapy - No Show,no_charge,Patient,K.G,0.0,0.0,0.0,0.0
2235,2026,TY,2026Q2,2026-06,2026-06-10,2026-06-10,1834,Speech & Language Therapy,no_charge,Patient,K.G,0.0,0.0,0.0,0.0
2236,2026,TY,2026Q2,2026-06,2026-06-10,2026-06-10,1834,Speech & Language Therapy,paid,Texas Children's Health Plan,K.G,64.67,64.67,64.67,0.0
2237,2026,TY,2026Q2,2026-06,2026-06-10,2026-06-10,1835,Speech & Language Therapy - Telehealth,paid,BlueCross BlueShield of Texas,J.G,18.92,18.92,18.92,0.0
2238,2026,TY,2026Q2,2026-06,2026-06-10,2026-06-10,1835,Speech & Language Therapy - Telehealth,paid,Patient,J.G,50.0,50.0,50.0,0.0
2239,2026,TY,2026Q2,2026-06,2026-06-10,2026-06-10,1836,Speech & Language Therapy - No Show,no_charge,Patient,K.G,0.0,0.0,0.0,0.0
2240,2026,TY,2026Q2,2026-06,2026-06-10,2026-06-10,1837,Speech & Language Therapy,no_charge,Patient,K.G,0.0,0.0,0.0,0.0
2241,2026,TY,2026Q2,2026-06,2026-06-10,2026-06-10,1837,Speech & Language Therapy,paid,Texas Children's Health Plan,K.G,64.67,64.67,64.67,0.0
2242,2026,TY,2026Q2,2026-06,2026-06-10,2026-06-10,1838,Speech & Language Therapy,paid,Patient,K.G,70.0,70.0,70.0,0.0
2243,2026,TY,2026Q2,2026-06,2026-06-11,2026-06-11,1839,Speech & Language Therapy,no_charge,BlueCross BlueShield of Texas,A.P,0.0,0.0,0.0,0.0
2244,2026,TY,2026Q2,2026-06,2026-06-11,2026-06-11,1839,Speech & Language Therapy,paid,Patient,A.P,68.92,68.92,68.92,0.0
2245,2026,TY,2026Q2,2026-06,2026-06-11,2026-06-11,1840,Speech & Language Therapy,paid,BlueCross BlueShield of Texas,A.P,33.92,33.92,33.92,0.0
2246,2026,TY,2026Q2,2026-06,2026-06-11,2026-06-11,1840,Speech & Language Therapy,paid,Patient,A.P,35.0,35.0,35.0,0.0
2247,2026,TY,2026Q2,2026-06,2026-06-11,2026-06-11,1841,Speech & Language Therapy,no_charge,Patient,A.P,0.0,0.0,0.0,0.0
2248,2026,TY,2026Q2,2026-06,2026-06-11,2026-06-11,1841,Speech & Language Therapy,paid,BlueCross BlueShield of Texas,A.P,68.92,68.92,68.92,0.0
2249,2026,TY,2026Q2,2026-06,2026-06-11,2026-06-11,1842,Speech & Language Therapy,no_charge,Patient,E.F,0.0,0.0,0.0,0.0
2250,2026,TY,2026Q2,2026-06,2026-06-11,2026-06-11,1842,Speech & Language Therapy,paid,Texas Children's Health Plan - CHIP,E.F,64.67,64.67,64.67,0.0
2251,2026,TY,2026Q2,2026-06,2026-06-11,2026-06-11,1843,Speech & Language Therapy,no_charge,Patient,E.F,0.0,0.0,0.0,0.0
2252,2026,TY,2026Q2,2026-06,2026-06-11,2026-06-11,1843,Speech & Language Therapy,paid,Texas Children's Health Plan,E.F,64.67,64.67,64.67,0.0
2253,2026,TY,2026Q2,2026-06,2026-06-11,2026-06-11,1844,Speech & Language Therapy,no_charge,Patient,E.F,0.0,0.0,0.0,0.0
2254,2026,TY,2026Q2,2026-06,2026-06-11,2026-06-11,1844,Speech & Language Therapy,paid,Texas Children's Health Plan,E.F,64.67,64.67,64.67,0.0
2255,2026,TY,2026Q2,2026-06,2026-06-11,2026-06-11,1845,Speech & Language Therapy,paid,BlueCross BlueShield of Texas,A.P,38.92,38.92,38.92,0.0
2256,2026,TY,2026Q2,2026-06,2026-06-11,2026-06-11,1845,Speech & Language Therapy,paid,Patient,A.P,30.0,30.0,30.0,0.0
2257,2026,TY,2026Q2,2026-06,2026-06-11,2026-06-11,1846,Speech & Language Therapy,no_charge,Patient,E.F,0.0,0.0,0.0,0.0
2258,2026,TY,2026Q2,2026-06,2026-06-11,2026-06-11,1846,Speech & Language Therapy,paid,Texas Children's Health Plan,E.F,64.67,64.67,64.67,0.0
2259,2026,TY,2026Q2,2026-06,2026-06-11,2026-06-11,1847,Speech & Language Therapy,no_charge,Patient,E.F,0.0,0.0,0.0,0.0
2260,2026,TY,2026Q2,2026-06,2026-06-11,2026-06-11,1847,Speech & Language Therapy,paid,Texas Children's Health Plan,E.F,64.67,64.67,64.67,0.0
2261,2026,TY,2026Q2,2026-06,2026-06-11,2026-06-11,1848,Speech & Language Therapy,no_charge,Patient,E.F,0.0,0.0,0.0,0.0
2262,2026,TY,2026Q2,2026-06,2026-06-11,2026-06-11,1848,Speech & Language Therapy,paid,Community Health Choice,E.F,68.98,68.98,68.98,0.0
2263,2026,TY,2026Q2,2026-06,2026-06-11,2026-06-11,1849,Speech & Language Therapy,no_charge,Patient,E.F,0.0,0.0,0.0,0.0
2264,2026,TY,2026Q2,2026-06,2026-06-11,2026-06-11,1849,Speech & Language Therapy,paid,Texas Children's Health Plan,E.F,64.67,64.67,64.67,0.0
2265,2026,TY,2026Q2,2026-06,2026-06-11,2026-06-11,1850,Speech & Language Therapy,no_charge,Patient,E.F,0.0,0.0,0.0,0.0
2266,2026,TY,2026Q2,2026-06,2026-06-11,2026-06-11,1850,Speech & Language Therapy,paid,Texas Children's Health Plan,E.F,64.67,64.67,64.67,0.0
2267,2026,TY,2026Q2,2026-06,2026-06-11,2026-06-11,1851,Speech & Language Therapy,no_charge,Patient,E.F,0.0,0.0,0.0,0.0
2268,2026,TY,2026Q2,2026-06,2026-06-11,2026-06-11,1851,Speech & Language Therapy,paid,Community Health Choice,E.F,68.98,68.98,68.98,0.0
2269,2026,TY,2026Q2,2026-06,2026-06-11,2026-06-11,1852,Speech & Language Therapy,paid,Patient,J.G,90.0,90.0,90.0,0.0
2270,2026,TY,2026Q2,2026-06,2026-06-11,2026-06-11,1853,Speech & Language Therapy,no_charge,Patient,T.V,0.0,0.0,0.0,0.0
2271,2026,TY,2026Q2,2026-06,2026-06-11,2026-06-11,1853,Speech & Language Therapy,paid,Texas Children's Health Plan,T.V,64.67,64.67,64.67,0.0
2272,2026,TY,2026Q2,2026-06,2026-06-11,2026-06-11,1854,Speech & Language Therapy,no_charge,BlueCross BlueShield of Texas,J.G,0.0,0.0,0.0,0.0
2273,2026,TY,2026Q2,2026-06,2026-06-11,2026-06-11,1854,Speech & Language Therapy,paid,Patient,J.G,68.92,68.92,68.92,0.0
2274,2026,TY,2026Q2,2026-06,2026-06-11,2026-06-11,1855,Speech & Language Therapy,paid,Patient,J.G,90.0,90.0,90.0,0.0
2275,2026,TY,2026Q2,2026-06,2026-06-15,2026-06-15,1856,Speech & Language Therapy - Telehealth - No Show,no_charge,Patient,T.V,0.0,0.0,0.0,0.0
2276,2026,TY,2026Q2,2026-06,2026-06-15,2026-06-15,1857,Speech & Language Therapy,no_charge,Patient,T.V,0.0,0.0,0.0,0.0
2277,2026,TY,2026Q2,2026-06,2026-06-15,2026-06-15,1857,Speech & Language Therapy,paid,Texas Children's Health Plan - CHIP,T.V,64.67,64.67,64.67,0.0
2278,2026,TY,2026Q2,2026-06,2026-06-15,2026-06-15,1858,Speech & Language Therapy,no_charge,Patient,T.V,0.0,0.0,0.0,0.0
2279,2026,TY,2026Q2,2026-06,2026-06-15,2026-06-15,1858,Speech & Language Therapy,paid,Texas Children's Health Plan - CHIP,T.V,64.67,64.67,64.67,0.0
2280,2026,TY,2026Q2,2026-06,2026-06-15,2026-06-15,1859,Speech & Language Therapy,no_charge,Patient,T.V,0.0,0.0,0.0,0.0
2281,2026,TY,2026Q2,2026-06,2026-06-15,2026-06-15,1859,Speech & Language Therapy,paid,Texas Children's Health Plan,T.V,64.67,64.67,64.67,0.0
2282,2026,TY,2026Q2,2026-06,2026-06-15,2026-06-15,1860,Speech & Language Therapy,no_charge,Patient,T.V,0.0,0.0,0.0,0.0
2283,2026,TY,2026Q2,2026-06,2026-06-15,2026-06-15,1860,Speech & Language Therapy,paid,Texas Children's Health Plan,T.V,64.67,64.67,64.67,0.0
2284,2026,TY,2026Q2,2026-06,2026-06-16,2026-06-16,1861,Speech & Language Therapy,no_charge,Patient,E.F,0.0,0.0,0.0,0.0
2285,2026,TY,2026Q2,2026-06,2026-06-16,2026-06-16,1861,Speech & Language Therapy,paid,Community Health Choice,E.F,68.98,68.98,68.98,0.0
2286,2026,TY,2026Q2,2026-06,2026-06-16,2026-06-16,1862,Speech & Language Therapy,no_charge,Patient,E.F,0.0,0.0,0.0,0.0
2287,2026,TY,2026Q2,2026-06,2026-06-16,2026-06-16,1862,Speech & Language Therapy,paid,Texas Children's Health Plan,E.F,64.67,64.67,64.67,0.0
2288,2026,TY,2026Q2,2026-06,2026-06-16,2026-06-16,1863,Speech & Language Therapy,no_charge,Patient,E.F,0.0,0.0,0.0,0.0
2289,2026,TY,2026Q2,2026-06,2026-06-16,2026-06-16,1863,Speech & Language Therapy,paid,Texas Children's Health Plan,E.F,64.67,64.67,64.67,0.0
2290,2026,TY,2026Q2,2026-06,2026-06-16,2026-06-16,1864,Speech & Language Therapy,no_charge,Patient,E.F,0.0,0.0,0.0,0.0
2291,2026,TY,2026Q2,2026-06,2026-06-16,2026-06-16,1864,Speech & Language Therapy,paid,Texas Children's Health Plan,E.F,64.67,64.67,64.67,0.0
2292,2026,TY,2026Q2,2026-06,2026-06-16,2026-06-16,1865,Speech & Language Therapy,no_charge,Patient,E.F,0.0,0.0,0.0,0.0
2293,2026,TY,2026Q2,2026-06,2026-06-16,2026-06-16,1865,Speech & Language Therapy,paid,Texas Children's Health Plan,E.F,64.67,64.67,64.67,0.0
2294,2026,TY,2026Q2,2026-06,2026-06-16,2026-06-16,1866,Speech & Language Therapy,no_charge,Patient,E.F,0.0,0.0,0.0,0.0
2295,2026,TY,2026Q2,2026-06,2026-06-16,2026-06-16,1866,Speech & Language Therapy,paid,Community Health Choice,E.F,68.98,68.98,68.98,0.0
2296,2026,TY,2026Q2,2026-06,2026-06-16,2026-06-16,1867,Speech & Language Therapy,no_charge,Patient,E.F,0.0,0.0,0.0,0.0
2297,2026,TY,2026Q2,2026-06,2026-06-16,2026-06-16,1867,Speech & Language Therapy,paid,Texas Children's Health Plan,E.F,64.67,64.67,64.67,0.0
2298,2026,TY,2026Q2,2026-06,2026-06-16,2026-06-16,1868,Speech & Language Therapy - Telehealth,no_charge,Patient,E.F,0.0,0.0,0.0,0.0
2299,2026,TY,2026Q2,2026-06,2026-06-16,2026-06-16,1868,Speech & Language Therapy - Telehealth,paid,Texas Children's Health Plan,E.F,64.67,64.67,64.67,0.0
2300,2026,TY,2026Q2,2026-06,2026-06-16,2026-06-16,1869,Speech & Language Therapy,paid,Patient,J.G,90.0,90.0,90.0,0.0
2301,2026,TY,2026Q2,2026-06,2026-06-16,2026-06-16,1870,Speech & Language Therapy,no_charge,Patient,T.V,0.0,0.0,0.0,0.0
2302,2026,TY,2026Q2,2026-06,2026-06-16,2026-06-16,1870,Speech & Language Therapy,paid,Texas Children's Health Plan - CHIP,T.V,64.67,64.67,64.67,0.0
2303,2026,TY,2026Q2,2026-06,2026-06-16,2026-06-16,1871,Speech & Language Therapy,no_charge,Patient,T.V,0.0,0.0,0.0,0.0
2304,2026,TY,2026Q2,2026-06,2026-06-16,2026-06-16,1871,Speech & Language Therapy,paid,Texas Children's Health Plan,T.V,64.67,64.67,64.67,0.0
2305,2026,TY,2026Q2,2026-06,2026-06-16,2026-06-16,1872,Speech & Language Therapy,no_charge,Patient,T.V,0.0,0.0,0.0,0.0
2306,2026,TY,2026Q2,2026-06,2026-06-16,2026-06-16,1872,Speech & Language Therapy,paid,Texas Children's Health Plan,T.V,64.67,64.67,64.67,0.0
2307,2026,TY,2026Q2,2026-06,2026-06-16,2026-06-16,1873,Speech & Language Therapy - No Show,no_charge,Patient,T.V,0.0,0.0,0.0,0.0
2308,2026,TY,2026Q2,2026-06,2026-06-16,2026-06-16,1874,Speech & Language Therapy - No Show,no_charge,Patient,T.V,0.0,0.0,0.0,0.0
2309,2026,TY,2026Q2,2026-06,2026-06-16,2026-06-16,1875,Speech & Language Therapy,no_charge,BlueCross BlueShield of Texas,J.G,0.0,0.0,0.0,0.0
2310,2026,TY,2026Q2,2026-06,2026-06-16,2026-06-16,1875,Speech & Language Therapy,paid,Patient,J.G,68.92,68.92,68.92,0.0
2311,2026,TY,2026Q2,2026-06,2026-06-16,2026-06-16,1876,Speech & Language Therapy,paid,Patient,J.G,90.0,90.0,90.0,0.0
2312,2026,TY,2026Q2,2026-06,2026-06-17,2026-06-17,1877,Speech & Language Therapy,no_charge,Patient,E.F,0.0,0.0,0.0,0.0
2313,2026,TY,2026Q2,2026-06,2026-06-17,2026-06-17,1877,Speech & Language Therapy,paid,Texas Children's Health Plan,E.F,64.67,64.67,64.67,0.0
2314,2026,TY,2026Q2,2026-06,2026-06-17,2026-06-17,1878,Speech & Language Therapy,no_charge,Patient,E.F,0.0,0.0,0.0,0.0
2315,2026,TY,2026Q2,2026-06,2026-06-17,2026-06-17,1878,Speech & Language Therapy,paid,Texas Children's Health Plan - CHIP,E.F,64.67,64.67,64.67,0.0
2316,2026,TY,2026Q2,2026-06,2026-06-17,2026-06-17,1879,Speech & Language Therapy,no_charge,Patient,E.F,0.0,0.0,0.0,0.0
2317,2026,TY,2026Q2,2026-06,2026-06-17,2026-06-17,1879,Speech & Language Therapy,paid,Texas Children's Health Plan - CHIP,E.F,64.67,64.67,64.67,0.0
2318,2026,TY,2026Q2,2026-06,2026-06-17,2026-06-17,1880,Speech & Language Therapy,no_charge,Patient,E.F,0.0,0.0,0.0,0.0
2319,2026,TY,2026Q2,2026-06,2026-06-17,2026-06-17,1880,Speech & Language Therapy,paid,Texas Children's Health Plan - CHIP,E.F,64.67,64.67,64.67,0.0
2320,2026,TY,2026Q2,2026-06,2026-06-17,2026-06-17,1881,Speech & Language Therapy - Telehealth,no_charge,Patient,E.F,0.0,0.0,0.0,0.0
2321,2026,TY,2026Q2,2026-06,2026-06-17,2026-06-17,1881,Speech & Language Therapy - Telehealth,paid,Texas Children's Health Plan,E.F,64.67,64.67,64.67,0.0
2322,2026,TY,2026Q2,2026-06,2026-06-17,2026-06-17,1882,Speech & Language Therapy,no_charge,Patient,E.F,0.0,0.0,0.0,0.0
2323,2026,TY,2026Q2,2026-06,2026-06-17,2026-06-17,1882,Speech & Language Therapy,paid,Texas Children's Health Plan,E.F,64.67,64.67,64.67,0.0
2324,2026,TY,2026Q2,2026-06,2026-06-18,2026-06-18,1883,Speech & Language Therapy,no_charge,Patient,E.F,0.0,0.0,0.0,0.0
2325,2026,TY,2026Q2,2026-06,2026-06-18,2026-06-18,1883,Speech & Language Therapy,paid,Texas Children's Health Plan - CHIP,E.F,64.67,64.67,64.67,0.0
2326,2026,TY,2026Q2,2026-06,2026-06-18,2026-06-18,1884,Speech & Language Therapy,no_charge,Patient,E.F,0.0,0.0,0.0,0.0
2327,2026,TY,2026Q2,2026-06,2026-06-18,2026-06-18,1884,Speech & Language Therapy,paid,Texas Children's Health Plan,E.F,64.67,64.67,64.67,0.0
2328,2026,TY,2026Q2,2026-06,2026-06-18,2026-06-18,1885,Speech & Language Therapy,no_charge,Patient,E.F,0.0,0.0,0.0,0.0
2329,2026,TY,2026Q2,2026-06,2026-06-18,2026-06-18,1885,Speech & Language Therapy,paid,Texas Children's Health Plan,E.F,64.67,64.67,64.67,0.0
2330,2026,TY,2026Q2,2026-06,2026-06-18,2026-06-18,1886,Speech & Language Evaluation,no_charge,Patient,A.P,0.0,0.0,0.0,0.0
2331,2026,TY,2026Q2,2026-06,2026-06-18,2026-06-18,1886,Speech & Language Evaluation,paid,Texas Children's Health Plan,A.P,127.36,127.36,127.36,0.0
2332,2026,TY,2026Q2,2026-06,2026-06-18,2026-06-18,1887,Speech & Language Therapy,no_charge,BlueCross BlueShield of Texas,A.P,0.0,0.0,0.0,0.0
2333,2026,TY,2026Q2,2026-06,2026-06-18,2026-06-18,1887,Speech & Language Therapy,paid,Patient,A.P,68.92,68.92,68.92,0.0
2334,2026,TY,2026Q2,2026-06,2026-06-18,2026-06-18,1888,Speech & Language Therapy,paid,BlueCross BlueShield of Texas,A.P,33.92,33.92,33.92,0.0
2335,2026,TY,2026Q2,2026-06,2026-06-18,2026-06-18,1888,Speech & Language Therapy,paid,Patient,A.P,35.0,35.0,35.0,0.0
2336,2026,TY,2026Q2,2026-06,2026-06-18,2026-06-18,1889,Speech & Language Therapy,no_charge,Patient,A.P,0.0,0.0,0.0,0.0
2337,2026,TY,2026Q2,2026-06,2026-06-18,2026-06-18,1889,Speech & Language Therapy,paid,BlueCross BlueShield of Texas,A.P,68.92,68.92,68.92,0.0
2338,2026,TY,2026Q2,2026-06,2026-06-18,2026-06-18,1890,Speech & Language Therapy,paid,BlueCross BlueShield of Texas,A.P,38.92,38.92,38.92,0.0
2339,2026,TY,2026Q2,2026-06,2026-06-18,2026-06-18,1890,Speech & Language Therapy,paid,Patient,A.P,30.0,30.0,30.0,0.0
2340,2026,TY,2026Q2,2026-06,2026-06-18,2026-06-18,1891,Speech & Language Therapy,no_charge,Patient,E.F,0.0,0.0,0.0,0.0
2341,2026,TY,2026Q2,2026-06,2026-06-18,2026-06-18,1891,Speech & Language Therapy,paid,Texas Children's Health Plan,E.F,64.67,64.67,64.67,0.0
2342,2026,TY,2026Q2,2026-06,2026-06-18,2026-06-18,1892,Speech & Language Therapy,no_charge,Patient,E.F,0.0,0.0,0.0,0.0
2343,2026,TY,2026Q2,2026-06,2026-06-18,2026-06-18,1892,Speech & Language Therapy,paid,Texas Children's Health Plan,E.F,64.67,64.67,64.67,0.0
2344,2026,TY,2026Q2,2026-06,2026-06-18,2026-06-18,1893,Speech & Language Therapy,no_charge,Patient,E.F,0.0,0.0,0.0,0.0
2345,2026,TY,2026Q2,2026-06,2026-06-18,2026-06-18,1893,Speech & Language Therapy,paid,Community Health Choice,E.F,68.98,68.98,68.98,0.0
2346,2026,TY,2026Q2,2026-06,2026-06-18,2026-06-18,1894,Speech & Language Therapy,no_charge,Patient,E.F,0.0,0.0,0.0,0.0
2347,2026,TY,2026Q2,2026-06,2026-06-18,2026-06-18,1894,Speech & Language Therapy,paid,Texas Children's Health Plan,E.F,64.67,64.67,64.67,0.0
2348,2026,TY,2026Q2,2026-06,2026-06-18,2026-06-18,1895,Speech & Language Therapy,no_charge,Patient,E.F,0.0,0.0,0.0,0.0
2349,2026,TY,2026Q2,2026-06,2026-06-18,2026-06-18,1895,Speech & Language Therapy,paid,Texas Children's Health Plan,E.F,64.67,64.67,64.67,0.0
2350,2026,TY,2026Q2,2026-06,2026-06-18,2026-06-18,1897,Speech & Language Therapy,no_charge,Patient,E.F,0.0,0.0,0.0,0.0
2351,2026,TY,2026Q2,2026-06,2026-06-18,2026-06-18,1897,Speech & Language Therapy,paid,Community Health Choice,E.F,68.98,68.98,68.98,0.0
2352,2026,TY,2026Q2,2026-06,2026-06-18,2026-06-18,1898,Speech & Language Therapy,no_charge,Patient,T.V,0.0,0.0,0.0,0.0
2353,2026,TY,2026Q2,2026-06,2026-06-18,2026-06-18,1898,Speech & Language Therapy,paid,Texas Children's Health Plan,T.V,64.67,64.67,64.67,0.0
2354,2026,TY,2026Q2,2026-06,2026-06-18,2026-06-18,1899,Speech & Language Therapy,no_charge,Patient,T.V,0.0,0.0,0.0,0.0
2355,2026,TY,2026Q2,2026-06,2026-06-18,2026-06-18,1899,Speech & Language Therapy,paid,Texas Children's Health Plan,T.V,64.67,64.67,64.67,0.0
2356,2026,TY,2026Q2,2026-06,2026-06-18,2026-06-18,1900,Speech & Language Therapy - Telehealth,no_charge,Patient,T.V,0.0,0.0,0.0,0.0
2357,2026,TY,2026Q2,2026-06,2026-06-18,2026-06-18,1900,Speech & Language Therapy - Telehealth,paid,Texas Children's Health Plan,T.V,64.67,64.67,64.67,0.0
2358,2026,TY,2026Q2,2026-06,2026-06-18,2026-06-18,1901,Speech & Language Therapy,no_charge,Patient,T.V,0.0,0.0,0.0,0.0
2359,2026,TY,2026Q2,2026-06,2026-06-18,2026-06-18,1901,Speech & Language Therapy,paid,Texas Children's Health Plan,T.V,64.67,64.67,64.67,0.0
2360,2026,TY,2026Q2,2026-06,2026-06-18,2026-06-18,1902,Speech & Language Therapy,no_charge,Patient,T.V,0.0,0.0,0.0,0.0
2361,2026,TY,2026Q2,2026-06,2026-06-18,2026-06-18,1902,Speech & Language Therapy,paid,Texas Children's Health Plan,T.V,64.67,64.67,64.67,0.0
2362,2026,TY,2026Q2,2026-06,2026-06-18,2026-06-18,1903,Speech & Language Therapy,no_charge,BlueCross BlueShield of Texas,J.G,0.0,0.0,0.0,0.0
2363,2026,TY,2026Q2,2026-06,2026-06-18,2026-06-18,1903,Speech & Language Therapy,paid,Patient,J.G,68.92,68.92,68.92,0.0
2364,2026,TY,2026Q2,2026-06,2026-06-18,2026-06-18,1904,Speech & Language Therapy,no_charge,Patient,T.V,0.0,0.0,0.0,0.0
2365,2026,TY,2026Q2,2026-06,2026-06-18,2026-06-18,1904,Speech & Language Therapy,paid,Texas Children's Health Plan,T.V,64.67,64.67,64.67,0.0
2366,2026,TY,2026Q2,2026-06,2026-06-18,2026-06-18,1905,Speech & Language Therapy,paid,Patient,J.G,90.0,90.0,90.0,0.0
2367,2026,TY,2026Q2,2026-06,2026-06-18,2026-06-18,1906,Speech & Language Therapy,no_charge,Patient,T.V,0.0,0.0,0.0,0.0
2368,2026,TY,2026Q2,2026-06,2026-06-18,2026-06-18,1906,Speech & Language Therapy,no_charge,Texas Children's Health Plan,T.V,0.0,0.0,0.0,0.0
2369,2026,TY,2026Q2,2026-06,2026-06-18,2026-06-18,1906,Speech & Language Therapy,paid,BlueCross BlueShield of Texas,T.V,68.92,68.92,68.92,0.0
2370,2026,TY,2026Q2,2026-06,2026-06-19,2026-06-19,1907,Speech & Language Therapy,no_charge,Patient,A.P,0.0,0.0,0.0,0.0
2371,2026,TY,2026Q2,2026-06,2026-06-19,2026-06-19,1907,Speech & Language Therapy,paid,Texas Children's Health Plan,A.P,80.84,80.84,80.84,0.0
2372,2026,TY,2026Q2,2026-06,2026-06-19,2026-06-19,1908,Speech & Language Therapy,no_charge,BlueCross BlueShield of Texas,A.P,0.0,0.0,0.0,0.0
2373,2026,TY,2026Q2,2026-06,2026-06-19,2026-06-19,1908,Speech & Language Therapy,paid,Patient,A.P,68.92,68.92,68.92,0.0
2374,2026,TY,2026Q2,2026-06,2026-06-19,2026-06-19,1909,Speech & Language Therapy,paid,BlueCross BlueShield of Texas,A.P,38.92,38.92,38.92,0.0
2375,2026,TY,2026Q2,2026-06,2026-06-19,2026-06-19,1909,Speech & Language Therapy,paid,Patient,A.P,30.0,30.0,30.0,0.0
2376,2026,TY,2026Q2,2026-06,2026-06-19,2026-06-19,1910,Speech & Language Therapy,no_charge,Patient,A.P,0.0,0.0,0.0,0.0
2377,2026,TY,2026Q2,2026-06,2026-06-19,2026-06-19,1910,Speech & Language Therapy,paid,Texas Children's Health Plan - CHIP,A.P,80.84,80.84,80.84,0.0
2378,2026,TY,2026Q2,2026-06,2026-06-19,2026-06-19,1911,Speech & Language Therapy,no_charge,Patient,A.P,0.0,0.0,0.0,0.0
2379,2026,TY,2026Q2,2026-06,2026-06-19,2026-06-19,1911,Speech & Language Therapy,paid,Texas Children's Health Plan,A.P,80.84,80.84,80.84,0.0
2380,2026,TY,2026Q2,2026-06,2026-06-19,2026-06-19,1912,Speech & Language Therapy,no_charge,Patient,A.P,0.0,0.0,0.0,0.0
2381,2026,TY,2026Q2,2026-06,2026-06-19,2026-06-19,1912,Speech & Language Therapy,paid,Texas Children's Health Plan,A.P,80.84,80.84,80.84,0.0
2382,2026,TY,2026Q2,2026-06,2026-06-20,2026-06-20,1913,Speech & Language Therapy - No Show,no_charge,Patient,A.P,0.0,0.0,0.0,0.0
2383,2026,TY,2026Q2,2026-06,2026-06-20,2026-06-20,1914,Speech & Language Therapy,no_charge,Patient,A.P,0.0,0.0,0.0,0.0
2384,2026,TY,2026Q2,2026-06,2026-06-20,2026-06-20,1914,Speech & Language Therapy,paid,Texas Children's Health Plan,A.P,80.84,80.84,80.84,0.0
2385,2026,TY,2026Q2,2026-06,2026-06-20,2026-06-20,1915,Speech & Language Therapy - No Show,no_charge,Patient,A.P,0.0,0.0,0.0,0.0
2386,2026,TY,2026Q2,2026-06,2026-06-20,2026-06-20,1916,Speech & Language Therapy - Telehealth,no_charge,Patient,A.P,0.0,0.0,0.0,0.0
2387,2026,TY,2026Q2,2026-06,2026-06-20,2026-06-20,1916,Speech & Language Therapy - Telehealth,paid,Texas Children's Health Plan,A.P,80.84,80.84,80.84,0.0
2388,2026,TY,2026Q2,2026-06,2026-06-20,2026-06-20,1917,Speech & Language Therapy,no_charge,Patient,A.P,0.0,0.0,0.0,0.0
2389,2026,TY,2026Q2,2026-06,2026-06-20,2026-06-20,1917,Speech & Language Therapy,paid,Texas Children's Health Plan,A.P,80.84,80.84,80.84,0.0
2390,2026,TY,2026Q2,2026-06,2026-06-20,2026-06-20,1918,Speech & Language Therapy,no_charge,Patient,A.P,0.0,0.0,0.0,0.0
2391,2026,TY,2026Q2,2026-06,2026-06-20,2026-06-20,1918,Speech & Language Therapy,paid,Texas Children's Health Plan,A.P,80.84,80.84,80.84,0.0
2392,2026,TY,2026Q2,2026-06,2026-06-22,2026-06-22,1919,Speech & Language Therapy,paid,BlueCross BlueShield of Texas,A.P,43.92,43.92,43.92,0.0
2393,2026,TY,2026Q2,2026-06,2026-06-22,2026-06-22,1919,Speech & Language Therapy,paid,Patient,A.P,25.0,25.0,25.0,0.0
2394,2026,TY,2026Q2,2026-06,2026-06-22,2026-06-22,1920,Speech & Language Therapy,no_charge,BlueCross BlueShield of Texas,A.P,0.0,0.0,0.0,0.0
2395,2026,TY,2026Q2,2026-06,2026-06-22,2026-06-22,1920,Speech & Language Therapy,paid,Patient,A.P,68.92,68.92,68.92,0.0
2396,2026,TY,2026Q2,2026-06,2026-06-22,2026-06-22,1921,Speech & Language Therapy,no_charge,Patient,A.P,0.0,0.0,0.0,0.0
2397,2026,TY,2026Q2,2026-06,2026-06-22,2026-06-22,1921,Speech & Language Therapy,paid,Texas Children's Health Plan,A.P,80.84,80.84,80.84,0.0
2398,2026,TY,2026Q2,2026-06,2026-06-22,2026-06-22,1922,Speech & Language Therapy,paid,BlueCross BlueShield of Texas,A.P,38.92,38.92,38.92,0.0
2399,2026,TY,2026Q2,2026-06,2026-06-22,2026-06-22,1922,Speech & Language Therapy,paid,Patient,A.P,30.0,30.0,30.0,0.0
2400,2026,TY,2026Q2,2026-06,2026-06-22,2026-06-22,1923,Speech & Language Therapy,no_charge,Patient,A.P,0.0,0.0,0.0,0.0
2401,2026,TY,2026Q2,2026-06,2026-06-22,2026-06-22,1923,Speech & Language Therapy,paid,Texas Children's Health Plan - CHIP,A.P,80.84,80.84,80.84,0.0
2402,2026,TY,2026Q2,2026-06,2026-06-22,2026-06-22,1924,Speech & Language Therapy,no_charge,Patient,A.P,0.0,0.0,0.0,0.0
2403,2026,TY,2026Q2,2026-06,2026-06-22,2026-06-22,1924,Speech & Language Therapy,paid,Texas Children's Health Plan,A.P,80.84,80.84,80.84,0.0
2404,2026,TY,2026Q2,2026-06,2026-06-22,2026-06-22,1925,Speech & Language Therapy,no_charge,Patient,A.P,0.0,0.0,0.0,0.0
2405,2026,TY,2026Q2,2026-06,2026-06-22,2026-06-22,1925,Speech & Language Therapy,paid,Texas Children's Health Plan - CHIP,A.P,80.84,80.84,80.84,0.0
2406,2026,TY,2026Q2,2026-06,2026-06-22,2026-06-22,1926,Speech & Language Therapy,no_charge,Patient,A.P,0.0,0.0,0.0,0.0
2407,2026,TY,2026Q2,2026-06,2026-06-22,2026-06-22,1926,Speech & Language Therapy,paid,Texas Children's Health Plan - CHIP,A.P,80.84,80.84,80.84,0.0
2408,2026,TY,2026Q2,2026-06,2026-06-22,2026-06-22,1927,Speech & Language Therapy,no_charge,Patient,A.P,0.0,0.0,0.0,0.0
2409,2026,TY,2026Q2,2026-06,2026-06-22,2026-06-22,1927,Speech & Language Therapy,paid,Texas Children's Health Plan,A.P,80.84,80.84,80.84,0.0
2410,2026,TY,2026Q2,2026-06,2026-06-23,2026-06-23,1928,Speech & Language Therapy,no_charge,Patient,E.F,0.0,0.0,0.0,0.0
2411,2026,TY,2026Q2,2026-06,2026-06-23,2026-06-23,1928,Speech & Language Therapy,paid,Community Health Choice,E.F,68.98,68.98,68.98,0.0
2412,2026,TY,2026Q2,2026-06,2026-06-23,2026-06-23,1929,Speech & Language Therapy,no_charge,Patient,E.F,0.0,0.0,0.0,0.0
2413,2026,TY,2026Q2,2026-06,2026-06-23,2026-06-23,1929,Speech & Language Therapy,paid,Texas Children's Health Plan,E.F,64.67,64.67,64.67,0.0
2414,2026,TY,2026Q2,2026-06,2026-06-23,2026-06-23,1930,Speech & Language Therapy,no_charge,Patient,E.F,0.0,0.0,0.0,0.0
2415,2026,TY,2026Q2,2026-06,2026-06-23,2026-06-23,1930,Speech & Language Therapy,paid,Texas Children's Health Plan,E.F,64.67,64.67,64.67,0.0
2416,2026,TY,2026Q2,2026-06,2026-06-23,2026-06-23,1931,Speech & Language Therapy,no_charge,Patient,E.F,0.0,0.0,0.0,0.0
2417,2026,TY,2026Q2,2026-06,2026-06-23,2026-06-23,1931,Speech & Language Therapy,paid,Texas Children's Health Plan,E.F,64.67,64.67,64.67,0.0
2418,2026,TY,2026Q2,2026-06,2026-06-23,2026-06-23,1932,Speech & Language Evaluation,no_charge,Patient,A.P,0.0,0.0,0.0,0.0
2419,2026,TY,2026Q2,2026-06,2026-06-23,2026-06-23,1932,Speech & Language Evaluation,paid,Texas Children's Health Plan,A.P,127.36,127.36,127.36,0.0
2420,2026,TY,2026Q2,2026-06,2026-06-23,2026-06-23,1933,Speech & Language Therapy,no_charge,Patient,E.F,0.0,0.0,0.0,0.0
2421,2026,TY,2026Q2,2026-06,2026-06-23,2026-06-23,1933,Speech & Language Therapy,paid,Texas Children's Health Plan,E.F,64.67,64.67,64.67,0.0
2422,2026,TY,2026Q2,2026-06,2026-06-23,2026-06-23,1934,Speech & Language Therapy,no_charge,Patient,E.F,0.0,0.0,0.0,0.0
2423,2026,TY,2026Q2,2026-06,2026-06-23,2026-06-23,1934,Speech & Language Therapy,paid,Texas Children's Health Plan,E.F,64.67,64.67,64.67,0.0
2424,2026,TY,2026Q2,2026-06,2026-06-23,2026-06-23,1935,Speech & Language Therapy,no_charge,Patient,E.F,0.0,0.0,0.0,0.0
2425,2026,TY,2026Q2,2026-06,2026-06-23,2026-06-23,1935,Speech & Language Therapy,paid,Community Health Choice,E.F,68.98,68.98,68.98,0.0
2426,2026,TY,2026Q2,2026-06,2026-06-23,2026-06-23,1936,Speech & Language Evaluation,no_charge,Patient,A.P,0.0,0.0,0.0,0.0
2427,2026,TY,2026Q2,2026-06,2026-06-23,2026-06-23,1936,Speech & Language Evaluation,paid,Texas Children's Health Plan,A.P,127.36,127.36,127.36,0.0
2428,2026,TY,2026Q2,2026-06,2026-06-23,2026-06-23,1937,Speech & Language Therapy - Telehealth,no_charge,Patient,E.F,0.0,0.0,0.0,0.0
2429,2026,TY,2026Q2,2026-06,2026-06-23,2026-06-23,1937,Speech & Language Therapy - Telehealth,paid,Texas Children's Health Plan,E.F,64.67,64.67,64.67,0.0
2430,2026,TY,2026Q2,2026-06,2026-06-23,2026-06-23,1938,Speech & Language Therapy,paid,Patient,J.G,90.0,90.0,90.0,0.0
2431,2026,TY,2026Q2,2026-06,2026-06-23,2026-06-23,1939,Speech & Language Therapy,no_charge,BlueCross BlueShield of Texas,J.G,0.0,0.0,0.0,0.0
2432,2026,TY,2026Q2,2026-06,2026-06-23,2026-06-23,1939,Speech & Language Therapy,paid,Patient,J.G,68.92,68.92,68.92,0.0
2433,2026,TY,2026Q2,2026-06,2026-06-23,2026-06-23,1940,Speech & Language Therapy,paid,Patient,J.G,90.0,90.0,90.0,0.0
2434,2026,TY,2026Q2,2026-06,2026-06-23,2026-06-23,1941,Speech & Language Therapy,no_charge,Patient,A.P,0.0,0.0,0.0,0.0
2435,2026,TY,2026Q2,2026-06,2026-06-23,2026-06-23,1941,Speech & Language Therapy,paid,Texas Children's Health Plan,A.P,80.84,80.84,80.84,0.0
2436,2026,TY,2026Q2,2026-06,2026-06-24,2026-06-24,1942,Speech & Language Therapy,no_charge,Patient,A.P,0.0,0.0,0.0,0.0
2437,2026,TY,2026Q2,2026-06,2026-06-24,2026-06-24,1942,Speech & Language Therapy,paid,Texas Children's Health Plan,A.P,80.84,80.84,80.84,0.0
2438,2026,TY,2026Q2,2026-06,2026-06-24,2026-06-24,1943,Speech & Language Therapy,no_charge,Patient,A.P,0.0,0.0,0.0,0.0
2439,2026,TY,2026Q2,2026-06,2026-06-24,2026-06-24,1943,Speech & Language Therapy,paid,Texas Children's Health Plan,A.P,80.84,80.84,80.84,0.0
2440,2026,TY,2026Q2,2026-06,2026-06-24,2026-06-24,1944,Speech & Language Therapy,paid,BlueCross BlueShield of Texas,A.P,43.92,43.92,43.92,0.0
2441,2026,TY,2026Q2,2026-06,2026-06-24,2026-06-24,1944,Speech & Language Therapy,paid,Patient,A.P,25.0,25.0,25.0,0.0
2442,2026,TY,2026Q2,2026-06,2026-06-24,2026-06-24,1945,Speech & Language Therapy,no_charge,BlueCross BlueShield of Texas,A.P,0.0,0.0,0.0,0.0
2443,2026,TY,2026Q2,2026-06,2026-06-24,2026-06-24,1945,Speech & Language Therapy,paid,Patient,A.P,68.92,68.92,68.92,0.0
2444,2026,TY,2026Q2,2026-06,2026-06-24,2026-06-24,1946,Speech & Language Therapy,no_charge,Patient,A.P,0.0,0.0,0.0,0.0
2445,2026,TY,2026Q2,2026-06,2026-06-24,2026-06-24,1946,Speech & Language Therapy,paid,Texas Children's Health Plan - CHIP,A.P,80.84,80.84,80.84,0.0
2446,2026,TY,2026Q2,2026-06,2026-06-24,2026-06-24,1947,Speech & Language Evaluation,paid,Patient,J.G,295.0,295.0,295.0,0.0
2447,2026,TY,2026Q2,2026-06,2026-06-24,2026-06-24,1948,Speech & Language Therapy - Telehealth,paid,BlueCross BlueShield of Texas,J.G,18.92,18.92,18.92,0.0
2448,2026,TY,2026Q2,2026-06,2026-06-24,2026-06-24,1948,Speech & Language Therapy - Telehealth,paid,Patient,J.G,50.0,50.0,50.0,0.0
2449,2026,TY,2026Q2,2026-06,2026-06-24,2026-06-24,1949,Speech & Language Therapy - Telehealth,no_charge,Patient,K.G,0.0,0.0,0.0,0.0
2450,2026,TY,2026Q2,2026-06,2026-06-24,2026-06-24,1949,Speech & Language Therapy - Telehealth,paid,Texas Children's Health Plan,K.G,64.67,64.67,64.67,0.0
2451,2026,TY,2026Q2,2026-06,2026-06-24,2026-06-24,1950,Speech & Language Therapy - Telehealth,no_charge,Patient,K.G,0.0,0.0,0.0,0.0
2452,2026,TY,2026Q2,2026-06,2026-06-24,2026-06-24,1950,Speech & Language Therapy - Telehealth,paid,Texas Children's Health Plan,K.G,64.67,64.67,64.67,0.0
2453,2026,TY,2026Q2,2026-06,2026-06-24,2026-06-24,1951,Speech & Language Therapy,no_charge,Patient,K.G,0.0,0.0,0.0,0.0
2454,2026,TY,2026Q2,2026-06,2026-06-24,2026-06-24,1951,Speech & Language Therapy,paid,Texas Children's Health Plan,K.G,64.67,64.67,64.67,0.0
2455,2026,TY,2026Q2,2026-06,2026-06-24,2026-06-24,1952,Speech & Language Therapy,no_charge,Patient,K.G,0.0,0.0,0.0,0.0
2456,2026,TY,2026Q2,2026-06,2026-06-24,2026-06-24,1952,Speech & Language Therapy,paid,Texas Children's Health Plan,K.G,64.67,64.67,64.67,0.0
2457,2026,TY,2026Q2,2026-06,2026-06-24,2026-06-24,1953,Speech & Language Therapy,no_charge,Patient,K.G,0.0,0.0,0.0,0.0
2458,2026,TY,2026Q2,2026-06,2026-06-24,2026-06-24,1953,Speech & Language Therapy,paid,Texas Children's Health Plan,K.G,64.67,64.67,64.67,0.0
2459,2026,TY,2026Q2,2026-06,2026-06-25,2026-06-25,1954,Speech & Language Therapy,no_charge,Patient,E.F,0.0,0.0,0.0,0.0
2460,2026,TY,2026Q2,2026-06,2026-06-25,2026-06-25,1954,Speech & Language Therapy,paid,Texas Children's Health Plan,E.F,64.67,64.67,64.67,0.0
2461,2026,TY,2026Q2,2026-06,2026-06-25,2026-06-25,1955,Speech & Language Therapy,no_charge,Patient,E.F,0.0,0.0,0.0,0.0
2462,2026,TY,2026Q2,2026-06,2026-06-25,2026-06-25,1955,Speech & Language Therapy,paid,Texas Children's Health Plan,E.F,64.67,64.67,64.67,0.0
2463,2026,TY,2026Q2,2026-06,2026-06-25,2026-06-25,1956,Speech & Language Therapy,no_charge,BlueCross BlueShield of Texas,A.P,0.0,0.0,0.0,0.0
2464,2026,TY,2026Q2,2026-06,2026-06-25,2026-06-25,1956,Speech & Language Therapy,paid,Patient,A.P,68.92,68.92,68.92,0.0
2465,2026,TY,2026Q2,2026-06,2026-06-25,2026-06-25,1957,Speech & Language Therapy,paid,BlueCross BlueShield of Texas,A.P,33.92,33.92,33.92,0.0
2466,2026,TY,2026Q2,2026-06,2026-06-25,2026-06-25,1957,Speech & Language Therapy,paid,Patient,A.P,35.0,35.0,35.0,0.0
2467,2026,TY,2026Q2,2026-06,2026-06-25,2026-06-25,1958,Speech & Language Therapy,no_charge,Patient,A.P,0.0,0.0,0.0,0.0
2468,2026,TY,2026Q2,2026-06,2026-06-25,2026-06-25,1958,Speech & Language Therapy,paid,BlueCross BlueShield of Texas,A.P,68.92,68.92,68.92,0.0
2469,2026,TY,2026Q2,2026-06,2026-06-25,2026-06-25,1959,Speech & Language Therapy,paid,BlueCross BlueShield of Texas,A.P,38.92,38.92,38.92,0.0
2470,2026,TY,2026Q2,2026-06,2026-06-25,2026-06-25,1959,Speech & Language Therapy,paid,Patient,A.P,30.0,30.0,30.0,0.0
2471,2026,TY,2026Q2,2026-06,2026-06-25,2026-06-25,1960,Speech & Language Therapy,no_charge,Patient,E.F,0.0,0.0,0.0,0.0
2472,2026,TY,2026Q2,2026-06,2026-06-25,2026-06-25,1960,Speech & Language Therapy,paid,Texas Children's Health Plan,E.F,64.67,64.67,64.67,0.0
2473,2026,TY,2026Q2,2026-06,2026-06-25,2026-06-25,1961,Speech & Language Therapy,no_charge,Patient,E.F,0.0,0.0,0.0,0.0
2474,2026,TY,2026Q2,2026-06,2026-06-25,2026-06-25,1961,Speech & Language Therapy,paid,Texas Children's Health Plan,E.F,64.67,64.67,64.67,0.0
2475,2026,TY,2026Q2,2026-06,2026-06-25,2026-06-25,1962,Speech & Language Therapy,no_charge,Patient,E.F,0.0,0.0,0.0,0.0
2476,2026,TY,2026Q2,2026-06,2026-06-25,2026-06-25,1962,Speech & Language Therapy,paid,Community Health Choice,E.F,68.98,68.98,68.98,0.0
2477,2026,TY,2026Q2,2026-06,2026-06-25,2026-06-25,1963,Speech & Language Therapy,no_charge,Patient,E.F,0.0,0.0,0.0,0.0
2478,2026,TY,2026Q2,2026-06,2026-06-25,2026-06-25,1963,Speech & Language Therapy,paid,Texas Children's Health Plan,E.F,64.67,64.67,64.67,0.0
2479,2026,TY,2026Q2,2026-06,2026-06-25,2026-06-25,1964,Speech & Language Therapy,no_charge,Patient,E.F,0.0,0.0,0.0,0.0
2480,2026,TY,2026Q2,2026-06,2026-06-25,2026-06-25,1964,Speech & Language Therapy,paid,Texas Children's Health Plan,E.F,64.67,64.67,64.67,0.0
2481,2026,TY,2026Q2,2026-06,2026-06-25,2026-06-25,1965,Speech & Language Therapy,no_charge,Patient,E.F,0.0,0.0,0.0,0.0
2482,2026,TY,2026Q2,2026-06,2026-06-25,2026-06-25,1965,Speech & Language Therapy,paid,Community Health Choice,E.F,68.98,68.98,68.98,0.0
2483,2026,TY,2026Q2,2026-06,2026-06-25,2026-06-25,1966,Speech & Language Therapy,no_charge,Patient,E.F,0.0,0.0,0.0,0.0
2484,2026,TY,2026Q2,2026-06,2026-06-25,2026-06-25,1966,Speech & Language Therapy,paid,Texas Children's Health Plan,E.F,64.67,64.67,64.67,0.0
2485,2026,TY,2026Q2,2026-06,2026-06-25,2026-06-25,1967,Speech & Language Therapy,paid,Patient,J.G,90.0,90.0,90.0,0.0
2486,2026,TY,2026Q2,2026-06,2026-06-25,2026-06-25,1968,Speech & Language Therapy - Telehealth,no_charge,Patient,A.P,0.0,0.0,0.0,0.0
2487,2026,TY,2026Q2,2026-06,2026-06-25,2026-06-25,1968,Speech & Language Therapy - Telehealth,paid,Texas Children's Health Plan,A.P,80.84,80.84,80.84,0.0
2488,2026,TY,2026Q2,2026-06,2026-06-25,2026-06-25,1969,Speech & Language Therapy,no_charge,Patient,K.G,0.0,0.0,0.0,0.0
2489,2026,TY,2026Q2,2026-06,2026-06-25,2026-06-25,1969,Speech & Language Therapy,paid,Texas Children's Health Plan,K.G,64.67,64.67,64.67,0.0
2490,2026,TY,2026Q2,2026-06,2026-06-25,2026-06-25,1970,Speech & Language Therapy,no_charge,Patient,K.G,0.0,0.0,0.0,0.0
2491,2026,TY,2026Q2,2026-06,2026-06-25,2026-06-25,1970,Speech & Language Therapy,paid,Texas Children's Health Plan,K.G,64.67,64.67,64.67,0.0
2492,2026,TY,2026Q2,2026-06,2026-06-25,2026-06-25,1971,Speech & Language Therapy,no_charge,BlueCross BlueShield of Texas,J.G,0.0,0.0,0.0,0.0
2493,2026,TY,2026Q2,2026-06,2026-06-25,2026-06-25,1971,Speech & Language Therapy,paid,Patient,J.G,68.92,68.92,68.92,0.0
2494,2026,TY,2026Q2,2026-06,2026-06-25,2026-06-25,1972,Speech & Language Therapy,paid,Patient,J.G,90.0,90.0,90.0,0.0
2495,2026,TY,2026Q2,2026-06,2026-06-25,2026-06-25,1973,Speech & Language Therapy - Home,paid,Patient,K.G,70.0,70.0,70.0,0.0
2496,2026,TY,2026Q2,2026-06,2026-06-26,2026-06-26,1974,Speech & Language Therapy,no_charge,Patient,K.G,0.0,0.0,0.0,0.0
2497,2026,TY,2026Q2,2026-06,2026-06-26,2026-06-26,1974,Speech & Language Therapy,paid,Texas Children's Health Plan,K.G,64.67,64.67,64.67,0.0
2498,2026,TY,2026Q2,2026-06,2026-06-26,2026-06-26,1975,Speech & Language Therapy,paid,Patient,K.G,70.0,70.0,70.0,0.0
2499,2026,TY,2026Q2,2026-06,2026-06-27,2026-06-27,1976,Speech & Language Therapy,paid,Patient,K.G,70.0,70.0,70.0,0.0
2500,2026,TY,2026Q2,2026-06,2026-06-27,2026-06-27,1977,Speech & Language Therapy - No Show,no_charge,Patient,K.G,0.0,0.0,0.0,0.0
2501,2026,TY,2026Q2,2026-06,2026-06-27,2026-06-27,1978,Speech & Language Therapy,no_charge,Patient,K.G,0.0,0.0,0.0,0.0
2502,2026,TY,2026Q2,2026-06,2026-06-27,2026-06-27,1978,Speech & Language Therapy,paid,Texas Children's Health Plan,K.G,64.67,64.67,64.67,0.0
2503,2026,TY,2026Q2,2026-06,2026-06-27,2026-06-27,1979,Speech & Language Therapy,no_charge,Patient,K.G,0.0,0.0,0.0,0.0
2504,2026,TY,2026Q2,2026-06,2026-06-27,2026-06-27,1979,Speech & Language Therapy,paid,UnitedHealthcare - Medicaid,K.G,75.88,75.88,75.88,0.0
2505,2026,TY,2026Q2,2026-06,2026-06-27,2026-06-27,1980,Speech & Language Therapy,no_charge,Patient,K.G,0.0,0.0,0.0,0.0
2506,2026,TY,2026Q2,2026-06,2026-06-27,2026-06-27,1980,Speech & Language Therapy,paid,Texas Children's Health Plan,K.G,64.67,64.67,64.67,0.0
2507,2026,TY,2026Q2,2026-06,2026-06-27,2026-06-27,1981,Speech & Language Therapy,no_charge,Patient,K.G,0.0,0.0,0.0,0.0
2508,2026,TY,2026Q2,2026-06,2026-06-27,2026-06-27,1981,Speech & Language Therapy,paid,Texas Children's Health Plan,K.G,64.67,64.67,64.67,0.0
2509,2026,TY,2026Q2,2026-06,2026-06-29,2026-06-29,1982,Speech & Language Therapy,paid,BlueCross BlueShield of Texas,A.P,43.92,43.92,43.92,0.0
2510,2026,TY,2026Q2,2026-06,2026-06-29,2026-06-29,1982,Speech & Language Therapy,paid,Patient,A.P,25.0,25.0,25.0,0.0
2511,2026,TY,2026Q2,2026-06,2026-06-29,2026-06-29,1983,Speech & Language Therapy,no_charge,Patient,A.P,0.0,0.0,0.0,0.0
2512,2026,TY,2026Q2,2026-06,2026-06-29,2026-06-29,1983,Speech & Language Therapy,paid,Texas Children's Health Plan,A.P,80.84,80.84,80.84,0.0
2513,2026,TY,2026Q2,2026-06,2026-06-29,2026-06-29,1984,Speech & Language Therapy,no_charge,Patient,A.P,0.0,0.0,0.0,0.0
2514,2026,TY,2026Q2,2026-06,2026-06-29,2026-06-29,1984,Speech & Language Therapy,paid,Texas Children's Health Plan,A.P,80.84,80.84,80.84,0.0
2515,2026,TY,2026Q2,2026-06,2026-06-29,2026-06-29,1985,Speech & Language Therapy,paid,BlueCross BlueShield of Texas,A.P,38.92,38.92,38.92,0.0
2516,2026,TY,2026Q2,2026-06,2026-06-29,2026-06-29,1985,Speech & Language Therapy,paid,Patient,A.P,30.0,30.0,30.0,0.0
2517,2026,TY,2026Q2,2026-06,2026-06-29,2026-06-29,1986,Speech & Language Therapy,no_charge,Patient,A.P,0.0,0.0,0.0,0.0
2518,2026,TY,2026Q2,2026-06,2026-06-29,2026-06-29,1986,Speech & Language Therapy,paid,Texas Children's Health Plan - CHIP,A.P,80.84,80.84,80.84,0.0
2519,2026,TY,2026Q2,2026-06,2026-06-29,2026-06-29,1987,Speech & Language Therapy,no_charge,Patient,A.P,0.0,0.0,0.0,0.0
2520,2026,TY,2026Q2,2026-06,2026-06-29,2026-06-29,1987,Speech & Language Therapy,paid,Texas Children's Health Plan,A.P,80.84,80.84,80.84,0.0
2521,2026,TY,2026Q2,2026-06,2026-06-29,2026-06-29,1988,Speech & Language Therapy - Telehealth,no_charge,Patient,T.V,0.0,0.0,0.0,0.0
2522,2026,TY,2026Q2,2026-06,2026-06-29,2026-06-29,1988,Speech & Language Therapy - Telehealth,paid,Texas Children's Health Plan,T.V,64.67,64.67,64.67,0.0
2523,2026,TY,2026Q2,2026-06,2026-06-29,2026-06-29,1989,Speech & Language Therapy,no_charge,Patient,T.V,0.0,0.0,0.0,0.0
2524,2026,TY,2026Q2,2026-06,2026-06-29,2026-06-29,1989,Speech & Language Therapy,paid,Texas Children's Health Plan - CHIP,T.V,64.67,64.67,64.67,0.0
2525,2026,TY,2026Q2,2026-06,2026-06-29,2026-06-29,1990,Speech & Language Therapy,no_charge,Patient,T.V,0.0,0.0,0.0,0.0
2526,2026,TY,2026Q2,2026-06,2026-06-29,2026-06-29,1990,Speech & Language Therapy,paid,Texas Children's Health Plan - CHIP,T.V,64.67,64.67,64.67,0.0
2527,2026,TY,2026Q2,2026-06,2026-06-29,2026-06-29,1991,Speech & Language Therapy,no_charge,Patient,T.V,0.0,0.0,0.0,0.0
2528,2026,TY,2026Q2,2026-06,2026-06-29,2026-06-29,1991,Speech & Language Therapy,paid,Texas Children's Health Plan,T.V,64.67,64.67,64.67,0.0
2529,2026,TY,2026Q2,2026-06,2026-06-29,2026-06-29,1992,Speech & Language Therapy,no_charge,Patient,T.V,0.0,0.0,0.0,0.0
2530,2026,TY,2026Q2,2026-06,2026-06-29,2026-06-29,1992,Speech & Language Therapy,paid,Texas Children's Health Plan,T.V,64.67,64.67,64.67,0.0
2531,2026,TY,2026Q2,2026-06,2026-06-30,2026-06-30,1993,Speech & Language Therapy,no_charge,Patient,E.F,0.0,0.0,0.0,0.0
2532,2026,TY,2026Q2,2026-06,2026-06-30,2026-06-30,1993,Speech & Language Therapy,paid,Community Health Choice,E.F,68.98,68.98,68.98,0.0
2533,2026,TY,2026Q2,2026-06,2026-06-30,2026-06-30,1994,Speech & Language Therapy,no_charge,Patient,E.F,0.0,0.0,0.0,0.0
2534,2026,TY,2026Q2,2026-06,2026-06-30,2026-06-30,1994,Speech & Language Therapy,paid,Texas Children's Health Plan,E.F,64.67,64.67,64.67,0.0
2535,2026,TY,2026Q2,2026-06,2026-06-30,2026-06-30,1995,Speech & Language Therapy,no_charge,Patient,E.F,0.0,0.0,0.0,0.0
2536,2026,TY,2026Q2,2026-06,2026-06-30,2026-06-30,1995,Speech & Language Therapy,paid,Texas Children's Health Plan,E.F,64.67,64.67,64.67,0.0
2537,2026,TY,2026Q2,2026-06,2026-06-30,2026-06-30,1996,Speech & Language Evaluation,paid,BlueCross BlueShield of Texas,J.G,147.74,147.74,147.74,0.0
2538,2026,TY,2026Q2,2026-06,2026-06-30,2026-06-30,1996,Speech & Language Evaluation,paid,Patient,J.G,40.0,40.0,40.0,0.0
2539,2026,TY,2026Q2,2026-06,2026-06-30,2026-06-30,1997,Speech & Language Therapy,no_charge,Patient,E.F,0.0,0.0,0.0,0.0
2540,2026,TY,2026Q2,2026-06,2026-06-30,2026-06-30,1997,Speech & Language Therapy,paid,Texas Children's Health Plan,E.F,64.67,64.67,64.67,0.0
2541,2026,TY,2026Q2,2026-06,2026-06-30,2026-06-30,1998,Speech & Language Therapy,no_charge,Patient,E.F,0.0,0.0,0.0,0.0
2542,2026,TY,2026Q2,2026-06,2026-06-30,2026-06-30,1998,Speech & Language Therapy,paid,Texas Children's Health Plan,E.F,64.67,64.67,64.67,0.0
2543,2026,TY,2026Q2,2026-06,2026-06-30,2026-06-30,1999,Speech & Language Therapy,no_charge,Patient,E.F,0.0,0.0,0.0,0.0
2544,2026,TY,2026Q2,2026-06,2026-06-30,2026-06-30,1999,Speech & Language Therapy,paid,Community Health Choice,E.F,68.98,68.98,68.98,0.0
2545,2026,TY,2026Q2,2026-06,2026-06-30,2026-06-30,2000,Speech & Language Therapy,no_charge,Patient,E.F,0.0,0.0,0.0,0.0
2546,2026,TY,2026Q2,2026-06,2026-06-30,2026-06-30,2000,Speech & Language Therapy,paid,Texas Children's Health Plan,E.F,64.67,64.67,64.67,0.0
2547,2026,TY,2026Q2,2026-06,2026-06-30,2026-06-30,2001,Speech & Language Therapy - Telehealth,no_charge,Patient,E.F,0.0,0.0,0.0,0.0
2548,2026,TY,2026Q2,2026-06,2026-06-30,2026-06-30,2001,Speech & Language Therapy - Telehealth,paid,Texas Children's Health Plan,E.F,64.67,64.67,64.67,0.0
2549,2026,TY,2026Q2,2026-06,2026-06-30,2026-06-30,2002,Speech & Language Therapy,no_charge,Patient,T.V,0.0,0.0,0.0,0.0
2550,2026,TY,2026Q2,2026-06,2026-06-30,2026-06-30,2002,Speech & Language Therapy,paid,Texas Children's Health Plan,T.V,64.67,64.67,64.67,0.0
2551,2026,TY,2026Q2,2026-06,2026-06-30,2026-06-30,2003,Speech & Language Therapy,no_charge,BlueCross BlueShield of Texas,J.G,0.0,0.0,0.0,0.0
2552,2026,TY,2026Q2,2026-06,2026-06-30,2026-06-30,2003,Speech & Language Therapy,paid,Patient,J.G,68.92,68.92,68.92,0.0
2553,2026,TY,2026Q3,2026-07,2026-07-01,2026-07-01,2004,Speech & Language Therapy,paid,BlueCross BlueShield of Texas,A.P,43.92,43.92,43.92,0.0
2554,2026,TY,2026Q3,2026-07,2026-07-01,2026-07-01,2004,Speech & Language Therapy,paid,Patient,A.P,25.0,25.0,25.0,0.0
2555,2026,TY,2026Q3,2026-07,2026-07-01,2026-07-01,2005,Speech & Language Therapy,no_charge,Patient,A.P,0.0,0.0,0.0,0.0
2556,2026,TY,2026Q3,2026-07,2026-07-01,2026-07-01,2005,Speech & Language Therapy,paid,Texas Children's Health Plan,A.P,80.84,80.84,80.84,0.0
2557,2026,TY,2026Q3,2026-07,2026-07-01,2026-07-01,2006,Speech & Language Therapy,paid,BlueCross BlueShield of Texas,A.P,38.92,38.92,38.92,0.0
2558,2026,TY,2026Q3,2026-07,2026-07-01,2026-07-01,2006,Speech & Language Therapy,paid,Patient,A.P,30.0,30.0,30.0,0.0
2559,2026,TY,2026Q3,2026-07,2026-07-01,2026-07-01,2007,Speech & Language Therapy,no_charge,Patient,A.P,0.0,0.0,0.0,0.0
2560,2026,TY,2026Q3,2026-07,2026-07-01,2026-07-01,2007,Speech & Language Therapy,paid,Texas Children's Health Plan - CHIP,A.P,80.84,80.84,80.84,0.0
2561,2026,TY,2026Q3,2026-07,2026-07-01,2026-07-01,2008,Speech & Language Therapy - Telehealth,paid,BlueCross BlueShield of Texas,A.P,55.14,55.14,55.14,0.0
2562,2026,TY,2026Q3,2026-07,2026-07-01,2026-07-01,2008,Speech & Language Therapy - Telehealth,paid,Patient,A.P,13.78,13.78,13.78,0.0
2563,2026,TY,2026Q3,2026-07,2026-07-01,2026-07-01,2009,Speech & Language Therapy,no_charge,Patient,A.P,0.0,0.0,0.0,0.0
2564,2026,TY,2026Q3,2026-07,2026-07-01,2026-07-01,2009,Speech & Language Therapy,paid,Texas Children's Health Plan - CHIP,A.P,80.84,80.84,80.84,0.0
2565,2026,TY,2026Q3,2026-07,2026-07-01,2026-07-01,2010,Speech & Language Therapy,no_charge,Patient,A.P,0.0,0.0,0.0,0.0
2566,2026,TY,2026Q3,2026-07,2026-07-01,2026-07-01,2010,Speech & Language Therapy,paid,Texas Children's Health Plan - CHIP,A.P,80.84,80.84,80.84,0.0
2567,2026,TY,2026Q3,2026-07,2026-07-01,2026-07-01,2011,Speech & Language Therapy,no_charge,Patient,A.P,0.0,0.0,0.0,0.0
2568,2026,TY,2026Q3,2026-07,2026-07-01,2026-07-01,2011,Speech & Language Therapy,paid,Texas Children's Health Plan,A.P,80.84,80.84,80.84,0.0
2569,2026,TY,2026Q3,2026-07,2026-07-01,2026-07-01,2012,Speech & Language Therapy - Telehealth,no_charge,Patient,K.G,0.0,0.0,0.0,0.0
2570,2026,TY,2026Q3,2026-07,2026-07-01,2026-07-01,2012,Speech & Language Therapy - Telehealth,paid,Texas Children's Health Plan,K.G,64.67,64.67,64.67,0.0
2571,2026,TY,2026Q3,2026-07,2026-07-01,2026-07-01,2013,Speech & Language Therapy - Telehealth,no_charge,Patient,K.G,0.0,0.0,0.0,0.0
2572,2026,TY,2026Q3,2026-07,2026-07-01,2026-07-01,2013,Speech & Language Therapy - Telehealth,paid,Texas Children's Health Plan,K.G,64.67,64.67,64.67,0.0
2573,2026,TY,2026Q3,2026-07,2026-07-01,2026-07-01,2014,Speech & Language Therapy,no_charge,Patient,K.G,0.0,0.0,0.0,0.0
2574,2026,TY,2026Q3,2026-07,2026-07-01,2026-07-01,2014,Speech & Language Therapy,paid,Texas Children's Health Plan,K.G,64.67,64.67,64.67,0.0
2575,2026,TY,2026Q3,2026-07,2026-07-01,2026-07-01,2015,Speech & Language Therapy - Telehealth,no_charge,Patient,K.G,0.0,0.0,0.0,0.0
2576,2026,TY,2026Q3,2026-07,2026-07-01,2026-07-01,2015,Speech & Language Therapy - Telehealth,paid,Texas Children's Health Plan,K.G,64.67,64.67,64.67,0.0
2577,2026,TY,2026Q3,2026-07,2026-07-01,2026-07-01,2016,Speech & Language Therapy,no_charge,Patient,K.G,0.0,0.0,0.0,0.0
2578,2026,TY,2026Q3,2026-07,2026-07-01,2026-07-01,2016,Speech & Language Therapy,paid,Texas Children's Health Plan,K.G,64.67,64.67,64.67,0.0
2579,2026,TY,2026Q3,2026-07,2026-07-01,2026-07-01,2017,Speech & Language Therapy,paid,Patient,K.G,70.0,70.0,70.0,0.0
2580,2026,TY,2026Q3,2026-07,2026-07-02,2026-07-02,2018,Speech & Language Therapy,paid,BlueCross BlueShield of Texas,A.P,33.92,33.92,33.92,0.0
2581,2026,TY,2026Q3,2026-07,2026-07-02,2026-07-02,2018,Speech & Language Therapy,paid,Patient,A.P,35.0,35.0,35.0,0.0
2582,2026,TY,2026Q3,2026-07,2026-07-02,2026-07-02,2019,Speech & Language Therapy,no_charge,Patient,E.F,0.0,0.0,0.0,0.0
2583,2026,TY,2026Q3,2026-07,2026-07-02,2026-07-02,2019,Speech & Language Therapy,paid,Texas Children's Health Plan,E.F,64.67,64.67,64.67,0.0
2584,2026,TY,2026Q3,2026-07,2026-07-02,2026-07-02,2020,Speech & Language Therapy,no_charge,Patient,E.F,0.0,0.0,0.0,0.0
2585,2026,TY,2026Q3,2026-07,2026-07-02,2026-07-02,2020,Speech & Language Therapy,paid,Texas Children's Health Plan,E.F,64.67,64.67,64.67,0.0
2586,2026,TY,2026Q3,2026-07,2026-07-02,2026-07-02,2021,Speech & Language Evaluation,no_charge,Patient,A.P,0.0,0.0,0.0,0.0
2587,2026,TY,2026Q3,2026-07,2026-07-02,2026-07-02,2021,Speech & Language Evaluation,paid,Community Health Choice,A.P,135.85,135.85,135.85,0.0
2588,2026,TY,2026Q3,2026-07,2026-07-02,2026-07-02,2022,Speech & Language Therapy,no_charge,Patient,E.F,0.0,0.0,0.0,0.0
2589,2026,TY,2026Q3,2026-07,2026-07-02,2026-07-02,2022,Speech & Language Therapy,paid,Texas Children's Health Plan,E.F,64.67,64.67,64.67,0.0
2590,2026,TY,2026Q3,2026-07,2026-07-02,2026-07-02,2023,Speech & Language Therapy,no_charge,Patient,E.F,0.0,0.0,0.0,0.0
2591,2026,TY,2026Q3,2026-07,2026-07-02,2026-07-02,2023,Speech & Language Therapy,paid,Community Health Choice,E.F,68.98,68.98,68.98,0.0
2592,2026,TY,2026Q3,2026-07,2026-07-02,2026-07-02,2024,Speech & Language Therapy,paid,BlueCross BlueShield of Texas,A.P,24.88,24.88,24.88,0.0
2593,2026,TY,2026Q3,2026-07,2026-07-02,2026-07-02,2024,Speech & Language Therapy,paid,Patient,A.P,44.04,44.04,44.04,0.0
2594,2026,TY,2026Q3,2026-07,2026-07-02,2026-07-02,2025,Speech & Language Therapy,paid,BlueCross BlueShield of Texas,A.P,38.92,38.92,38.92,0.0
2595,2026,TY,2026Q3,2026-07,2026-07-02,2026-07-02,2025,Speech & Language Therapy,paid,Patient,A.P,30.0,30.0,30.0,0.0
2596,2026,TY,2026Q3,2026-07,2026-07-02,2026-07-02,2026,Speech & Language Evaluation,no_charge,Patient,A.P,0.0,0.0,0.0,0.0
2597,2026,TY,2026Q3,2026-07,2026-07-02,2026-07-02,2026,Speech & Language Evaluation,paid,Texas Children's Health Plan,A.P,127.36,127.36,127.36,0.0
2598,2026,TY,2026Q3,2026-07,2026-07-02,2026-07-02,2027,Speech & Language Therapy,no_charge,Patient,E.F,0.0,0.0,0.0,0.0
2599,2026,TY,2026Q3,2026-07,2026-07-02,2026-07-02,2027,Speech & Language Therapy,paid,Texas Children's Health Plan,E.F,64.67,64.67,64.67,0.0
2600,2026,TY,2026Q3,2026-07,2026-07-02,2026-07-02,2028,Speech & Language Therapy,no_charge,Patient,E.F,0.0,0.0,0.0,0.0
2601,2026,TY,2026Q3,2026-07,2026-07-02,2026-07-02,2028,Speech & Language Therapy,paid,Texas Children's Health Plan,E.F,64.67,64.67,64.67,0.0
2602,2026,TY,2026Q3,2026-07,2026-07-02,2026-07-02,2029,Speech & Language Therapy,no_charge,Patient,E.F,0.0,0.0,0.0,0.0
2603,2026,TY,2026Q3,2026-07,2026-07-02,2026-07-02,2029,Speech & Language Therapy,paid,Community Health Choice,E.F,68.98,68.98,68.98,0.0
2604,2026,TY,2026Q3,2026-07,2026-07-02,2026-07-02,2030,Speech & Language Therapy,no_charge,Patient,E.F,0.0,0.0,0.0,0.0
2605,2026,TY,2026Q3,2026-07,2026-07-02,2026-07-02,2030,Speech & Language Therapy,paid,Texas Children's Health Plan,E.F,64.67,64.67,64.67,0.0
2606,2026,TY,2026Q3,2026-07,2026-07-02,2026-07-02,2031,Speech & Language Therapy,no_charge,BlueCross BlueShield of Texas,J.G,0.0,0.0,0.0,0.0
2607,2026,TY,2026Q3,2026-07,2026-07-02,2026-07-02,2031,Speech & Language Therapy,paid,Patient,J.G,68.92,68.92,68.92,0.0
2608,2026,TY,2026Q3,2026-07,2026-07-02,2026-07-02,2032,Speech & Language Therapy,no_charge,Patient,T.V,0.0,0.0,0.0,0.0
2609,2026,TY,2026Q3,2026-07,2026-07-02,2026-07-02,2032,Speech & Language Therapy,paid,Texas Children's Health Plan,T.V,64.67,64.67,64.67,0.0
2610,2026,TY,2026Q3,2026-07,2026-07-02,2026-07-02,2033,Speech & Language Therapy,no_charge,Patient,T.V,0.0,0.0,0.0,0.0
2611,2026,TY,2026Q3,2026-07,2026-07-02,2026-07-02,2033,Speech & Language Therapy,paid,Texas Children's Health Plan,T.V,64.67,64.67,64.67,0.0
2612,2026,TY,2026Q3,2026-07,2026-07-02,2026-07-02,2034,Speech & Language Therapy - No Show,no_charge,Patient,T.V,0.0,0.0,0.0,0.0
2613,2026,TY,2026Q3,2026-07,2026-07-02,2026-07-02,2035,Speech & Language Therapy - No Show,no_charge,Patient,T.V,0.0,0.0,0.0,0.0
2614,2026,TY,2026Q3,2026-07,2026-07-04,2026-07-04,2036,Speech & Language Therapy,paid,Patient,K.G,70.0,70.0,70.0,0.0
2615,2026,TY,2026Q3,2026-07,2026-07-04,2026-07-04,2037,Speech & Language Therapy,paid,Patient,K.G,70.0,70.0,70.0,0.0
2616,2026,TY,2026Q3,2026-07,2026-07-04,2026-07-04,2038,Speech & Language Therapy,no_charge,Patient,K.G,0.0,0.0,0.0,0.0
2617,2026,TY,2026Q3,2026-07,2026-07-04,2026-07-04,2038,Speech & Language Therapy,paid,Texas Children's Health Plan,K.G,64.67,64.67,64.67,0.0
2618,2026,TY,2026Q3,2026-07,2026-07-04,2026-07-04,2039,Speech & Language Therapy,no_charge,Patient,K.G,0.0,0.0,0.0,0.0
2619,2026,TY,2026Q3,2026-07,2026-07-04,2026-07-04,2039,Speech & Language Therapy,paid,Texas Children's Health Plan,K.G,64.67,64.67,64.67,0.0
2620,2026,TY,2026Q3,2026-07,2026-07-06,2026-07-06,2040,Speech & Language Therapy,no_charge,Patient,E.F,0.0,0.0,0.0,0.0
2621,2026,TY,2026Q3,2026-07,2026-07-06,2026-07-06,2040,Speech & Language Therapy,paid,Community Health Choice,E.F,68.98,68.98,68.98,0.0
2622,2026,TY,2026Q3,2026-07,2026-07-06,2026-07-06,2041,Speech & Language Therapy,no_charge,Patient,E.F,0.0,0.0,0.0,0.0
2623,2026,TY,2026Q3,2026-07,2026-07-06,2026-07-06,2041,Speech & Language Therapy,paid,Texas Children's Health Plan,E.F,64.67,64.67,64.67,0.0
2624,2026,TY,2026Q3,2026-07,2026-07-06,2026-07-06,2042,Speech & Language Therapy,no_charge,Patient,E.F,0.0,0.0,0.0,0.0
2625,2026,TY,2026Q3,2026-07,2026-07-06,2026-07-06,2042,Speech & Language Therapy,paid,Texas Children's Health Plan,E.F,64.67,64.67,64.67,0.0
2626,2026,TY,2026Q3,2026-07,2026-07-06,2026-07-06,2043,Speech & Language Therapy,no_charge,Patient,E.F,0.0,0.0,0.0,0.0
2627,2026,TY,2026Q3,2026-07,2026-07-06,2026-07-06,2043,Speech & Language Therapy,paid,Texas Children's Health Plan,E.F,64.67,64.67,64.67,0.0
2628,2026,TY,2026Q3,2026-07,2026-07-06,2026-07-06,2044,Speech & Language Therapy,no_charge,Patient,E.F,0.0,0.0,0.0,0.0
2629,2026,TY,2026Q3,2026-07,2026-07-06,2026-07-06,2044,Speech & Language Therapy,paid,Community Health Choice,E.F,68.98,68.98,68.98,0.0
2630,2026,TY,2026Q3,2026-07,2026-07-06,2026-07-06,2045,Speech & Language Therapy,no_charge,Patient,E.F,0.0,0.0,0.0,0.0
2631,2026,TY,2026Q3,2026-07,2026-07-06,2026-07-06,2045,Speech & Language Therapy,paid,Texas Children's Health Plan,E.F,64.67,64.67,64.67,0.0
2632,2026,TY,2026Q3,2026-07,2026-07-06,2026-07-06,2046,Speech & Language Therapy,no_charge,Patient,E.F,0.0,0.0,0.0,0.0
2633,2026,TY,2026Q3,2026-07,2026-07-06,2026-07-06,2046,Speech & Language Therapy,paid,Texas Children's Health Plan,E.F,64.67,64.67,64.67,0.0
2634,2026,TY,2026Q3,2026-07,2026-07-06,2026-07-06,2047,Speech & Language Therapy - Telehealth,no_charge,Patient,T.V,0.0,0.0,0.0,0.0
2635,2026,TY,2026Q3,2026-07,2026-07-06,2026-07-06,2047,Speech & Language Therapy - Telehealth,paid,Texas Children's Health Plan,T.V,64.67,64.67,64.67,0.0
2636,2026,TY,2026Q3,2026-07,2026-07-06,2026-07-06,2048,Speech & Language Therapy,no_charge,Patient,T.V,0.0,0.0,0.0,0.0
2637,2026,TY,2026Q3,2026-07,2026-07-06,2026-07-06,2048,Speech & Language Therapy,paid,Texas Children's Health Plan - CHIP,T.V,64.67,64.67,64.67,0.0
2638,2026,TY,2026Q3,2026-07,2026-07-06,2026-07-06,2049,Speech & Language Therapy,no_charge,Patient,T.V,0.0,0.0,0.0,0.0
2639,2026,TY,2026Q3,2026-07,2026-07-06,2026-07-06,2049,Speech & Language Therapy,paid,Texas Children's Health Plan - CHIP,T.V,64.67,64.67,64.67,0.0
2640,2026,TY,2026Q3,2026-07,2026-07-06,2026-07-06,2050,Speech & Language Therapy,no_charge,Patient,T.V,0.0,0.0,0.0,0.0
2641,2026,TY,2026Q3,2026-07,2026-07-06,2026-07-06,2050,Speech & Language Therapy,paid,Texas Children's Health Plan,T.V,64.67,64.67,64.67,0.0
2642,2026,TY,2026Q3,2026-07,2026-07-06,2026-07-06,2051,Speech & Language Therapy - No Show,no_charge,Patient,T.V,0.0,0.0,0.0,0.0
2643,2026,TY,2026Q3,2026-07,2026-07-07,2026-07-07,2052,Speech & Language Therapy,no_charge,Patient,T.V,0.0,0.0,0.0,0.0
2644,2026,TY,2026Q3,2026-07,2026-07-07,2026-07-07,2052,Speech & Language Therapy,paid,Texas Children's Health Plan,T.V,64.67,64.67,64.67,0.0
2645,2026,TY,2026Q3,2026-07,2026-07-07,2026-07-07,2053,Speech & Language Therapy,no_charge,Patient,T.V,0.0,0.0,0.0,0.0
2646,2026,TY,2026Q3,2026-07,2026-07-07,2026-07-07,2053,Speech & Language Therapy,paid,Texas Children's Health Plan,T.V,64.67,64.67,64.67,0.0
2647,2026,TY,2026Q3,2026-07,2026-07-07,2026-07-07,2054,Speech & Language Therapy,no_charge,Patient,T.V,0.0,0.0,0.0,0.0
2648,2026,TY,2026Q3,2026-07,2026-07-07,2026-07-07,2054,Speech & Language Therapy,paid,Texas Children's Health Plan - CHIP,T.V,64.67,64.67,64.67,0.0
2649,2026,TY,2026Q3,2026-07,2026-07-07,2026-07-07,2055,Speech & Language Therapy,no_charge,BlueCross BlueShield of Texas,J.G,0.0,0.0,0.0,0.0
2650,2026,TY,2026Q3,2026-07,2026-07-07,2026-07-07,2055,Speech & Language Therapy,paid,Patient,J.G,68.92,68.92,68.92,0.0
2651,2026,TY,2026Q3,2026-07,2026-07-07,2026-07-07,2056,Speech & Language Therapy,no_charge,Patient,T.V,0.0,0.0,0.0,0.0
2652,2026,TY,2026Q3,2026-07,2026-07-07,2026-07-07,2056,Speech & Language Therapy,paid,Texas Children's Health Plan,T.V,64.67,64.67,64.67,0.0
2653,2026,TY,2026Q3,2026-07,2026-07-07,2026-07-07,2057,Speech & Language Therapy,no_charge,Patient,T.V,0.0,0.0,0.0,0.0
2654,2026,TY,2026Q3,2026-07,2026-07-07,2026-07-07,2057,Speech & Language Therapy,no_charge,Texas Children's Health Plan,T.V,0.0,0.0,0.0,0.0
2655,2026,TY,2026Q3,2026-07,2026-07-07,2026-07-07,2057,Speech & Language Therapy,paid,BlueCross BlueShield of Texas,T.V,68.92,68.92,68.92,0.0
2656,2026,TY,2026Q3,2026-07,2026-07-08,2026-07-08,2058,Speech & Language Therapy - Telehealth,no_charge,Patient,K.G,0.0,0.0,0.0,0.0
2657,2026,TY,2026Q3,2026-07,2026-07-08,2026-07-08,2058,Speech & Language Therapy - Telehealth,paid,Texas Children's Health Plan,K.G,64.67,64.67,64.67,0.0
2658,2026,TY,2026Q3,2026-07,2026-07-08,2026-07-08,2059,Speech & Language Therapy - Telehealth,no_charge,Patient,K.G,0.0,0.0,0.0,0.0
2659,2026,TY,2026Q3,2026-07,2026-07-08,2026-07-08,2059,Speech & Language Therapy - Telehealth,paid,Texas Children's Health Plan,K.G,64.67,64.67,64.67,0.0
2660,2026,TY,2026Q3,2026-07,2026-07-08,2026-07-08,2060,Speech & Language Therapy - Telehealth,paid,BlueCross BlueShield of Texas,J.G,18.92,18.92,18.92,0.0
2661,2026,TY,2026Q3,2026-07,2026-07-08,2026-07-08,2060,Speech & Language Therapy - Telehealth,paid,Patient,J.G,50.0,50.0,50.0,0.0
2662,2026,TY,2026Q3,2026-07,2026-07-08,2026-07-08,2061,Speech & Language Therapy,no_charge,Patient,K.G,0.0,0.0,0.0,0.0
2663,2026,TY,2026Q3,2026-07,2026-07-08,2026-07-08,2061,Speech & Language Therapy,paid,Texas Children's Health Plan,K.G,64.67,64.67,64.67,0.0
2664,2026,TY,2026Q3,2026-07,2026-07-08,2026-07-08,2062,Speech & Language Therapy,no_charge,Patient,K.G,0.0,0.0,0.0,0.0
2665,2026,TY,2026Q3,2026-07,2026-07-08,2026-07-08,2062,Speech & Language Therapy,paid,Texas Children's Health Plan,K.G,64.67,64.67,64.67,0.0
2666,2026,TY,2026Q3,2026-07,2026-07-08,2026-07-08,2063,Speech & Language Therapy - No Show,no_charge,Patient,K.G,0.0,0.0,0.0,0.0
2667,2026,TY,2026Q3,2026-07,2026-07-09,2026-07-09,2064,Speech & Language Therapy,no_charge,Patient,E.F,0.0,0.0,0.0,0.0
2668,2026,TY,2026Q3,2026-07,2026-07-09,2026-07-09,2064,Speech & Language Therapy,paid,Texas Children's Health Plan - CHIP,E.F,64.67,64.67,64.67,0.0
2669,2026,TY,2026Q3,2026-07,2026-07-09,2026-07-09,2065,Speech & Language Therapy,no_charge,Patient,E.F,0.0,0.0,0.0,0.0
2670,2026,TY,2026Q3,2026-07,2026-07-09,2026-07-09,2065,Speech & Language Therapy,paid,Texas Children's Health Plan,E.F,64.67,64.67,64.67,0.0
2671,2026,TY,2026Q3,2026-07,2026-07-09,2026-07-09,2066,Speech & Language Therapy,no_charge,Patient,E.F,0.0,0.0,0.0,0.0
2672,2026,TY,2026Q3,2026-07,2026-07-09,2026-07-09,2066,Speech & Language Therapy,paid,Texas Children's Health Plan,E.F,64.67,64.67,64.67,0.0
2673,2026,TY,2026Q3,2026-07,2026-07-09,2026-07-09,2067,Speech & Language Therapy,no_charge,Patient,E.F,0.0,0.0,0.0,0.0
2674,2026,TY,2026Q3,2026-07,2026-07-09,2026-07-09,2067,Speech & Language Therapy,paid,Texas Children's Health Plan,E.F,64.67,64.67,64.67,0.0
2675,2026,TY,2026Q3,2026-07,2026-07-09,2026-07-09,2068,Speech & Language Therapy,no_charge,Patient,E.F,0.0,0.0,0.0,0.0
2676,2026,TY,2026Q3,2026-07,2026-07-09,2026-07-09,2068,Speech & Language Therapy,paid,Community Health Choice,E.F,86.22,86.22,86.22,0.0
2677,2026,TY,2026Q3,2026-07,2026-07-09,2026-07-09,2069,Speech & Language Therapy,no_charge,Patient,E.F,0.0,0.0,0.0,0.0
2678,2026,TY,2026Q3,2026-07,2026-07-09,2026-07-09,2069,Speech & Language Therapy,paid,Community Health Choice,E.F,68.98,68.98,68.98,0.0
2679,2026,TY,2026Q3,2026-07,2026-07-09,2026-07-09,2070,Speech & Language Therapy,no_charge,Patient,E.F,0.0,0.0,0.0,0.0
2680,2026,TY,2026Q3,2026-07,2026-07-09,2026-07-09,2070,Speech & Language Therapy,paid,Texas Children's Health Plan,E.F,64.67,64.67,64.67,0.0
2681,2026,TY,2026Q3,2026-07,2026-07-09,2026-07-09,2071,Speech & Language Therapy - Telehealth,no_charge,Patient,T.V,0.0,0.0,0.0,0.0
2682,2026,TY,2026Q3,2026-07,2026-07-09,2026-07-09,2071,Speech & Language Therapy - Telehealth,paid,Texas Children's Health Plan,T.V,64.67,64.67,64.67,0.0
2683,2026,TY,2026Q3,2026-07,2026-07-09,2026-07-09,2072,Speech & Language Therapy,no_charge,Patient,T.V,0.0,0.0,0.0,0.0
2684,2026,TY,2026Q3,2026-07,2026-07-09,2026-07-09,2072,Speech & Language Therapy,paid,Texas Children's Health Plan,T.V,64.67,64.67,64.67,0.0
2685,2026,TY,2026Q3,2026-07,2026-07-09,2026-07-09,2073,Speech & Language Therapy,no_charge,Patient,K.G,0.0,0.0,0.0,0.0
2686,2026,TY,2026Q3,2026-07,2026-07-09,2026-07-09,2073,Speech & Language Therapy,paid,Texas Children's Health Plan,K.G,64.67,64.67,64.67,0.0
2687,2026,TY,2026Q3,2026-07,2026-07-09,2026-07-09,2074,Speech & Language Therapy,no_charge,Patient,K.G,0.0,0.0,0.0,0.0
2688,2026,TY,2026Q3,2026-07,2026-07-09,2026-07-09,2074,Speech & Language Therapy,paid,Texas Children's Health Plan,K.G,64.67,64.67,64.67,0.0
2689,2026,TY,2026Q3,2026-07,2026-07-09,2026-07-09,2075,Speech & Language Therapy - No Show,no_charge,Patient,T.V,0.0,0.0,0.0,0.0
2690,2026,TY,2026Q3,2026-07,2026-07-09,2026-07-09,2076,Speech & Language Therapy,no_charge,Patient,T.V,0.0,0.0,0.0,0.0
2691,2026,TY,2026Q3,2026-07,2026-07-09,2026-07-09,2076,Speech & Language Therapy,paid,Texas Children's Health Plan,T.V,64.67,64.67,64.67,0.0
2692,2026,TY,2026Q3,2026-07,2026-07-09,2026-07-09,2077,Speech & Language Therapy,no_charge,BlueCross BlueShield of Texas,J.G,0.0,0.0,0.0,0.0
2693,2026,TY,2026Q3,2026-07,2026-07-09,2026-07-09,2077,Speech & Language Therapy,paid,Patient,J.G,68.92,68.92,68.92,0.0
2694,2026,TY,2026Q3,2026-07,2026-07-09,2026-07-09,2078,Speech & Language Therapy,no_charge,Patient,T.V,0.0,0.0,0.0,0.0
2695,2026,TY,2026Q3,2026-07,2026-07-09,2026-07-09,2078,Speech & Language Therapy,no_charge,Texas Children's Health Plan,T.V,0.0,0.0,0.0,0.0
2696,2026,TY,2026Q3,2026-07,2026-07-09,2026-07-09,2078,Speech & Language Therapy,paid,BlueCross BlueShield of Texas,T.V,68.92,68.92,68.92,0.0
2697,2026,TY,2026Q3,2026-07,2026-07-10,2026-07-10,2079,Speech & Language Therapy,no_charge,Patient,K.G,0.0,0.0,0.0,0.0
2698,2026,TY,2026Q3,2026-07,2026-07-10,2026-07-10,2079,Speech & Language Therapy,paid,Texas Children's Health Plan,K.G,64.67,64.67,64.67,0.0
2699,2026,TY,2026Q3,2026-07,2026-07-10,2026-07-10,2080,Speech & Language Therapy,no_charge,Patient,K.G,0.0,0.0,0.0,0.0
2700,2026,TY,2026Q3,2026-07,2026-07-10,2026-07-10,2080,Speech & Language Therapy,paid,Texas Children's Health Plan,K.G,64.67,64.67,64.67,0.0
2701,2026,TY,2026Q3,2026-07,2026-07-10,2026-07-10,2081,Speech & Language Therapy,paid,Patient,K.G,70.0,70.0,70.0,0.0
2702,2026,TY,2026Q3,2026-07,2026-07-11,2026-07-11,2082,Speech & Language Therapy,paid,Patient,K.G,70.0,70.0,70.0,0.0
2703,2026,TY,2026Q3,2026-07,2026-07-11,2026-07-11,2083,Speech & Language Therapy,no_charge,Patient,K.G,0.0,0.0,0.0,0.0
2704,2026,TY,2026Q3,2026-07,2026-07-11,2026-07-11,2083,Speech & Language Therapy,paid,Texas Children's Health Plan,K.G,64.67,64.67,64.67,0.0
2705,2026,TY,2026Q3,2026-07,2026-07-11,2026-07-11,2084,Speech & Language Therapy,no_charge,Patient,K.G,0.0,0.0,0.0,0.0
2706,2026,TY,2026Q3,2026-07,2026-07-11,2026-07-11,2084,Speech & Language Therapy,paid,Texas Children's Health Plan,K.G,64.67,64.67,64.67,0.0
2707,2026,TY,2026Q3,2026-07,2026-07-11,2026-07-11,2085,Speech & Language Therapy - Telehealth - No Show,no_charge,Patient,K.G,0.0,0.0,0.0,0.0
2708,2026,TY,2026Q3,2026-07,2026-07-11,2026-07-11,2086,Speech & Language Therapy - No Show,no_charge,Patient,K.G,0.0,0.0,0.0,0.0
2709,2026,TY,2026Q3,2026-07,2026-07-11,2026-07-11,2087,Speech & Language Therapy,no_charge,Patient,K.G,0.0,0.0,0.0,0.0
2710,2026,TY,2026Q3,2026-07,2026-07-11,2026-07-11,2087,Speech & Language Therapy,paid,Texas Children's Health Plan,K.G,64.67,64.67,64.67,0.0
2711,2026,TY,2026Q3,2026-07,2026-07-13,2026-07-13,2088,Speech & Language Therapy - Telehealth,no_charge,Patient,T.V,0.0,0.0,0.0,0.0
2712,2026,TY,2026Q3,2026-07,2026-07-13,2026-07-13,2088,Speech & Language Therapy - Telehealth,paid,Texas Children's Health Plan,T.V,64.67,64.67,64.67,0.0
2713,2026,TY,2026Q3,2026-07,2026-07-13,2026-07-13,2089,Speech & Language Therapy,no_charge,Patient,T.V,0.0,0.0,0.0,0.0
2714,2026,TY,2026Q3,2026-07,2026-07-13,2026-07-13,2089,Speech & Language Therapy,paid,Texas Children's Health Plan - CHIP,T.V,64.67,64.67,64.67,0.0
2715,2026,TY,2026Q3,2026-07,2026-07-13,2026-07-13,2090,Speech & Language Therapy,no_charge,Patient,T.V,0.0,0.0,0.0,0.0
2716,2026,TY,2026Q3,2026-07,2026-07-13,2026-07-13,2090,Speech & Language Therapy,paid,Texas Children's Health Plan - CHIP,T.V,64.67,64.67,64.67,0.0
2717,2026,TY,2026Q3,2026-07,2026-07-13,2026-07-13,2091,Speech & Language Therapy,no_charge,Patient,T.V,0.0,0.0,0.0,0.0
2718,2026,TY,2026Q3,2026-07,2026-07-13,2026-07-13,2091,Speech & Language Therapy,paid,Texas Children's Health Plan,T.V,64.67,64.67,64.67,0.0
2719,2026,TY,2026Q3,2026-07,2026-07-13,2026-07-13,2092,Speech & Language Therapy,no_charge,Patient,T.V,0.0,0.0,0.0,0.0
2720,2026,TY,2026Q3,2026-07,2026-07-13,2026-07-13,2092,Speech & Language Therapy,paid,Texas Children's Health Plan,T.V,64.67,64.67,64.67,0.0
2721,2026,TY,2026Q3,2026-07,2026-07-14,2026-07-14,2093,Speech & Language Therapy,no_charge,Patient,E.F,0.0,0.0,0.0,0.0
2722,2026,TY,2026Q3,2026-07,2026-07-14,2026-07-14,2093,Speech & Language Therapy,paid,Community Health Choice,E.F,68.98,68.98,68.98,0.0
2723,2026,TY,2026Q3,2026-07,2026-07-14,2026-07-14,2094,Speech & Language Therapy,no_charge,Patient,E.F,0.0,0.0,0.0,0.0
2724,2026,TY,2026Q3,2026-07,2026-07-14,2026-07-14,2094,Speech & Language Therapy,paid,Texas Children's Health Plan,E.F,64.67,64.67,64.67,0.0
2725,2026,TY,2026Q3,2026-07,2026-07-14,2026-07-14,2095,Speech & Language Therapy,no_charge,Patient,E.F,0.0,0.0,0.0,0.0
2726,2026,TY,2026Q3,2026-07,2026-07-14,2026-07-14,2095,Speech & Language Therapy,paid,Texas Children's Health Plan,E.F,64.67,64.67,64.67,0.0
2727,2026,TY,2026Q3,2026-07,2026-07-14,2026-07-14,2096,Speech & Language Therapy,no_charge,Patient,E.F,0.0,0.0,0.0,0.0
2728,2026,TY,2026Q3,2026-07,2026-07-14,2026-07-14,2096,Speech & Language Therapy,paid,Texas Children's Health Plan,E.F,64.67,64.67,64.67,0.0
2729,2026,TY,2026Q3,2026-07,2026-07-14,2026-07-14,2097,Speech & Language Therapy,no_charge,Patient,E.F,0.0,0.0,0.0,0.0
2730,2026,TY,2026Q3,2026-07,2026-07-14,2026-07-14,2097,Speech & Language Therapy,paid,Texas Children's Health Plan,E.F,64.67,64.67,64.67,0.0
2731,2026,TY,2026Q3,2026-07,2026-07-14,2026-07-14,2098,Speech & Language Therapy,no_charge,Patient,E.F,0.0,0.0,0.0,0.0
2732,2026,TY,2026Q3,2026-07,2026-07-14,2026-07-14,2098,Speech & Language Therapy,paid,Texas Children's Health Plan,E.F,64.67,64.67,64.67,0.0
2733,2026,TY,2026Q3,2026-07,2026-07-14,2026-07-14,2099,Speech & Language Therapy - Telehealth,no_charge,Patient,E.F,0.0,0.0,0.0,0.0
2734,2026,TY,2026Q3,2026-07,2026-07-14,2026-07-14,2099,Speech & Language Therapy - Telehealth,paid,Texas Children's Health Plan,E.F,64.67,64.67,64.67,0.0
2735,2026,TY,2026Q3,2026-07,2026-07-14,2026-07-14,2100,Speech & Language Therapy,no_charge,Patient,E.F,0.0,0.0,0.0,0.0
2736,2026,TY,2026Q3,2026-07,2026-07-14,2026-07-14,2100,Speech & Language Therapy,paid,Texas Children's Health Plan,E.F,64.67,64.67,64.67,0.0
2737,2026,TY,2026Q3,2026-07,2026-07-14,2026-07-14,2101,Speech & Language Therapy,no_charge,BlueCross BlueShield of Texas,J.G,0.0,0.0,0.0,0.0
2738,2026,TY,2026Q3,2026-07,2026-07-14,2026-07-14,2101,Speech & Language Therapy,paid,Patient,J.G,68.92,68.92,68.92,0.0
2739,2026,TY,2026Q3,2026-07,2026-07-14,2026-07-14,2127,Speech & Language Therapy,no_charge,Patient,T.V,0.0,0.0,0.0,0.0
2740,2026,TY,2026Q3,2026-07,2026-07-14,2026-07-14,2127,Speech & Language Therapy,paid,Texas Children's Health Plan,T.V,64.67,64.67,64.67,0.0
2741,2026,TY,2026Q3,2026-07,2026-07-14,2026-07-14,2128,Speech & Language Therapy,no_charge,Patient,T.V,0.0,0.0,0.0,0.0
2742,2026,TY,2026Q3,2026-07,2026-07-14,2026-07-14,2128,Speech & Language Therapy,paid,Texas Children's Health Plan,T.V,64.67,64.67,64.67,0.0
2743,2026,TY,2026Q3,2026-07,2026-07-14,2026-07-14,2129,Speech & Language Therapy,no_charge,Patient,T.V,0.0,0.0,0.0,0.0
2744,2026,TY,2026Q3,2026-07,2026-07-14,2026-07-14,2129,Speech & Language Therapy,paid,Texas Children's Health Plan,T.V,64.67,64.67,64.67,0.0
2745,2026,TY,2026Q3,2026-07,2026-07-14,2026-07-14,2130,Speech & Language Therapy,no_charge,Patient,T.V,0.0,0.0,0.0,0.0
2746,2026,TY,2026Q3,2026-07,2026-07-14,2026-07-14,2130,Speech & Language Therapy,paid,Texas Children's Health Plan,T.V,64.67,64.67,64.67,0.0
2747,2026,TY,2026Q3,2026-07,2026-07-14,2026-07-14,2131,Speech & Language Therapy,no_charge,Patient,T.V,0.0,0.0,0.0,0.0
2748,2026,TY,2026Q3,2026-07,2026-07-14,2026-07-14,2131,Speech & Language Therapy,paid,Texas Children's Health Plan - CHIP,T.V,64.67,64.67,64.67,0.0
2749,2026,TY,2026Q3,2026-07,2026-07-15,2026-07-15,2103,Speech & Language Therapy,no_charge,Patient,A.P,0.0,0.0,0.0,0.0
2750,2026,TY,2026Q3,2026-07,2026-07-15,2026-07-15,2103,Speech & Language Therapy,paid,Texas Children's Health Plan,A.P,80.84,80.84,80.84,0.0
2751,2026,TY,2026Q3,2026-07,2026-07-15,2026-07-15,2104,Speech & Language Therapy,no_charge,Patient,A.P,0.0,0.0,0.0,0.0
2752,2026,TY,2026Q3,2026-07,2026-07-15,2026-07-15,2104,Speech & Language Therapy,paid,Texas Children's Health Plan,A.P,80.84,80.84,80.84,0.0
2753,2026,TY,2026Q3,2026-07,2026-07-15,2026-07-15,2105,Speech & Language Therapy - Telehealth,paid,BlueCross BlueShield of Texas,A.P,55.14,55.14,55.14,0.0
2754,2026,TY,2026Q3,2026-07,2026-07-15,2026-07-15,2105,Speech & Language Therapy - Telehealth,paid,Patient,A.P,13.78,13.78,13.78,0.0
2755,2026,TY,2026Q3,2026-07,2026-07-15,2026-07-15,2106,Speech & Language Therapy - No Show,no_charge,Patient,A.P,0.0,0.0,0.0,0.0
2756,2026,TY,2026Q3,2026-07,2026-07-15,2026-07-15,2107,Speech & Language Therapy,no_charge,Patient,A.P,0.0,0.0,0.0,0.0
2757,2026,TY,2026Q3,2026-07,2026-07-15,2026-07-15,2107,Speech & Language Therapy,paid,Texas Children's Health Plan - CHIP,A.P,80.84,80.84,80.84,0.0
2758,2026,TY,2026Q3,2026-07,2026-07-15,2026-07-15,2108,Speech & Language Therapy,no_charge,Patient,A.P,0.0,0.0,0.0,0.0
2759,2026,TY,2026Q3,2026-07,2026-07-15,2026-07-15,2108,Speech & Language Therapy,paid,Texas Children's Health Plan,A.P,80.84,80.84,80.84,0.0
2760,2026,TY,2026Q3,2026-07,2026-07-15,2026-07-15,2109,Speech & Language Therapy,no_charge,Patient,A.P,0.0,0.0,0.0,0.0
2761,2026,TY,2026Q3,2026-07,2026-07-15,2026-07-15,2109,Speech & Language Therapy,paid,Texas Children's Health Plan,A.P,80.84,80.84,80.84,0.0
2762,2026,TY,2026Q3,2026-07,2026-07-15,2026-07-15,2110,Speech & Language Therapy - Telehealth,no_charge,Patient,A.P,0.0,0.0,0.0,0.0
2763,2026,TY,2026Q3,2026-07,2026-07-15,2026-07-15,2110,Speech & Language Therapy - Telehealth,paid,Texas Children's Health Plan,A.P,80.84,80.84,80.84,0.0
2764,2026,TY,2026Q3,2026-07,2026-07-15,2026-07-15,2111,Speech & Language Therapy,paid,BlueCross BlueShield of Texas,J.G,28.92,28.92,28.92,0.0
2765,2026,TY,2026Q3,2026-07,2026-07-15,2026-07-15,2111,Speech & Language Therapy,paid,Patient,J.G,40.0,40.0,40.0,0.0
2766,2026,TY,2026Q3,2026-07,2026-07-15,2026-07-15,2112,Speech & Language Therapy,no_charge,Patient,A.P,0.0,0.0,0.0,0.0
2767,2026,TY,2026Q3,2026-07,2026-07-15,2026-07-15,2112,Speech & Language Therapy,paid,Texas Children's Health Plan,A.P,80.84,80.84,80.84,0.0
2768,2026,TY,2026Q3,2026-07,2026-07-15,2026-07-15,2113,Speech & Language Therapy - Telehealth,no_charge,Patient,A.P,0.0,0.0,0.0,0.0
2769,2026,TY,2026Q3,2026-07,2026-07-15,2026-07-15,2113,Speech & Language Therapy - Telehealth,paid,Texas Children's Health Plan,A.P,80.84,80.84,80.84,0.0
2770,2026,TY,2026Q3,2026-07,2026-07-15,2026-07-15,2114,Speech & Language Therapy - Telehealth,paid,BlueCross BlueShield of Texas,J.G,18.92,18.92,18.92,0.0
2771,2026,TY,2026Q3,2026-07,2026-07-15,2026-07-15,2114,Speech & Language Therapy - Telehealth,paid,Patient,J.G,50.0,50.0,50.0,0.0
2772,2026,TY,2026Q3,2026-07,2026-07-16,2026-07-16,2115,Speech & Language Therapy,no_charge,Patient,E.F,0.0,0.0,0.0,0.0
2773,2026,TY,2026Q3,2026-07,2026-07-16,2026-07-16,2115,Speech & Language Therapy,paid,Texas Children's Health Plan - CHIP,E.F,64.67,64.67,64.67,0.0
2774,2026,TY,2026Q3,2026-07,2026-07-16,2026-07-16,2116,Speech & Language Therapy,no_charge,Patient,E.F,0.0,0.0,0.0,0.0
2775,2026,TY,2026Q3,2026-07,2026-07-16,2026-07-16,2116,Speech & Language Therapy,paid,Texas Children's Health Plan,E.F,64.67,64.67,64.67,0.0
2776,2026,TY,2026Q3,2026-07,2026-07-16,2026-07-16,2117,Speech & Language Therapy,no_charge,Patient,E.F,0.0,0.0,0.0,0.0
2777,2026,TY,2026Q3,2026-07,2026-07-16,2026-07-16,2117,Speech & Language Therapy,paid,Texas Children's Health Plan,E.F,64.67,64.67,64.67,0.0
2778,2026,TY,2026Q3,2026-07,2026-07-16,2026-07-16,2118,Speech & Language Therapy,paid,BlueCross BlueShield of Texas,A.P,38.92,38.92,38.92,0.0
2779,2026,TY,2026Q3,2026-07,2026-07-16,2026-07-16,2118,Speech & Language Therapy,paid,Patient,A.P,30.0,30.0,30.0,0.0
2780,2026,TY,2026Q3,2026-07,2026-07-16,2026-07-16,2119,Speech & Language Therapy,no_charge,Patient,E.F,0.0,0.0,0.0,0.0
2781,2026,TY,2026Q3,2026-07,2026-07-16,2026-07-16,2119,Speech & Language Therapy,paid,Texas Children's Health Plan,E.F,64.67,64.67,64.67,0.0
2782,2026,TY,2026Q3,2026-07,2026-07-16,2026-07-16,2120,Speech & Language Evaluation,no_charge,Patient,A.P,0.0,0.0,0.0,0.0
2783,2026,TY,2026Q3,2026-07,2026-07-16,2026-07-16,2120,Speech & Language Evaluation,paid,Community Health Choice,A.P,135.85,135.85,135.85,0.0
2784,2026,TY,2026Q3,2026-07,2026-07-16,2026-07-16,2121,Speech & Language Therapy,no_charge,Patient,E.F,0.0,0.0,0.0,0.0
2785,2026,TY,2026Q3,2026-07,2026-07-16,2026-07-16,2121,Speech & Language Therapy,paid,Texas Children's Health Plan,E.F,64.67,64.67,64.67,0.0
2786,2026,TY,2026Q3,2026-07,2026-07-16,2026-07-16,2122,Speech & Language Therapy,no_charge,Patient,E.F,0.0,0.0,0.0,0.0
2787,2026,TY,2026Q3,2026-07,2026-07-16,2026-07-16,2122,Speech & Language Therapy,paid,Community Health Choice,E.F,86.22,86.22,86.22,0.0
2788,2026,TY,2026Q3,2026-07,2026-07-16,2026-07-16,2123,Speech & Language Evaluation,no_charge,Patient,A.P,0.0,0.0,0.0,0.0
2789,2026,TY,2026Q3,2026-07,2026-07-16,2026-07-16,2123,Speech & Language Evaluation,paid,Texas Children's Health Plan,A.P,127.36,127.36,127.36,0.0
2790,2026,TY,2026Q3,2026-07,2026-07-16,2026-07-16,2124,Speech & Language Therapy,no_charge,Patient,E.F,0.0,0.0,0.0,0.0
2791,2026,TY,2026Q3,2026-07,2026-07-16,2026-07-16,2124,Speech & Language Therapy,paid,Community Health Choice,E.F,68.98,68.98,68.98,0.0
2792,2026,TY,2026Q3,2026-07,2026-07-16,2026-07-16,2125,Speech & Language Therapy,no_charge,Patient,E.F,0.0,0.0,0.0,0.0
2793,2026,TY,2026Q3,2026-07,2026-07-16,2026-07-16,2125,Speech & Language Therapy,paid,Texas Children's Health Plan,E.F,64.67,64.67,64.67,0.0
2794,2026,TY,2026Q3,2026-07,2026-07-16,2026-07-16,2126,Speech & Language Therapy - Telehealth,no_charge,Patient,T.V,0.0,0.0,0.0,0.0
2795,2026,TY,2026Q3,2026-07,2026-07-16,2026-07-16,2126,Speech & Language Therapy - Telehealth,paid,Texas Children's Health Plan,T.V,64.67,64.67,64.67,0.0
2796,2026,TY,2026Q3,2026-07,2026-07-16,2026-07-16,2132,Speech & Language Therapy,no_charge,Patient,T.V,0.0,0.0,0.0,0.0
2797,2026,TY,2026Q3,2026-07,2026-07-16,2026-07-16,2132,Speech & Language Therapy,paid,Texas Children's Health Plan,T.V,64.67,64.67,64.67,0.0
2798,2026,TY,2026Q3,2026-07,2026-07-16,2026-07-16,2133,Speech & Language Therapy,no_charge,Patient,T.V,0.0,0.0,0.0,0.0
2799,2026,TY,2026Q3,2026-07,2026-07-16,2026-07-16,2133,Speech & Language Therapy,paid,Texas Children's Health Plan,T.V,64.67,64.67,64.67,0.0
2800,2026,TY,2026Q3,2026-07,2026-07-16,2026-07-16,2134,Speech & Language Therapy,no_charge,Patient,T.V,0.0,0.0,0.0,0.0
2801,2026,TY,2026Q3,2026-07,2026-07-16,2026-07-16,2134,Speech & Language Therapy,no_charge,Texas Children's Health Plan,T.V,0.0,0.0,0.0,0.0
2802,2026,TY,2026Q3,2026-07,2026-07-16,2026-07-16,2134,Speech & Language Therapy,paid,BlueCross BlueShield of Texas,T.V,68.92,68.92,68.92,0.0
2803,2026,TY,2026Q3,2026-07,2026-07-17,2026-07-17,2135,Speech & Language Therapy,no_charge,Patient,K.G,0.0,0.0,0.0,0.0
2804,2026,TY,2026Q3,2026-07,2026-07-17,2026-07-17,2135,Speech & Language Therapy,paid,Texas Children's Health Plan,K.G,64.67,64.67,64.67,0.0
2805,2026,TY,2026Q3,2026-07,2026-07-17,2026-07-17,2136,Speech & Language Therapy,no_charge,Patient,K.G,0.0,0.0,0.0,0.0
2806,2026,TY,2026Q3,2026-07,2026-07-17,2026-07-17,2136,Speech & Language Therapy,paid,Texas Children's Health Plan,K.G,64.67,64.67,64.67,0.0
2807,2026,TY,2026Q3,2026-07,2026-07-17,2026-07-17,2137,Speech & Language Therapy,paid,Patient,K.G,70.0,70.0,70.0,0.0
2808,2026,TY,2026Q3,2026-07,2026-07-18,2026-07-18,2138,Speech & Language Therapy,paid,Patient,K.G,70.0,70.0,70.0,0.0
2809,2026,TY,2026Q3,2026-07,2026-07-18,2026-07-18,2139,Speech & Language Therapy,no_charge,Patient,K.G,0.0,0.0,0.0,0.0
2810,2026,TY,2026Q3,2026-07,2026-07-18,2026-07-18,2139,Speech & Language Therapy,paid,Texas Children's Health Plan,K.G,64.67,64.67,64.67,0.0
2811,2026,TY,2026Q3,2026-07,2026-07-18,2026-07-18,2140,Speech & Language Therapy - Telehealth - No Show,no_charge,Patient,K.G,0.0,0.0,0.0,0.0
2812,2026,TY,2026Q3,2026-07,2026-07-18,2026-07-18,2141,Speech & Language Therapy,no_charge,Patient,K.G,0.0,0.0,0.0,0.0
2813,2026,TY,2026Q3,2026-07,2026-07-18,2026-07-18,2141,Speech & Language Therapy,paid,Texas Children's Health Plan,K.G,64.67,64.67,64.67,0.0
2814,2026,TY,2026Q3,2026-07,2026-07-18,2026-07-18,2142,Speech & Language Therapy,no_charge,Patient,K.G,0.0,0.0,0.0,0.0
2815,2026,TY,2026Q3,2026-07,2026-07-18,2026-07-18,2142,Speech & Language Therapy,paid,Texas Children's Health Plan,K.G,64.67,64.67,64.67,0.0
2816,2026,TY,2026Q3,2026-07,2026-07-20,2026-07-20,2143,Speech & Language Therapy,paid,BlueCross BlueShield of Texas,A.P,43.92,43.92,43.92,0.0
2817,2026,TY,2026Q3,2026-07,2026-07-20,2026-07-20,2143,Speech & Language Therapy,paid,Patient,A.P,25.0,25.0,25.0,0.0
2818,2026,TY,2026Q3,2026-07,2026-07-20,2026-07-20,2144,Speech & Language Therapy,no_charge,Patient,A.P,0.0,0.0,0.0,0.0
2819,2026,TY,2026Q3,2026-07,2026-07-20,2026-07-20,2144,Speech & Language Therapy,paid,Texas Children's Health Plan,A.P,80.84,80.84,80.84,0.0
2820,2026,TY,2026Q3,2026-07,2026-07-20,2026-07-20,2145,Speech & Language Therapy,no_charge,Patient,A.P,0.0,0.0,0.0,0.0
2821,2026,TY,2026Q3,2026-07,2026-07-20,2026-07-20,2145,Speech & Language Therapy,paid,Texas Children's Health Plan,A.P,80.84,80.84,80.84,0.0
2822,2026,TY,2026Q3,2026-07,2026-07-20,2026-07-20,2146,Speech & Language Therapy,paid,BlueCross BlueShield of Texas,A.P,38.92,38.92,38.92,0.0
2823,2026,TY,2026Q3,2026-07,2026-07-20,2026-07-20,2146,Speech & Language Therapy,paid,Patient,A.P,30.0,30.0,30.0,0.0
2824,2026,TY,2026Q3,2026-07,2026-07-20,2026-07-20,2147,Speech & Language Therapy,no_charge,Patient,A.P,0.0,0.0,0.0,0.0
2825,2026,TY,2026Q3,2026-07,2026-07-20,2026-07-20,2147,Speech & Language Therapy,paid,Texas Children's Health Plan,A.P,80.84,80.84,80.84,0.0
2826,2026,TY,2026Q3,2026-07,2026-07-20,2026-07-20,2148,Speech & Language Evaluation - No Show,no_charge,Patient,A.P,0.0,0.0,0.0,0.0
2827,2026,TY,2026Q3,2026-07,2026-07-20,2026-07-20,2149,Speech & Language Therapy - Telehealth,no_charge,Patient,T.V,0.0,0.0,0.0,0.0
2828,2026,TY,2026Q3,2026-07,2026-07-20,2026-07-20,2149,Speech & Language Therapy - Telehealth,paid,Texas Children's Health Plan,T.V,64.67,64.67,64.67,0.0
2829,2026,TY,2026Q3,2026-07,2026-07-20,2026-07-20,2150,Speech & Language Therapy,no_charge,Patient,T.V,0.0,0.0,0.0,0.0
2830,2026,TY,2026Q3,2026-07,2026-07-20,2026-07-20,2150,Speech & Language Therapy,paid,Texas Children's Health Plan - CHIP,T.V,64.67,64.67,64.67,0.0
2831,2026,TY,2026Q3,2026-07,2026-07-20,2026-07-20,2151,Speech & Language Therapy,no_charge,Patient,T.V,0.0,0.0,0.0,0.0
2832,2026,TY,2026Q3,2026-07,2026-07-20,2026-07-20,2151,Speech & Language Therapy,paid,Texas Children's Health Plan - CHIP,T.V,64.67,64.67,64.67,0.0
2833,2026,TY,2026Q3,2026-07,2026-07-20,2026-07-20,2152,Speech & Language Therapy,no_charge,Patient,T.V,0.0,0.0,0.0,0.0
2834,2026,TY,2026Q3,2026-07,2026-07-20,2026-07-20,2152,Speech & Language Therapy,paid,Texas Children's Health Plan,T.V,64.67,64.67,64.67,0.0
2835,2026,TY,2026Q3,2026-07,2026-07-20,2026-07-20,2153,Speech & Language Therapy,no_charge,Patient,T.V,0.0,0.0,0.0,0.0
2836,2026,TY,2026Q3,2026-07,2026-07-20,2026-07-20,2153,Speech & Language Therapy,paid,Texas Children's Health Plan,T.V,64.67,64.67,64.67,0.0
2837,2026,TY,2026Q3,2026-07,2026-07-21,2026-07-21,2154,Speech & Language Therapy,no_charge,Patient,A.P,0.0,0.0,0.0,0.0
2838,2026,TY,2026Q3,2026-07,2026-07-21,2026-07-21,2154,Speech & Language Therapy,paid,Texas Children's Health Plan,A.P,80.84,80.84,80.84,0.0
2839,2026,TY,2026Q3,2026-07,2026-07-21,2026-07-21,2155,Speech & Language Therapy,no_charge,Patient,A.P,0.0,0.0,0.0,0.0
2840,2026,TY,2026Q3,2026-07,2026-07-21,2026-07-21,2155,Speech & Language Therapy,paid,Texas Children's Health Plan,A.P,80.84,80.84,80.84,0.0
2841,2026,TY,2026Q3,2026-07,2026-07-21,2026-07-21,2156,Speech & Language Therapy,no_charge,Patient,A.P,0.0,0.0,0.0,0.0
2842,2026,TY,2026Q3,2026-07,2026-07-21,2026-07-21,2156,Speech & Language Therapy,paid,Texas Children's Health Plan,A.P,80.84,80.84,80.84,0.0
2843,2026,TY,2026Q3,2026-07,2026-07-21,2026-07-21,2157,Speech & Language Therapy,no_charge,Patient,A.P,0.0,0.0,0.0,0.0
2844,2026,TY,2026Q3,2026-07,2026-07-21,2026-07-21,2157,Speech & Language Therapy,paid,Community Health Choice,A.P,86.22,86.22,86.22,0.0
2845,2026,TY,2026Q3,2026-07,2026-07-21,2026-07-21,2158,Speech & Language Therapy,no_charge,Patient,A.P,0.0,0.0,0.0,0.0
2846,2026,TY,2026Q3,2026-07,2026-07-21,2026-07-21,2158,Speech & Language Therapy,paid,Texas Children's Health Plan,A.P,80.84,80.84,80.84,0.0
2847,2026,TY,2026Q3,2026-07,2026-07-21,2026-07-21,2159,Speech & Language Therapy,no_charge,Patient,A.P,0.0,0.0,0.0,0.0
2848,2026,TY,2026Q3,2026-07,2026-07-21,2026-07-21,2159,Speech & Language Therapy,paid,Texas Children's Health Plan,A.P,80.84,80.84,80.84,0.0
2849,2026,TY,2026Q3,2026-07,2026-07-21,2026-07-21,2160,Speech & Language Therapy,no_charge,Patient,A.P,0.0,0.0,0.0,0.0
2850,2026,TY,2026Q3,2026-07,2026-07-21,2026-07-21,2160,Speech & Language Therapy,paid,Community Health Choice,A.P,86.22,86.22,86.22,0.0
2851,2026,TY,2026Q3,2026-07,2026-07-21,2026-07-21,2161,Speech & Language Therapy,paid,Patient,J.G,90.0,90.0,90.0,0.0
2852,2026,TY,2026Q3,2026-07,2026-07-21,2026-07-21,2162,Speech & Language Therapy,no_charge,Patient,T.V,0.0,0.0,0.0,0.0
2853,2026,TY,2026Q3,2026-07,2026-07-21,2026-07-21,2162,Speech & Language Therapy,paid,Texas Children's Health Plan,T.V,64.67,64.67,64.67,0.0
2854,2026,TY,2026Q3,2026-07,2026-07-21,2026-07-21,2163,Speech & Language Therapy,no_charge,Patient,T.V,0.0,0.0,0.0,0.0
2855,2026,TY,2026Q3,2026-07,2026-07-21,2026-07-21,2163,Speech & Language Therapy,paid,Texas Children's Health Plan,T.V,64.67,64.67,64.67,0.0
2856,2026,TY,2026Q3,2026-07,2026-07-21,2026-07-21,2164,Speech & Language Therapy,no_charge,BlueCross BlueShield of Texas,J.G,0.0,0.0,0.0,0.0
2857,2026,TY,2026Q3,2026-07,2026-07-21,2026-07-21,2164,Speech & Language Therapy,paid,Patient,J.G,68.92,68.92,68.92,0.0
2858,2026,TY,2026Q3,2026-07,2026-07-21,2026-07-21,2165,Speech & Language Therapy,paid,BlueCross BlueShield of Texas,J.G,28.92,28.92,28.92,0.0
2859,2026,TY,2026Q3,2026-07,2026-07-21,2026-07-21,2165,Speech & Language Therapy,paid,Patient,J.G,40.0,40.0,40.0,0.0
2860,2026,TY,2026Q3,2026-07,2026-07-21,2026-07-21,2197,Speech & Language Therapy - No Show,no_charge,Patient,T.V,0.0,0.0,0.0,0.0
2861,2026,TY,2026Q3,2026-07,2026-07-22,2026-07-22,2166,Speech & Language Therapy,paid,BlueCross BlueShield of Texas,A.P,43.92,43.92,43.92,0.0
2862,2026,TY,2026Q3,2026-07,2026-07-22,2026-07-22,2166,Speech & Language Therapy,paid,Patient,A.P,25.0,25.0,25.0,0.0
2863,2026,TY,2026Q3,2026-07,2026-07-22,2026-07-22,2167,Speech & Language Therapy,no_charge,Patient,A.P,0.0,0.0,0.0,0.0
2864,2026,TY,2026Q3,2026-07,2026-07-22,2026-07-22,2167,Speech & Language Therapy,paid,Texas Children's Health Plan,A.P,80.84,80.84,80.84,0.0
2865,2026,TY,2026Q3,2026-07,2026-07-22,2026-07-22,2168,Speech & Language Therapy,no_charge,Patient,A.P,0.0,0.0,0.0,0.0
2866,2026,TY,2026Q3,2026-07,2026-07-22,2026-07-22,2168,Speech & Language Therapy,paid,Texas Children's Health Plan,A.P,80.84,80.84,80.84,0.0
2867,2026,TY,2026Q3,2026-07,2026-07-22,2026-07-22,2169,Speech & Language Therapy,paid,BlueCross BlueShield of Texas,A.P,38.92,38.92,38.92,0.0
2868,2026,TY,2026Q3,2026-07,2026-07-22,2026-07-22,2169,Speech & Language Therapy,paid,Patient,A.P,30.0,30.0,30.0,0.0
2869,2026,TY,2026Q3,2026-07,2026-07-22,2026-07-22,2170,Speech & Language Therapy - Telehealth,paid,BlueCross BlueShield of Texas,A.P,55.14,55.14,55.14,0.0
2870,2026,TY,2026Q3,2026-07,2026-07-22,2026-07-22,2170,Speech & Language Therapy - Telehealth,paid,Patient,A.P,13.78,13.78,13.78,0.0
2871,2026,TY,2026Q3,2026-07,2026-07-22,2026-07-22,2171,Speech & Language Therapy,no_charge,Patient,A.P,0.0,0.0,0.0,0.0
2872,2026,TY,2026Q3,2026-07,2026-07-22,2026-07-22,2171,Speech & Language Therapy,paid,Texas Children's Health Plan - CHIP,A.P,80.84,80.84,80.84,0.0
2873,2026,TY,2026Q3,2026-07,2026-07-22,2026-07-22,2172,Speech & Language Therapy,no_charge,Patient,A.P,0.0,0.0,0.0,0.0
2874,2026,TY,2026Q3,2026-07,2026-07-22,2026-07-22,2172,Speech & Language Therapy,paid,Texas Children's Health Plan - CHIP,A.P,80.84,80.84,80.84,0.0
2875,2026,TY,2026Q3,2026-07,2026-07-22,2026-07-22,2173,Speech & Language Therapy,no_charge,Patient,A.P,0.0,0.0,0.0,0.0
2876,2026,TY,2026Q3,2026-07,2026-07-22,2026-07-22,2173,Speech & Language Therapy,paid,Texas Children's Health Plan,A.P,80.84,80.84,80.84,0.0
2877,2026,TY,2026Q3,2026-07,2026-07-22,2026-07-22,2174,Speech & Language Therapy,no_charge,Patient,A.P,0.0,0.0,0.0,0.0
2878,2026,TY,2026Q3,2026-07,2026-07-22,2026-07-22,2174,Speech & Language Therapy,paid,Texas Children's Health Plan,A.P,80.84,80.84,80.84,0.0
2879,2026,TY,2026Q3,2026-07,2026-07-22,2026-07-22,2175,Speech & Language Therapy,paid,Patient,J.G,90.0,90.0,90.0,0.0
2880,2026,TY,2026Q3,2026-07,2026-07-22,2026-07-22,2176,Speech & Language Therapy - Telehealth,no_charge,Patient,K.G,0.0,0.0,0.0,0.0
2881,2026,TY,2026Q3,2026-07,2026-07-22,2026-07-22,2176,Speech & Language Therapy - Telehealth,paid,Texas Children's Health Plan,K.G,64.67,64.67,64.67,0.0
2882,2026,TY,2026Q3,2026-07,2026-07-22,2026-07-22,2177,Speech & Language Therapy - Telehealth - No Show,no_charge,Patient,K.G,0.0,0.0,0.0,0.0
2883,2026,TY,2026Q3,2026-07,2026-07-22,2026-07-22,2178,Speech & Language Therapy,paid,BlueCross BlueShield of Texas,J.G,28.92,28.92,28.92,0.0
2884,2026,TY,2026Q3,2026-07,2026-07-22,2026-07-22,2178,Speech & Language Therapy,paid,Patient,J.G,40.0,40.0,40.0,0.0
2885,2026,TY,2026Q3,2026-07,2026-07-22,2026-07-22,2179,Speech & Language Therapy - Telehealth,paid,BlueCross BlueShield of Texas,J.G,18.92,18.92,18.92,0.0
2886,2026,TY,2026Q3,2026-07,2026-07-22,2026-07-22,2179,Speech & Language Therapy - Telehealth,paid,Patient,J.G,50.0,50.0,50.0,0.0
2887,2026,TY,2026Q3,2026-07,2026-07-22,2026-07-22,2180,Speech & Language Therapy,no_charge,Patient,K.G,0.0,0.0,0.0,0.0
2888,2026,TY,2026Q3,2026-07,2026-07-22,2026-07-22,2180,Speech & Language Therapy,paid,Texas Children's Health Plan,K.G,64.67,64.67,64.67,0.0
2889,2026,TY,2026Q3,2026-07,2026-07-22,2026-07-22,2181,Speech & Language Therapy,no_charge,Patient,K.G,0.0,0.0,0.0,0.0
2890,2026,TY,2026Q3,2026-07,2026-07-22,2026-07-22,2181,Speech & Language Therapy,paid,Texas Children's Health Plan,K.G,64.67,64.67,64.67,0.0
2891,2026,TY,2026Q3,2026-07,2026-07-23,2026-07-23,2182,Speech & Language Therapy,paid,BlueCross BlueShield of Texas,A.P,33.92,33.92,33.92,0.0
2892,2026,TY,2026Q3,2026-07,2026-07-23,2026-07-23,2182,Speech & Language Therapy,paid,Patient,A.P,35.0,35.0,35.0,0.0
2893,2026,TY,2026Q3,2026-07,2026-07-23,2026-07-23,2183,Speech & Language Therapy,no_charge,Patient,A.P,0.0,0.0,0.0,0.0
2894,2026,TY,2026Q3,2026-07,2026-07-23,2026-07-23,2183,Speech & Language Therapy,paid,Texas Children's Health Plan,A.P,80.84,80.84,80.84,0.0
2895,2026,TY,2026Q3,2026-07,2026-07-23,2026-07-23,2184,Speech & Language Therapy,paid,BlueCross BlueShield of Texas,A.P,38.92,38.92,38.92,0.0
2896,2026,TY,2026Q3,2026-07,2026-07-23,2026-07-23,2184,Speech & Language Therapy,paid,Patient,A.P,30.0,30.0,30.0,0.0
2897,2026,TY,2026Q3,2026-07,2026-07-23,2026-07-23,2185,Speech & Language Therapy,no_charge,Patient,A.P,0.0,0.0,0.0,0.0
2898,2026,TY,2026Q3,2026-07,2026-07-23,2026-07-23,2185,Speech & Language Therapy,paid,Texas Children's Health Plan,A.P,80.84,80.84,80.84,0.0
2899,2026,TY,2026Q3,2026-07,2026-07-23,2026-07-23,2186,Speech & Language Therapy,no_charge,Patient,A.P,0.0,0.0,0.0,0.0
2900,2026,TY,2026Q3,2026-07,2026-07-23,2026-07-23,2186,Speech & Language Therapy,paid,Texas Children's Health Plan,A.P,80.84,80.84,80.84,0.0
2901,2026,TY,2026Q3,2026-07,2026-07-23,2026-07-23,2187,Speech & Language Therapy,no_charge,Patient,A.P,0.0,0.0,0.0,0.0
2902,2026,TY,2026Q3,2026-07,2026-07-23,2026-07-23,2187,Speech & Language Therapy,paid,Community Health Choice,A.P,86.22,86.22,86.22,0.0
2903,2026,TY,2026Q3,2026-07,2026-07-23,2026-07-23,2188,Speech & Language Therapy,no_charge,Patient,A.P,0.0,0.0,0.0,0.0
2904,2026,TY,2026Q3,2026-07,2026-07-23,2026-07-23,2188,Speech & Language Therapy,paid,Texas Children's Health Plan,A.P,80.84,80.84,80.84,0.0
2905,2026,TY,2026Q3,2026-07,2026-07-23,2026-07-23,2189,Speech & Language Therapy,no_charge,Patient,A.P,0.0,0.0,0.0,0.0
2906,2026,TY,2026Q3,2026-07,2026-07-23,2026-07-23,2189,Speech & Language Therapy,paid,Texas Children's Health Plan,A.P,80.84,80.84,80.84,0.0
2907,2026,TY,2026Q3,2026-07,2026-07-23,2026-07-23,2190,Speech & Language Therapy,no_charge,Patient,A.P,0.0,0.0,0.0,0.0
2908,2026,TY,2026Q3,2026-07,2026-07-23,2026-07-23,2190,Speech & Language Therapy,paid,Community Health Choice,A.P,86.22,86.22,86.22,0.0
2909,2026,TY,2026Q3,2026-07,2026-07-23,2026-07-23,2191,Speech & Language Therapy,no_charge,Patient,A.P,0.0,0.0,0.0,0.0
2910,2026,TY,2026Q3,2026-07,2026-07-23,2026-07-23,2191,Speech & Language Therapy,paid,Texas Children's Health Plan,A.P,80.84,80.84,80.84,0.0
2911,2026,TY,2026Q3,2026-07,2026-07-23,2026-07-23,2192,Speech & Language Therapy - Telehealth,no_charge,Patient,A.P,0.0,0.0,0.0,0.0
2912,2026,TY,2026Q3,2026-07,2026-07-23,2026-07-23,2192,Speech & Language Therapy - Telehealth,paid,Texas Children's Health Plan,A.P,80.84,80.84,80.84,0.0
2913,2026,TY,2026Q3,2026-07,2026-07-23,2026-07-23,2193,Speech & Language Therapy,paid,Patient,J.G,90.0,90.0,90.0,0.0
2914,2026,TY,2026Q3,2026-07,2026-07-23,2026-07-23,2194,Speech & Language Therapy - Telehealth,no_charge,Patient,T.V,0.0,0.0,0.0,0.0
2915,2026,TY,2026Q3,2026-07,2026-07-23,2026-07-23,2194,Speech & Language Therapy - Telehealth,paid,Texas Children's Health Plan,T.V,64.67,64.67,64.67,0.0
2916,2026,TY,2026Q3,2026-07,2026-07-23,2026-07-23,2195,Speech & Language Therapy,no_charge,Patient,T.V,0.0,0.0,0.0,0.0
2917,2026,TY,2026Q3,2026-07,2026-07-23,2026-07-23,2195,Speech & Language Therapy,paid,Texas Children's Health Plan,T.V,64.67,64.67,64.67,0.0
2918,2026,TY,2026Q3,2026-07,2026-07-23,2026-07-23,2196,Speech & Language Therapy,no_charge,Patient,T.V,0.0,0.0,0.0,0.0
2919,2026,TY,2026Q3,2026-07,2026-07-23,2026-07-23,2196,Speech & Language Therapy,paid,Texas Children's Health Plan,T.V,64.67,64.67,64.67,0.0
2920,2026,TY,2026Q3,2026-07,2026-07-23,2026-07-23,2198,Speech & Language Therapy,no_charge,BlueCross BlueShield of Texas,J.G,0.0,0.0,0.0,0.0
2921,2026,TY,2026Q3,2026-07,2026-07-23,2026-07-23,2198,Speech & Language Therapy,paid,Patient,J.G,68.92,68.92,68.92,0.0
2922,2026,TY,2026Q3,2026-07,2026-07-23,2026-07-23,2199,Speech & Language Therapy - No Show,no_charge,Patient,T.V,0.0,0.0,0.0,0.0
2923,2026,TY,2026Q3,2026-07,2026-07-23,2026-07-23,2200,Speech & Language Therapy - No Show,no_charge,Patient,T.V,0.0,0.0,0.0,0.0
2924,2026,TY,2026Q3,2026-07,2026-07-24,2026-07-24,2201,Speech & Language Therapy,no_charge,Patient,K.G,0.0,0.0,0.0,0.0
2925,2026,TY,2026Q3,2026-07,2026-07-24,2026-07-24,2201,Speech & Language Therapy,paid,Texas Children's Health Plan,K.G,64.67,64.67,64.67,0.0
2926,2026,TY,2026Q3,2026-07,2026-07-24,2026-07-24,2202,Speech & Language Therapy,no_charge,Patient,K.G,0.0,0.0,0.0,0.0
2927,2026,TY,2026Q3,2026-07,2026-07-24,2026-07-24,2202,Speech & Language Therapy,paid,Texas Children's Health Plan,K.G,64.67,64.67,64.67,0.0
2928,2026,TY,2026Q3,2026-07,2026-07-24,2026-07-24,2203,Speech & Language Therapy,paid,Patient,K.G,70.0,70.0,70.0,0.0
2929,2026,TY,2026Q3,2026-07,2026-07-25,2026-07-25,2204,Speech & Language Therapy,paid,Patient,K.G,70.0,70.0,70.0,0.0
2930,2026,TY,2026Q3,2026-07,2026-07-25,2026-07-25,2205,Speech & Language Therapy,no_charge,Patient,K.G,0.0,0.0,0.0,0.0
2931,2026,TY,2026Q3,2026-07,2026-07-25,2026-07-25,2205,Speech & Language Therapy,paid,Texas Children's Health Plan,K.G,64.67,64.67,64.67,0.0
2932,2026,TY,2026Q3,2026-07,2026-07-25,2026-07-25,2206,Speech & Language Therapy - Telehealth,no_charge,Patient,K.G,0.0,0.0,0.0,0.0
2933,2026,TY,2026Q3,2026-07,2026-07-25,2026-07-25,2206,Speech & Language Therapy - Telehealth,paid,Texas Children's Health Plan,K.G,64.67,64.67,64.67,0.0
2934,2026,TY,2026Q3,2026-07,2026-07-25,2026-07-25,2207,Speech & Language Therapy,no_charge,Patient,K.G,0.0,0.0,0.0,0.0
2935,2026,TY,2026Q3,2026-07,2026-07-25,2026-07-25,2207,Speech & Language Therapy,paid,Texas Children's Health Plan,K.G,64.67,64.67,64.67,0.0
2936,2026,TY,2026Q3,2026-07,2026-07-25,2026-07-25,2208,Speech & Language Therapy,no_charge,Patient,K.G,0.0,0.0,0.0,0.0
2937,2026,TY,2026Q3,2026-07,2026-07-25,2026-07-25,2208,Speech & Language Therapy,paid,Texas Children's Health Plan,K.G,64.67,64.67,64.67,0.0
2938,2026,TY,2026Q3,2026-07,2026-07-27,2026-07-27,2209,Speech & Language Therapy,paid,BlueCross BlueShield of Texas,A.P,43.92,43.92,43.92,0.0
2939,2026,TY,2026Q3,2026-07,2026-07-27,2026-07-27,2209,Speech & Language Therapy,paid,Patient,A.P,25.0,25.0,25.0,0.0
2940,2026,TY,2026Q3,2026-07,2026-07-27,2026-07-27,2210,Speech & Language Therapy,no_charge,Patient,A.P,0.0,0.0,0.0,0.0
2941,2026,TY,2026Q3,2026-07,2026-07-27,2026-07-27,2210,Speech & Language Therapy,paid,Texas Children's Health Plan,A.P,80.84,80.84,80.84,0.0
2942,2026,TY,2026Q3,2026-07,2026-07-27,2026-07-27,2211,Speech & Language Therapy,no_charge,Patient,A.P,0.0,0.0,0.0,0.0
2943,2026,TY,2026Q3,2026-07,2026-07-27,2026-07-27,2211,Speech & Language Therapy,paid,Texas Children's Health Plan,A.P,80.84,80.84,80.84,0.0
2944,2026,TY,2026Q3,2026-07,2026-07-27,2026-07-27,2212,Speech & Language Therapy,no_charge,Patient,A.P,0.0,0.0,0.0,0.0
2945,2026,TY,2026Q3,2026-07,2026-07-27,2026-07-27,2212,Speech & Language Therapy,paid,Texas Children's Health Plan,A.P,80.84,80.84,80.84,0.0
2946,2026,TY,2026Q3,2026-07,2026-07-27,2026-07-27,2213,"Speech therapy, re-evaluation - No Show",no_charge,Patient,A.P,0.0,0.0,0.0,0.0
2947,2026,TY,2026Q3,2026-07,2026-07-27,2026-07-27,2214,Speech & Language Therapy,no_charge,Patient,A.P,0.0,0.0,0.0,0.0
2948,2026,TY,2026Q3,2026-07,2026-07-27,2026-07-27,2214,Speech & Language Therapy,paid,Texas Children's Health Plan,A.P,80.84,80.84,80.84,0.0
2949,2026,TY,2026Q3,2026-07,2026-07-27,2026-07-27,2215,Speech & Language Therapy,no_charge,Patient,T.V,0.0,0.0,0.0,0.0
2950,2026,TY,2026Q3,2026-07,2026-07-27,2026-07-27,2215,Speech & Language Therapy,paid,Texas Children's Health Plan - CHIP,T.V,64.67,64.67,64.67,0.0
2951,2026,TY,2026Q3,2026-07,2026-07-27,2026-07-27,2216,Speech & Language Therapy,no_charge,Patient,T.V,0.0,0.0,0.0,0.0
2952,2026,TY,2026Q3,2026-07,2026-07-27,2026-07-27,2216,Speech & Language Therapy,paid,Texas Children's Health Plan - CHIP,T.V,64.67,64.67,64.67,0.0
2953,2026,TY,2026Q3,2026-07,2026-07-27,2026-07-27,2217,Speech & Language Therapy - Telehealth,no_charge,Patient,T.V,0.0,0.0,0.0,0.0
2954,2026,TY,2026Q3,2026-07,2026-07-27,2026-07-27,2217,Speech & Language Therapy - Telehealth,paid,Texas Children's Health Plan,T.V,64.67,64.67,64.67,0.0
2955,2026,TY,2026Q3,2026-07,2026-07-27,2026-07-27,2218,Speech & Language Therapy,no_charge,Patient,T.V,0.0,0.0,0.0,0.0
2956,2026,TY,2026Q3,2026-07,2026-07-27,2026-07-27,2218,Speech & Language Therapy,paid,Texas Children's Health Plan,T.V,64.67,64.67,64.67,0.0
2957,2026,TY,2026Q3,2026-07,2026-07-27,2026-07-27,2219,Speech & Language Therapy,no_charge,Patient,T.V,0.0,0.0,0.0,0.0
2958,2026,TY,2026Q3,2026-07,2026-07-27,2026-07-27,2219,Speech & Language Therapy,paid,Texas Children's Health Plan,T.V,64.67,64.67,64.67,0.0
2959,2026,TY,2026Q3,2026-07,2026-07-28,2026-07-28,2220,Speech & Language Therapy,no_charge,Patient,A.P,0.0,0.0,0.0,0.0
2960,2026,TY,2026Q3,2026-07,2026-07-28,2026-07-28,2220,Speech & Language Therapy,paid,Texas Children's Health Plan,A.P,80.84,80.84,80.84,0.0
2961,2026,TY,2026Q3,2026-07,2026-07-28,2026-07-28,2221,Speech & Language Therapy,no_charge,Patient,A.P,0.0,0.0,0.0,0.0
2962,2026,TY,2026Q3,2026-07,2026-07-28,2026-07-28,2221,Speech & Language Therapy,paid,Texas Children's Health Plan,A.P,80.84,80.84,80.84,0.0
2963,2026,TY,2026Q3,2026-07,2026-07-28,2026-07-28,2222,Speech & Language Therapy,no_charge,Patient,A.P,0.0,0.0,0.0,0.0
2964,2026,TY,2026Q3,2026-07,2026-07-28,2026-07-28,2222,Speech & Language Therapy,paid,Texas Children's Health Plan,A.P,80.84,80.84,80.84,0.0
2965,2026,TY,2026Q3,2026-07,2026-07-28,2026-07-28,2223,Speech & Language Therapy,no_charge,Patient,A.P,0.0,0.0,0.0,0.0
2966,2026,TY,2026Q3,2026-07,2026-07-28,2026-07-28,2223,Speech & Language Therapy,paid,Texas Children's Health Plan,A.P,80.84,80.84,80.84,0.0
2967,2026,TY,2026Q3,2026-07,2026-07-28,2026-07-28,2224,Speech & Language Therapy,no_charge,Patient,A.P,0.0,0.0,0.0,0.0
2968,2026,TY,2026Q3,2026-07,2026-07-28,2026-07-28,2224,Speech & Language Therapy,paid,Community Health Choice,A.P,86.22,86.22,86.22,0.0
2969,2026,TY,2026Q3,2026-07,2026-07-28,2026-07-28,2225,Speech & Language Therapy,no_charge,Patient,A.P,0.0,0.0,0.0,0.0
2970,2026,TY,2026Q3,2026-07,2026-07-28,2026-07-28,2225,Speech & Language Therapy,paid,Texas Children's Health Plan,A.P,80.84,80.84,80.84,0.0
2971,2026,TY,2026Q3,2026-07,2026-07-28,2026-07-28,2226,Speech & Language Therapy,no_charge,Patient,A.P,0.0,0.0,0.0,0.0
2972,2026,TY,2026Q3,2026-07,2026-07-28,2026-07-28,2226,Speech & Language Therapy,paid,Texas Children's Health Plan,A.P,80.84,80.84,80.84,0.0
2973,2026,TY,2026Q3,2026-07,2026-07-28,2026-07-28,2227,Speech & Language Therapy,no_charge,Patient,A.P,0.0,0.0,0.0,0.0
2974,2026,TY,2026Q3,2026-07,2026-07-28,2026-07-28,2227,Speech & Language Therapy,paid,Community Health Choice,A.P,86.22,86.22,86.22,0.0
2975,2026,TY,2026Q3,2026-07,2026-07-28,2026-07-28,2228,Speech & Language Therapy,no_charge,Patient,A.P,0.0,0.0,0.0,0.0
2976,2026,TY,2026Q3,2026-07,2026-07-28,2026-07-28,2228,Speech & Language Therapy,paid,Texas Children's Health Plan,A.P,80.84,80.84,80.84,0.0
2977,2026,TY,2026Q3,2026-07,2026-07-28,2026-07-28,2229,Speech & Language Therapy,paid,Patient,J.G,90.0,90.0,90.0,0.0
2978,2026,TY,2026Q3,2026-07,2026-07-28,2026-07-28,2230,Speech & Language Therapy - Telehealth,paid,BlueCross BlueShield of Texas,J.G,55.14,55.14,55.14,0.0
2979,2026,TY,2026Q3,2026-07,2026-07-28,2026-07-28,2230,Speech & Language Therapy - Telehealth,paid,Patient,J.G,13.78,13.78,13.78,0.0
2980,2026,TY,2026Q3,2026-07,2026-07-28,2026-07-28,2231,Speech & Language Therapy,no_charge,Patient,T.V,0.0,0.0,0.0,0.0
2981,2026,TY,2026Q3,2026-07,2026-07-28,2026-07-28,2231,Speech & Language Therapy,paid,Texas Children's Health Plan,T.V,64.67,64.67,64.67,0.0
2982,2026,TY,2026Q3,2026-07,2026-07-28,2026-07-28,2232,Speech & Language Therapy,no_charge,Patient,T.V,0.0,0.0,0.0,0.0
2983,2026,TY,2026Q3,2026-07,2026-07-28,2026-07-28,2232,Speech & Language Therapy,paid,Texas Children's Health Plan,T.V,64.67,64.67,64.67,0.0
2984,2026,TY,2026Q3,2026-07,2026-07-28,2026-07-28,2233,Speech & Language Therapy,no_charge,Patient,T.V,0.0,0.0,0.0,0.0
2985,2026,TY,2026Q3,2026-07,2026-07-28,2026-07-28,2233,Speech & Language Therapy,paid,Texas Children's Health Plan - CHIP,T.V,64.67,64.67,64.67,0.0
2986,2026,TY,2026Q3,2026-07,2026-07-28,2026-07-28,2234,Speech & Language Therapy,no_charge,BlueCross BlueShield of Texas,J.G,0.0,0.0,0.0,0.0
2987,2026,TY,2026Q3,2026-07,2026-07-28,2026-07-28,2234,Speech & Language Therapy,paid,Patient,J.G,68.92,68.92,68.92,0.0
2988,2026,TY,2026Q3,2026-07,2026-07-28,2026-07-28,2235,Speech & Language Therapy,no_charge,Patient,T.V,0.0,0.0,0.0,0.0
2989,2026,TY,2026Q3,2026-07,2026-07-28,2026-07-28,2235,Speech & Language Therapy,paid,Texas Children's Health Plan,T.V,64.67,64.67,64.67,0.0
2990,2026,TY,2026Q3,2026-07,2026-07-28,2026-07-28,2236,Speech & Language Therapy - No Show,no_charge,Patient,T.V,0.0,0.0,0.0,0.0
2991,2026,TY,2026Q3,2026-07,2026-07-29,2026-07-29,2237,"Speech therapy, re-evaluation",no_charge,Patient,A.P,0.0,0.0,0.0,0.0
2992,2026,TY,2026Q3,2026-07,2026-07-29,2026-07-29,2237,"Speech therapy, re-evaluation",paid,Texas Children's Health Plan,A.P,89.15,89.15,89.15,0.0
2993,2026,TY,2026Q3,2026-07,2026-07-29,2026-07-29,2238,Speech & Language Therapy,no_charge,Patient,A.P,0.0,0.0,0.0,0.0
2994,2026,TY,2026Q3,2026-07,2026-07-29,2026-07-29,2238,Speech & Language Therapy,paid,Texas Children's Health Plan,A.P,80.84,80.84,80.84,0.0
2995,2026,TY,2026Q3,2026-07,2026-07-29,2026-07-29,2239,Speech & Language Therapy,no_charge,Patient,A.P,0.0,0.0,0.0,0.0
2996,2026,TY,2026Q3,2026-07,2026-07-29,2026-07-29,2239,Speech & Language Therapy,paid,Texas Children's Health Plan,A.P,80.84,80.84,80.84,0.0
2997,2026,TY,2026Q3,2026-07,2026-07-29,2026-07-29,2240,Speech & Language Therapy,paid,BlueCross BlueShield of Texas,A.P,43.92,43.92,43.92,0.0
2998,2026,TY,2026Q3,2026-07,2026-07-29,2026-07-29,2240,Speech & Language Therapy,paid,Patient,A.P,25.0,25.0,25.0,0.0
2999,2026,TY,2026Q3,2026-07,2026-07-29,2026-07-29,2241,Speech & Language Therapy,no_charge,Patient,A.P,0.0,0.0,0.0,0.0
3000,2026,TY,2026Q3,2026-07,2026-07-29,2026-07-29,2241,Speech & Language Therapy,paid,Texas Children's Health Plan,A.P,80.84,80.84,80.84,0.0
3001,2026,TY,2026Q3,2026-07,2026-07-29,2026-07-29,2242,Speech & Language Therapy,no_charge,Patient,A.P,0.0,0.0,0.0,0.0
3002,2026,TY,2026Q3,2026-07,2026-07-29,2026-07-29,2242,Speech & Language Therapy,paid,Texas Children's Health Plan,A.P,80.84,80.84,80.84,0.0
3003,2026,TY,2026Q3,2026-07,2026-07-29,2026-07-29,2243,Speech & Language Therapy - Telehealth,paid,BlueCross BlueShield of Texas,A.P,55.14,55.14,55.14,0.0
3004,2026,TY,2026Q3,2026-07,2026-07-29,2026-07-29,2243,Speech & Language Therapy - Telehealth,paid,Patient,A.P,13.78,13.78,13.78,0.0
3005,2026,TY,2026Q3,2026-07,2026-07-29,2026-07-29,2244,Speech & Language Therapy,no_charge,Patient,A.P,0.0,0.0,0.0,0.0
3006,2026,TY,2026Q3,2026-07,2026-07-29,2026-07-29,2244,Speech & Language Therapy,paid,Texas Children's Health Plan - CHIP,A.P,80.84,80.84,80.84,0.0
3007,2026,TY,2026Q3,2026-07,2026-07-29,2026-07-29,2245,Speech & Language Therapy,no_charge,Patient,A.P,0.0,0.0,0.0,0.0
3008,2026,TY,2026Q3,2026-07,2026-07-29,2026-07-29,2245,Speech & Language Therapy,paid,Texas Children's Health Plan - CHIP,A.P,80.84,80.84,80.84,0.0
3009,2026,TY,2026Q3,2026-07,2026-07-29,2026-07-29,2246,Speech & Language Therapy,no_charge,Patient,A.P,0.0,0.0,0.0,0.0
3010,2026,TY,2026Q3,2026-07,2026-07-29,2026-07-29,2246,Speech & Language Therapy,paid,Texas Children's Health Plan,A.P,80.84,80.84,80.84,0.0
3011,2026,TY,2026Q3,2026-07,2026-07-29,2026-07-29,2247,Speech & Language Therapy,paid,BlueCross BlueShield of Texas,J.G,28.92,28.92,28.92,0.0
3012,2026,TY,2026Q3,2026-07,2026-07-29,2026-07-29,2247,Speech & Language Therapy,paid,Patient,J.G,40.0,40.0,40.0,0.0
3013,2026,TY,2026Q3,2026-07,2026-07-29,2026-07-29,2248,"Speech therapy, re-evaluation",no_charge,Patient,A.P,0.0,0.0,0.0,0.0
3014,2026,TY,2026Q3,2026-07,2026-07-29,2026-07-29,2248,"Speech therapy, re-evaluation",paid,Texas Children's Health Plan,A.P,89.15,89.15,89.15,0.0
3015,2026,TY,2026Q3,2026-07,2026-07-29,2026-07-29,2249,Speech & Language Therapy - Telehealth - No Show,no_charge,Patient,J.G,0.0,0.0,0.0,0.0
3016,2026,TY,2026Q3,2026-07,2026-07-29,2026-07-29,2250,Speech & Language Therapy,no_charge,Patient,K.G,0.0,0.0,0.0,0.0
3017,2026,TY,2026Q3,2026-07,2026-07-29,2026-07-29,2250,Speech & Language Therapy,paid,Texas Children's Health Plan,K.G,64.67,64.67,64.67,0.0
3018,2026,TY,2026Q3,2026-07,2026-07-29,2026-07-29,2251,Speech & Language Therapy - Telehealth,no_charge,Patient,K.G,0.0,0.0,0.0,0.0
3019,2026,TY,2026Q3,2026-07,2026-07-29,2026-07-29,2251,Speech & Language Therapy - Telehealth,paid,Texas Children's Health Plan,K.G,64.67,64.67,64.67,0.0
3020,2026,TY,2026Q3,2026-07,2026-07-29,2026-07-29,2252,Speech & Language Evaluation,paid,BlueCross BlueShield of Texas,J.G,131.42,131.42,131.42,0.0
3021,2026,TY,2026Q3,2026-07,2026-07-29,2026-07-29,2252,Speech & Language Evaluation,paid,Patient,J.G,56.32,56.32,56.32,0.0
3022,2026,TY,2026Q3,2026-07,2026-07-30,2026-07-30,2253,Speech & Language Therapy,paid,BlueCross BlueShield of Texas,A.P,33.92,33.92,33.92,0.0
3023,2026,TY,2026Q3,2026-07,2026-07-30,2026-07-30,2253,Speech & Language Therapy,paid,Patient,A.P,35.0,35.0,35.0,0.0
3024,2026,TY,2026Q3,2026-07,2026-07-30,2026-07-30,2254,"Speech therapy, re-evaluation",no_charge,Patient,A.P,0.0,0.0,0.0,0.0
3025,2026,TY,2026Q3,2026-07,2026-07-30,2026-07-30,2254,"Speech therapy, re-evaluation",paid,Texas Children's Health Plan,A.P,89.15,89.15,89.15,0.0
3026,2026,TY,2026Q3,2026-07,2026-07-30,2026-07-30,2255,Speech & Language Therapy,no_charge,Patient,A.P,0.0,0.0,0.0,0.0
3027,2026,TY,2026Q3,2026-07,2026-07-30,2026-07-30,2255,Speech & Language Therapy,paid,Community Health Choice,A.P,86.22,86.22,86.22,0.0
3028,2026,TY,2026Q3,2026-07,2026-07-30,2026-07-30,2256,Speech & Language Therapy,paid,BlueCross BlueShield of Texas,A.P,38.92,38.92,38.92,0.0
3029,2026,TY,2026Q3,2026-07,2026-07-30,2026-07-30,2256,Speech & Language Therapy,paid,Patient,A.P,30.0,30.0,30.0,0.0
3030,2026,TY,2026Q3,2026-07,2026-07-30,2026-07-30,2257,Speech & Language Therapy,no_charge,Patient,A.P,0.0,0.0,0.0,0.0
3031,2026,TY,2026Q3,2026-07,2026-07-30,2026-07-30,2257,Speech & Language Therapy,paid,Texas Children's Health Plan,A.P,80.84,80.84,80.84,0.0
3032,2026,TY,2026Q3,2026-07,2026-07-30,2026-07-30,2258,Speech & Language Therapy,no_charge,Patient,A.P,0.0,0.0,0.0,0.0
3033,2026,TY,2026Q3,2026-07,2026-07-30,2026-07-30,2258,Speech & Language Therapy,paid,Community Health Choice,A.P,86.22,86.22,86.22,0.0
3034,2026,TY,2026Q3,2026-07,2026-07-30,2026-07-30,2259,Speech & Language Therapy,no_charge,Patient,A.P,0.0,0.0,0.0,0.0
3035,2026,TY,2026Q3,2026-07,2026-07-30,2026-07-30,2259,Speech & Language Therapy,paid,Texas Children's Health Plan,A.P,80.84,80.84,80.84,0.0
3036,2026,TY,2026Q3,2026-07,2026-07-30,2026-07-30,2260,Speech & Language Therapy,no_charge,Patient,A.P,0.0,0.0,0.0,0.0
3037,2026,TY,2026Q3,2026-07,2026-07-30,2026-07-30,2260,Speech & Language Therapy,paid,Texas Children's Health Plan,A.P,80.84,80.84,80.84,0.0
3038,2026,TY,2026Q3,2026-07,2026-07-30,2026-07-30,2261,Speech & Language Therapy - Telehealth,no_charge,Patient,T.V,0.0,0.0,0.0,0.0
3039,2026,TY,2026Q3,2026-07,2026-07-30,2026-07-30,2261,Speech & Language Therapy - Telehealth,paid,Texas Children's Health Plan,T.V,64.67,64.67,64.67,0.0
3040,2026,TY,2026Q3,2026-07,2026-07-30,2026-07-30,2262,Speech & Language Therapy,paid,Patient,J.G,90.0,90.0,90.0,0.0
3041,2026,TY,2026Q3,2026-07,2026-07-30,2026-07-30,2263,Speech & Language Therapy - Telehealth,paid,BlueCross BlueShield of Texas,J.G,55.14,55.14,55.14,0.0
3042,2026,TY,2026Q3,2026-07,2026-07-30,2026-07-30,2263,Speech & Language Therapy - Telehealth,paid,Patient,J.G,13.78,13.78,13.78,0.0
3043,2026,TY,2026Q3,2026-07,2026-07-30,2026-07-30,2264,Speech & Language Therapy,no_charge,Patient,K.G,0.0,0.0,0.0,0.0
3044,2026,TY,2026Q3,2026-07,2026-07-30,2026-07-30,2264,Speech & Language Therapy,paid,Texas Children's Health Plan,K.G,64.67,64.67,64.67,0.0
3045,2026,TY,2026Q3,2026-07,2026-07-30,2026-07-30,2265,Speech & Language Therapy,no_charge,Patient,K.G,0.0,0.0,0.0,0.0
3046,2026,TY,2026Q3,2026-07,2026-07-30,2026-07-30,2265,Speech & Language Therapy,paid,Texas Children's Health Plan,K.G,64.67,64.67,64.67,0.0
3047,2026,TY,2026Q3,2026-07,2026-07-30,2026-07-30,2266,Speech & Language Therapy,no_charge,Patient,T.V,0.0,0.0,0.0,0.0
3048,2026,TY,2026Q3,2026-07,2026-07-30,2026-07-30,2266,Speech & Language Therapy,paid,Texas Children's Health Plan,T.V,64.67,64.67,64.67,0.0
3049,2026,TY,2026Q3,2026-07,2026-07-30,2026-07-30,2267,Speech & Language Therapy,no_charge,Patient,T.V,0.0,0.0,0.0,0.0
3050,2026,TY,2026Q3,2026-07,2026-07-30,2026-07-30,2267,Speech & Language Therapy,paid,Texas Children's Health Plan,T.V,64.67,64.67,64.67,0.0
3051,2026,TY,2026Q3,2026-07,2026-07-31,2026-07-31,2268,"Speech therapy, re-evaluation",no_charge,Patient,A.P,0.0,0.0,0.0,0.0
3052,2026,TY,2026Q3,2026-07,2026-07-31,2026-07-31,2268,"Speech therapy, re-evaluation",paid,Texas Children's Health Plan,A.P,89.15,89.15,89.15,0.0
3053,2026,TY,2026Q3,2026-07,2026-07-31,2026-07-31,2269,Speech & Language Therapy,no_charge,Patient,K.G,0.0,0.0,0.0,0.0
3054,2026,TY,2026Q3,2026-07,2026-07-31,2026-07-31,2269,Speech & Language Therapy,paid,Texas Children's Health Plan,K.G,64.67,64.67,64.67,0.0
3055,2026,TY,2026Q3,2026-07,2026-07-31,2026-07-31,2270,Speech & Language Therapy,no_charge,Patient,K.G,0.0,0.0,0.0,0.0
3056,2026,TY,2026Q3,2026-07,2026-07-31,2026-07-31,2270,Speech & Language Therapy,paid,Texas Children's Health Plan,K.G,64.67,64.67,64.67,0.0
3057,2026,TY,2026Q3,2026-08,2026-08-01,2026-08-01,2271,Speech & Language Therapy,paid,Patient,K.G,70.0,70.0,70.0,0.0
3058,2026,TY,2026Q3,2026-08,2026-08-01,2026-08-01,2272,Speech & Language Therapy,no_charge,Patient,K.G,0.0,0.0,0.0,0.0
3059,2026,TY,2026Q3,2026-08,2026-08-01,2026-08-01,2272,Speech & Language Therapy,paid,Texas Children's Health Plan,K.G,64.67,64.67,64.67,0.0
3060,2026,TY,2026Q3,2026-08,2026-08-01,2026-08-01,2273,Speech & Language Therapy - No Show,no_charge,Patient,K.G,0.0,0.0,0.0,0.0
3061,2026,TY,2026Q3,2026-08,2026-08-01,2026-08-01,2274,Speech & Language Therapy,no_charge,Patient,K.G,0.0,0.0,0.0,0.0
3062,2026,TY,2026Q3,2026-08,2026-08-01,2026-08-01,2274,Speech & Language Therapy,paid,Texas Children's Health Plan,K.G,64.67,64.67,64.67,0.0
3063,2026,TY,2026Q3,2026-08,2026-08-01,2026-08-01,2275,Speech & Language Therapy - Telehealth,no_charge,Patient,K.G,0.0,0.0,0.0,0.0
3064,2026,TY,2026Q3,2026-08,2026-08-01,2026-08-01,2275,Speech & Language Therapy - Telehealth,paid,Texas Children's Health Plan,K.G,64.67,64.67,64.67,0.0
3065,2026,TY,2026Q3,2026-08,2026-08-01,2026-08-01,2276,Speech & Language Therapy,no_charge,Patient,K.G,0.0,0.0,0.0,0.0
3066,2026,TY,2026Q3,2026-08,2026-08-01,2026-08-01,2276,Speech & Language Therapy,paid,Texas Children's Health Plan,K.G,64.67,64.67,64.67,0.0
3067,2026,TY,2026Q3,2026-08,2026-08-03,2026-08-03,2277,Speech & Language Evaluation,no_charge,Patient,A.P,0.0,0.0,0.0,0.0
3068,2026,TY,2026Q3,2026-08,2026-08-03,2026-08-03,2277,Speech & Language Evaluation,paid,Texas Children's Health Plan,A.P,127.36,127.36,127.36,0.0
3069,2026,TY,2026Q3,2026-08,2026-08-03,2026-08-03,2278,Speech & Language Therapy,paid,BlueCross BlueShield of Texas,A.P,43.92,43.92,43.92,0.0
3070,2026,TY,2026Q3,2026-08,2026-08-03,2026-08-03,2278,Speech & Language Therapy,paid,Patient,A.P,25.0,25.0,25.0,0.0
3071,2026,TY,2026Q3,2026-08,2026-08-03,2026-08-03,2279,Speech & Language Therapy,no_charge,Patient,A.P,0.0,0.0,0.0,0.0
3072,2026,TY,2026Q3,2026-08,2026-08-03,2026-08-03,2279,Speech & Language Therapy,paid,Texas Children's Health Plan,A.P,80.84,80.84,80.84,0.0
3073,2026,TY,2026Q3,2026-08,2026-08-03,2026-08-03,2280,Speech & Language Therapy,no_charge,Patient,A.P,0.0,0.0,0.0,0.0
3074,2026,TY,2026Q3,2026-08,2026-08-03,2026-08-03,2280,Speech & Language Therapy,paid,Texas Children's Health Plan,A.P,80.84,80.84,80.84,0.0
3075,2026,TY,2026Q3,2026-08,2026-08-03,2026-08-03,2281,Speech & Language Therapy,paid,BlueCross BlueShield of Texas,A.P,38.92,38.92,38.92,0.0
3076,2026,TY,2026Q3,2026-08,2026-08-03,2026-08-03,2281,Speech & Language Therapy,paid,Patient,A.P,30.0,30.0,30.0,0.0
3077,2026,TY,2026Q3,2026-08,2026-08-03,2026-08-03,2282,Speech & Language Therapy,no_charge,Patient,A.P,0.0,0.0,0.0,0.0
3078,2026,TY,2026Q3,2026-08,2026-08-03,2026-08-03,2282,Speech & Language Therapy,paid,Texas Children's Health Plan,A.P,80.84,80.84,80.84,0.0
3079,2026,TY,2026Q3,2026-08,2026-08-03,2026-08-03,2283,Speech & Language Therapy,no_charge,Patient,A.P,0.0,0.0,0.0,0.0
3080,2026,TY,2026Q3,2026-08,2026-08-03,2026-08-03,2283,Speech & Language Therapy,paid,Texas Children's Health Plan,A.P,80.84,80.84,80.84,0.0
3081,2026,TY,2026Q3,2026-08,2026-08-03,2026-08-03,2284,Speech & Language Therapy - No Show,no_charge,Patient,A.P,0.0,0.0,0.0,0.0
3082,2026,TY,2026Q3,2026-08,2026-08-03,2026-08-03,2285,Speech & Language Therapy - Telehealth,no_charge,Patient,T.V,0.0,0.0,0.0,0.0
3083,2026,TY,2026Q3,2026-08,2026-08-03,2026-08-03,2285,Speech & Language Therapy - Telehealth,paid,Texas Children's Health Plan,T.V,64.67,64.67,64.67,0.0
3084,2026,TY,2026Q3,2026-08,2026-08-03,2026-08-03,2286,Speech & Language Therapy,no_charge,Patient,T.V,0.0,0.0,0.0,0.0
3085,2026,TY,2026Q3,2026-08,2026-08-03,2026-08-03,2286,Speech & Language Therapy,paid,Texas Children's Health Plan - CHIP,T.V,64.67,64.67,64.67,0.0
3086,2026,TY,2026Q3,2026-08,2026-08-03,2026-08-03,2287,Speech & Language Therapy,no_charge,Patient,T.V,0.0,0.0,0.0,0.0
3087,2026,TY,2026Q3,2026-08,2026-08-03,2026-08-03,2287,Speech & Language Therapy,paid,Texas Children's Health Plan - CHIP,T.V,64.67,64.67,64.67,0.0
3088,2026,TY,2026Q3,2026-08,2026-08-03,2026-08-03,2288,Speech & Language Therapy,no_charge,Patient,T.V,0.0,0.0,0.0,0.0
3089,2026,TY,2026Q3,2026-08,2026-08-03,2026-08-03,2288,Speech & Language Therapy,paid,Texas Children's Health Plan,T.V,64.67,64.67,64.67,0.0
3090,2026,TY,2026Q3,2026-08,2026-08-03,2026-08-03,2289,Speech & Language Therapy,no_charge,Patient,T.V,0.0,0.0,0.0,0.0
3091,2026,TY,2026Q3,2026-08,2026-08-03,2026-08-03,2289,Speech & Language Therapy,paid,Texas Children's Health Plan,T.V,64.67,64.67,64.67,0.0
3092,2026,TY,2026Q3,2026-08,2026-08-04,2026-08-04,2290,Speech & Language Therapy,no_charge,Patient,A.P,0.0,0.0,0.0,0.0
3093,2026,TY,2026Q3,2026-08,2026-08-04,2026-08-04,2290,Speech & Language Therapy,paid,Texas Children's Health Plan,A.P,80.84,80.84,80.84,0.0
3094,2026,TY,2026Q3,2026-08,2026-08-04,2026-08-04,2291,Speech & Language Therapy,no_charge,Patient,A.P,0.0,0.0,0.0,0.0
3095,2026,TY,2026Q3,2026-08,2026-08-04,2026-08-04,2291,Speech & Language Therapy,paid,Texas Children's Health Plan,A.P,80.84,80.84,80.84,0.0
3096,2026,TY,2026Q3,2026-08,2026-08-04,2026-08-04,2292,Speech & Language Therapy,no_charge,Patient,A.P,0.0,0.0,0.0,0.0
3097,2026,TY,2026Q3,2026-08,2026-08-04,2026-08-04,2292,Speech & Language Therapy,paid,Texas Children's Health Plan,A.P,80.84,80.84,80.84,0.0
3098,2026,TY,2026Q3,2026-08,2026-08-04,2026-08-04,2293,Speech & Language Therapy,no_charge,Patient,A.P,0.0,0.0,0.0,0.0
3099,2026,TY,2026Q3,2026-08,2026-08-04,2026-08-04,2293,Speech & Language Therapy,paid,Texas Children's Health Plan,A.P,80.84,80.84,80.84,0.0
3100,2026,TY,2026Q3,2026-08,2026-08-04,2026-08-04,2294,Speech & Language Therapy,no_charge,Patient,A.P,0.0,0.0,0.0,0.0
3101,2026,TY,2026Q3,2026-08,2026-08-04,2026-08-04,2294,Speech & Language Therapy,paid,Community Health Choice,A.P,86.22,86.22,86.22,0.0
3102,2026,TY,2026Q3,2026-08,2026-08-04,2026-08-04,2297,Speech & Language Therapy - No Show,no_charge,Patient,A.P,0.0,0.0,0.0,0.0
3103,2026,TY,2026Q3,2026-08,2026-08-04,2026-08-04,2298,Speech & Language Therapy,no_charge,Patient,A.P,0.0,0.0,0.0,0.0
3104,2026,TY,2026Q3,2026-08,2026-08-04,2026-08-04,2298,Speech & Language Therapy,paid,Texas Children's Health Plan,A.P,80.84,80.84,80.84,0.0
3105,2026,TY,2026Q3,2026-08,2026-08-04,2026-08-04,2299,Speech & Language Therapy - Telehealth,no_charge,Patient,A.P,0.0,0.0,0.0,0.0
3106,2026,TY,2026Q3,2026-08,2026-08-04,2026-08-04,2299,Speech & Language Therapy - Telehealth,paid,Texas Children's Health Plan,A.P,80.84,80.84,80.84,0.0
3107,2026,TY,2026Q3,2026-08,2026-08-04,2026-08-04,2300,Speech & Language Therapy,paid,Patient,J.G,90.0,90.0,90.0,0.0
3108,2026,TY,2026Q3,2026-08,2026-08-04,2026-08-04,2301,Speech & Language Therapy,no_charge,Patient,T.V,0.0,0.0,0.0,0.0
3109,2026,TY,2026Q3,2026-08,2026-08-04,2026-08-04,2301,Speech & Language Therapy,paid,Texas Children's Health Plan - CHIP,T.V,64.67,64.67,64.67,0.0
3110,2026,TY,2026Q3,2026-08,2026-08-04,2026-08-04,2302,Speech & Language Therapy - Telehealth,paid,BlueCross BlueShield of Texas,J.G,55.14,55.14,55.14,0.0
3111,2026,TY,2026Q3,2026-08,2026-08-04,2026-08-04,2302,Speech & Language Therapy - Telehealth,paid,Patient,J.G,13.78,13.78,13.78,0.0
3112,2026,TY,2026Q3,2026-08,2026-08-04,2026-08-04,2303,Speech & Language Therapy,no_charge,Patient,T.V,0.0,0.0,0.0,0.0
3113,2026,TY,2026Q3,2026-08,2026-08-04,2026-08-04,2303,Speech & Language Therapy,paid,Texas Children's Health Plan,T.V,64.67,64.67,64.67,0.0
3114,2026,TY,2026Q3,2026-08,2026-08-04,2026-08-04,2304,Speech & Language Therapy - No Show,no_charge,Patient,T.V,0.0,0.0,0.0,0.0
3115,2026,TY,2026Q3,2026-08,2026-08-04,2026-08-04,2305,Speech & Language Therapy,paid,BlueCross BlueShield of Texas,J.G,28.92,28.92,28.92,0.0
3116,2026,TY,2026Q3,2026-08,2026-08-04,2026-08-04,2305,Speech & Language Therapy,paid,Patient,J.G,40.0,40.0,40.0,0.0
3117,2026,TY,2026Q3,2026-08,2026-08-05,2026-08-05,2307,Speech & Language Therapy,no_charge,Patient,A.P,0.0,0.0,0.0,0.0
3118,2026,TY,2026Q3,2026-08,2026-08-05,2026-08-05,2307,Speech & Language Therapy,paid,Texas Children's Health Plan,A.P,80.84,80.84,80.84,0.0
3119,2026,TY,2026Q3,2026-08,2026-08-05,2026-08-05,2308,Speech & Language Therapy,no_charge,Patient,A.P,0.0,0.0,0.0,0.0
3120,2026,TY,2026Q3,2026-08,2026-08-05,2026-08-05,2308,Speech & Language Therapy,paid,Texas Children's Health Plan,A.P,80.84,80.84,80.84,0.0
3121,2026,TY,2026Q3,2026-08,2026-08-05,2026-08-05,2309,Speech & Language Therapy,no_charge,Patient,A.P,0.0,0.0,0.0,0.0
3122,2026,TY,2026Q3,2026-08,2026-08-05,2026-08-05,2309,Speech & Language Therapy,paid,Texas Children's Health Plan,A.P,80.84,80.84,80.84,0.0
3123,2026,TY,2026Q3,2026-08,2026-08-05,2026-08-05,2310,Speech & Language Therapy,no_charge,Patient,A.P,0.0,0.0,0.0,0.0
3124,2026,TY,2026Q3,2026-08,2026-08-05,2026-08-05,2310,Speech & Language Therapy,paid,Texas Children's Health Plan,A.P,80.84,80.84,80.84,0.0
3125,2026,TY,2026Q3,2026-08,2026-08-05,2026-08-05,2311,Speech & Language Therapy,paid,BlueCross BlueShield of Texas,A.P,38.92,38.92,38.92,0.0
3126,2026,TY,2026Q3,2026-08,2026-08-05,2026-08-05,2311,Speech & Language Therapy,paid,Patient,A.P,30.0,30.0,30.0,0.0
3127,2026,TY,2026Q3,2026-08,2026-08-05,2026-08-05,2312,Speech & Language Therapy,no_charge,Patient,A.P,0.0,0.0,0.0,0.0
3128,2026,TY,2026Q3,2026-08,2026-08-05,2026-08-05,2312,Speech & Language Therapy,paid,Texas Children's Health Plan,A.P,80.84,80.84,80.84,0.0
3129,2026,TY,2026Q3,2026-08,2026-08-05,2026-08-05,2313,Speech & Language Therapy,no_charge,Patient,A.P,0.0,0.0,0.0,0.0
3130,2026,TY,2026Q3,2026-08,2026-08-05,2026-08-05,2313,Speech & Language Therapy,paid,Texas Children's Health Plan,A.P,80.84,80.84,80.84,0.0
3131,2026,TY,2026Q3,2026-08,2026-08-05,2026-08-05,2314,Speech & Language Therapy,no_charge,Patient,A.P,0.0,0.0,0.0,0.0
3132,2026,TY,2026Q3,2026-08,2026-08-05,2026-08-05,2314,Speech & Language Therapy,paid,Texas Children's Health Plan,A.P,80.84,80.84,80.84,0.0
3133,2026,TY,2026Q3,2026-08,2026-08-05,2026-08-05,2315,Speech & Language Therapy - Telehealth,no_charge,Patient,A.P,0.0,0.0,0.0,0.0
3134,2026,TY,2026Q3,2026-08,2026-08-05,2026-08-05,2315,Speech & Language Therapy - Telehealth,paid,Texas Children's Health Plan,A.P,80.84,80.84,80.84,0.0
3135,2026,TY,2026Q3,2026-08,2026-08-05,2026-08-05,2316,Speech & Language Therapy,paid,BlueCross BlueShield of Texas,J.G,28.92,28.92,28.92,0.0
3136,2026,TY,2026Q3,2026-08,2026-08-05,2026-08-05,2316,Speech & Language Therapy,paid,Patient,J.G,40.0,40.0,40.0,0.0
3137,2026,TY,2026Q3,2026-08,2026-08-05,2026-08-05,2317,Speech & Language Therapy - Telehealth,paid,BlueCross BlueShield of Texas,J.G,18.92,18.92,18.92,0.0
3138,2026,TY,2026Q3,2026-08,2026-08-05,2026-08-05,2317,Speech & Language Therapy - Telehealth,paid,Patient,J.G,50.0,50.0,50.0,0.0
3139,2026,TY,2026Q3,2026-08,2026-08-05,2026-08-05,2318,Speech & Language Therapy,paid,BlueCross BlueShield of Texas,J.G,48.25,48.25,48.25,0.0
3140,2026,TY,2026Q3,2026-08,2026-08-05,2026-08-05,2318,Speech & Language Therapy,paid,Patient,J.G,20.67,20.67,20.67,0.0
3141,2026,TY,2026Q3,2026-08,2026-08-06,2026-08-06,2319,Speech & Language Therapy,paid,BlueCross BlueShield of Texas,A.P,33.92,33.92,33.92,0.0
3142,2026,TY,2026Q3,2026-08,2026-08-06,2026-08-06,2319,Speech & Language Therapy,paid,Patient,A.P,35.0,35.0,35.0,0.0
3143,2026,TY,2026Q3,2026-08,2026-08-06,2026-08-06,2320,Speech & Language Therapy,paid,BlueCross BlueShield of Texas,A.P,38.92,38.92,38.92,0.0
3144,2026,TY,2026Q3,2026-08,2026-08-06,2026-08-06,2320,Speech & Language Therapy,paid,Patient,A.P,30.0,30.0,30.0,0.0
3145,2026,TY,2026Q3,2026-08,2026-08-06,2026-08-06,2321,Speech & Language Therapy,no_charge,Patient,A.P,0.0,0.0,0.0,0.0
3146,2026,TY,2026Q3,2026-08,2026-08-06,2026-08-06,2321,Speech & Language Therapy,paid,Texas Children's Health Plan,A.P,80.84,80.84,80.84,0.0
3147,2026,TY,2026Q3,2026-08,2026-08-06,2026-08-06,2322,Speech & Language Therapy,no_charge,Patient,A.P,0.0,0.0,0.0,0.0
3148,2026,TY,2026Q3,2026-08,2026-08-06,2026-08-06,2322,Speech & Language Therapy,paid,Texas Children's Health Plan,A.P,80.84,80.84,80.84,0.0
3149,2026,TY,2026Q3,2026-08,2026-08-06,2026-08-06,2323,Speech & Language Therapy,no_charge,Patient,A.P,0.0,0.0,0.0,0.0
3150,2026,TY,2026Q3,2026-08,2026-08-06,2026-08-06,2323,Speech & Language Therapy,paid,Community Health Choice,A.P,86.22,86.22,86.22,0.0
3151,2026,TY,2026Q3,2026-08,2026-08-06,2026-08-06,2324,Speech & Language Therapy,no_charge,Patient,A.P,0.0,0.0,0.0,0.0
3152,2026,TY,2026Q3,2026-08,2026-08-06,2026-08-06,2324,Speech & Language Therapy,paid,Texas Children's Health Plan,A.P,80.84,80.84,80.84,0.0
3153,2026,TY,2026Q3,2026-08,2026-08-06,2026-08-06,2325,Speech & Language Therapy,no_charge,Patient,A.P,0.0,0.0,0.0,0.0
3154,2026,TY,2026Q3,2026-08,2026-08-06,2026-08-06,2325,Speech & Language Therapy,paid,Texas Children's Health Plan,A.P,80.84,80.84,80.84,0.0
3155,2026,TY,2026Q3,2026-08,2026-08-06,2026-08-06,2326,Speech & Language Therapy,no_charge,Patient,A.P,0.0,0.0,0.0,0.0
3156,2026,TY,2026Q3,2026-08,2026-08-06,2026-08-06,2326,Speech & Language Therapy,paid,Community Health Choice,A.P,86.22,86.22,86.22,0.0
3157,2026,TY,2026Q3,2026-08,2026-08-06,2026-08-06,2327,Speech & Language Therapy,no_charge,Patient,A.P,0.0,0.0,0.0,0.0
3158,2026,TY,2026Q3,2026-08,2026-08-06,2026-08-06,2327,Speech & Language Therapy,paid,Texas Children's Health Plan,A.P,80.84,80.84,80.84,0.0
3159,2026,TY,2026Q3,2026-08,2026-08-06,2026-08-06,2328,Speech & Language Therapy,no_charge,Patient,T.V,0.0,0.0,0.0,0.0
3160,2026,TY,2026Q3,2026-08,2026-08-06,2026-08-06,2328,Speech & Language Therapy,paid,Texas Children's Health Plan,T.V,64.67,64.67,64.67,0.0
3161,2026,TY,2026Q3,2026-08,2026-08-06,2026-08-06,2329,Speech & Language Therapy,no_charge,Patient,T.V,0.0,0.0,0.0,0.0
3162,2026,TY,2026Q3,2026-08,2026-08-06,2026-08-06,2329,Speech & Language Therapy,paid,Texas Children's Health Plan,T.V,64.67,64.67,64.67,0.0
3163,2026,TY,2026Q3,2026-08,2026-08-07,2026-08-07,2330,Speech & Language Evaluation,no_charge,Patient,A.P,0.0,0.0,0.0,0.0
3164,2026,TY,2026Q3,2026-08,2026-08-07,2026-08-07,2330,Speech & Language Evaluation,paid,Texas Children's Health Plan,A.P,127.36,127.36,127.36,0.0
3165,2026,TY,2026Q3,2026-08,2026-08-07,2026-08-07,2331,"Speech therapy, re-evaluation",no_charge,Patient,A.P,0.0,0.0,0.0,0.0
3166,2026,TY,2026Q3,2026-08,2026-08-07,2026-08-07,2331,"Speech therapy, re-evaluation",paid,Texas Children's Health Plan - CHIP,A.P,89.15,89.15,89.15,0.0
3167,2026,TY,2026Q3,2026-08,2026-08-07,2026-08-07,2332,Speech & Language Evaluation,no_charge,Patient,A.P,0.0,0.0,0.0,0.0
3168,2026,TY,2026Q3,2026-08,2026-08-07,2026-08-07,2332,Speech & Language Evaluation,no_charge,UnitedHealthcare - Commercial,A.P,0.0,0.0,0.0,0.0
3169,2026,TY,2026Q3,2026-08,2026-08-07,2026-08-07,2332,Speech & Language Evaluation,paid,UnitedHealthcare - Medicaid,A.P,149.43,149.43,149.43,0.0
3170,2026,TY,2026Q3,2026-08,2026-08-07,2026-08-07,2333,Speech & Language Evaluation,no_charge,Patient,A.P,0.0,0.0,0.0,0.0
3171,2026,TY,2026Q3,2026-08,2026-08-07,2026-08-07,2333,Speech & Language Evaluation,paid,Texas Children's Health Plan,A.P,127.36,127.36,127.36,0.0
3172,2026,TY,2026Q3,2026-08,2026-08-08,2026-08-08,2334,Speech & Language Therapy,paid,Patient,K.G,70.0,70.0,70.0,0.0
3173,2026,TY,2026Q3,2026-08,2026-08-08,2026-08-08,2335,Speech & Language Therapy,no_charge,Patient,K.G,0.0,0.0,0.0,0.0
3174,2026,TY,2026Q3,2026-08,2026-08-08,2026-08-08,2335,Speech & Language Therapy,paid,Texas Children's Health Plan,K.G,64.67,64.67,64.67,0.0
3175,2026,TY,2026Q3,2026-08,2026-08-08,2026-08-08,2336,Speech & Language Therapy - Telehealth,no_charge,Patient,K.G,0.0,0.0,0.0,0.0
3176,2026,TY,2026Q3,2026-08,2026-08-08,2026-08-08,2336,Speech & Language Therapy - Telehealth,paid,Texas Children's Health Plan,K.G,64.67,64.67,64.67,0.0
3177,2026,TY,2026Q3,2026-08,2026-08-08,2026-08-08,2337,Speech & Language Therapy,no_charge,Patient,K.G,0.0,0.0,0.0,0.0
3178,2026,TY,2026Q3,2026-08,2026-08-08,2026-08-08,2337,Speech & Language Therapy,paid,Texas Children's Health Plan,K.G,64.67,64.67,64.67,0.0
3179,2026,TY,2026Q3,2026-08,2026-08-10,2026-08-10,2338,Speech & Language Evaluation,no_charge,Patient,A.P,0.0,0.0,0.0,0.0
3180,2026,TY,2026Q3,2026-08,2026-08-10,2026-08-10,2338,Speech & Language Evaluation,paid,Texas Children's Health Plan,A.P,127.36,127.36,127.36,0.0
3181,2026,TY,2026Q3,2026-08,2026-08-10,2026-08-10,2339,Speech & Language Therapy,no_charge,Patient,A.P,0.0,0.0,0.0,0.0
3182,2026,TY,2026Q3,2026-08,2026-08-10,2026-08-10,2339,Speech & Language Therapy,paid,Texas Children's Health Plan,A.P,80.84,80.84,80.84,0.0
3183,2026,TY,2026Q3,2026-08,2026-08-10,2026-08-10,2340,Speech & Language Therapy,no_charge,Patient,A.P,0.0,0.0,0.0,0.0
3184,2026,TY,2026Q3,2026-08,2026-08-10,2026-08-10,2340,Speech & Language Therapy,paid,Texas Children's Health Plan,A.P,80.84,80.84,80.84,0.0
3185,2026,TY,2026Q3,2026-08,2026-08-10,2026-08-10,2341,"Speech therapy, re-evaluation",paid,BlueCross BlueShield of Texas,A.P,170.0,170.0,170.0,0.0
3186,2026,TY,2026Q3,2026-08,2026-08-10,2026-08-10,2341,"Speech therapy, re-evaluation",paid,Patient,A.P,30.0,30.0,30.0,0.0
3187,2026,TY,2026Q3,2026-08,2026-08-10,2026-08-10,2342,Speech & Language Therapy,no_charge,Patient,A.P,0.0,0.0,0.0,0.0
3188,2026,TY,2026Q3,2026-08,2026-08-10,2026-08-10,2342,Speech & Language Therapy,paid,Texas Children's Health Plan,A.P,80.84,80.84,80.84,0.0
3189,2026,TY,2026Q3,2026-08,2026-08-10,2026-08-10,2343,Speech & Language Evaluation,no_charge,Patient,A.P,0.0,0.0,0.0,0.0
3190,2026,TY,2026Q3,2026-08,2026-08-10,2026-08-10,2343,Speech & Language Evaluation,paid,Texas Children's Health Plan,A.P,127.36,127.36,127.36,0.0
3191,2026,TY,2026Q3,2026-08,2026-08-10,2026-08-10,2344,Speech & Language Therapy - Telehealth,no_charge,Patient,T.V,0.0,0.0,0.0,0.0
3192,2026,TY,2026Q3,2026-08,2026-08-10,2026-08-10,2344,Speech & Language Therapy - Telehealth,paid,Texas Children's Health Plan,T.V,64.67,64.67,64.67,0.0
3193,2026,TY,2026Q3,2026-08,2026-08-10,2026-08-10,2345,Speech & Language Therapy,no_charge,Patient,T.V,0.0,0.0,0.0,0.0
3194,2026,TY,2026Q3,2026-08,2026-08-10,2026-08-10,2345,Speech & Language Therapy,paid,Texas Children's Health Plan - CHIP,T.V,64.67,64.67,64.67,0.0
3195,2026,TY,2026Q3,2026-08,2026-08-10,2026-08-10,2346,Speech & Language Therapy,no_charge,Patient,T.V,0.0,0.0,0.0,0.0
3196,2026,TY,2026Q3,2026-08,2026-08-10,2026-08-10,2346,Speech & Language Therapy,paid,Texas Children's Health Plan - CHIP,T.V,64.67,64.67,64.67,0.0
3197,2026,TY,2026Q3,2026-08,2026-08-10,2026-08-10,2347,Speech & Language Therapy,no_charge,Patient,T.V,0.0,0.0,0.0,0.0
3198,2026,TY,2026Q3,2026-08,2026-08-10,2026-08-10,2347,Speech & Language Therapy,paid,Texas Children's Health Plan,T.V,64.67,64.67,64.67,0.0
3199,2026,TY,2026Q3,2026-08,2026-08-10,2026-08-10,2348,Speech & Language Therapy,no_charge,Patient,T.V,0.0,0.0,0.0,0.0
3200,2026,TY,2026Q3,2026-08,2026-08-10,2026-08-10,2348,Speech & Language Therapy,paid,Texas Children's Health Plan,T.V,64.67,64.67,64.67,0.0
3201,2026,TY,2026Q3,2026-08,2026-08-11,2026-08-11,2349,Speech & Language Therapy,no_charge,Patient,A.P,0.0,0.0,0.0,0.0
3202,2026,TY,2026Q3,2026-08,2026-08-11,2026-08-11,2349,Speech & Language Therapy,paid,Texas Children's Health Plan,A.P,80.84,80.84,80.84,0.0
3203,2026,TY,2026Q3,2026-08,2026-08-11,2026-08-11,2350,Speech & Language Therapy,no_charge,Patient,A.P,0.0,0.0,0.0,0.0
3204,2026,TY,2026Q3,2026-08,2026-08-11,2026-08-11,2350,Speech & Language Therapy,paid,Texas Children's Health Plan,A.P,80.84,80.84,80.84,0.0
3205,2026,TY,2026Q3,2026-08,2026-08-11,2026-08-11,2351,Speech & Language Therapy,no_charge,Patient,A.P,0.0,0.0,0.0,0.0
3206,2026,TY,2026Q3,2026-08,2026-08-11,2026-08-11,2351,Speech & Language Therapy,paid,Texas Children's Health Plan,A.P,80.84,80.84,80.84,0.0
3207,2026,TY,2026Q3,2026-08,2026-08-11,2026-08-11,2352,Speech & Language Therapy,no_charge,Patient,A.P,0.0,0.0,0.0,0.0
3208,2026,TY,2026Q3,2026-08,2026-08-11,2026-08-11,2352,Speech & Language Therapy,paid,Texas Children's Health Plan,A.P,80.84,80.84,80.84,0.0
3209,2026,TY,2026Q3,2026-08,2026-08-11,2026-08-11,2353,Speech & Language Therapy,no_charge,Patient,A.P,0.0,0.0,0.0,0.0
3210,2026,TY,2026Q3,2026-08,2026-08-11,2026-08-11,2353,Speech & Language Therapy,paid,Community Health Choice,A.P,86.22,86.22,86.22,0.0
3211,2026,TY,2026Q3,2026-08,2026-08-11,2026-08-11,2354,Speech & Language Therapy,no_charge,Patient,A.P,0.0,0.0,0.0,0.0
3212,2026,TY,2026Q3,2026-08,2026-08-11,2026-08-11,2354,Speech & Language Therapy,paid,Community Health Choice,A.P,86.22,86.22,86.22,0.0
3213,2026,TY,2026Q3,2026-08,2026-08-11,2026-08-11,2355,Speech & Language Therapy - Telehealth,no_charge,Patient,A.P,0.0,0.0,0.0,0.0
3214,2026,TY,2026Q3,2026-08,2026-08-11,2026-08-11,2355,Speech & Language Therapy - Telehealth,paid,Texas Children's Health Plan,A.P,80.84,80.84,80.84,0.0
3215,2026,TY,2026Q3,2026-08,2026-08-11,2026-08-11,2356,Speech & Language Therapy,paid,Patient,J.G,90.0,90.0,90.0,0.0
3216,2026,TY,2026Q3,2026-08,2026-08-11,2026-08-11,2357,Speech & Language Therapy - Telehealth,paid,BlueCross BlueShield of Texas,J.G,55.14,55.14,55.14,0.0
3217,2026,TY,2026Q3,2026-08,2026-08-11,2026-08-11,2357,Speech & Language Therapy - Telehealth,paid,Patient,J.G,13.78,13.78,13.78,0.0
3218,2026,TY,2026Q3,2026-08,2026-08-11,2026-08-11,2358,Speech & Language Therapy,no_charge,Patient,T.V,0.0,0.0,0.0,0.0
3219,2026,TY,2026Q3,2026-08,2026-08-11,2026-08-11,2358,Speech & Language Therapy,paid,Texas Children's Health Plan - CHIP,T.V,64.67,64.67,64.67,0.0
3220,2026,TY,2026Q3,2026-08,2026-08-11,2026-08-11,2359,Speech & Language Therapy,no_charge,Patient,T.V,0.0,0.0,0.0,0.0
3221,2026,TY,2026Q3,2026-08,2026-08-11,2026-08-11,2359,Speech & Language Therapy,paid,Texas Children's Health Plan - CHIP,T.V,64.67,64.67,64.67,0.0
3222,2026,TY,2026Q3,2026-08,2026-08-11,2026-08-11,2360,Speech & Language Therapy,no_charge,BlueCross BlueShield of Texas,J.G,0.0,0.0,0.0,0.0
3223,2026,TY,2026Q3,2026-08,2026-08-11,2026-08-11,2360,Speech & Language Therapy,paid,Patient,J.G,68.92,68.92,68.92,0.0
3224,2026,TY,2026Q3,2026-08,2026-08-11,2026-08-11,2361,Speech & Language Therapy,no_charge,Patient,T.V,0.0,0.0,0.0,0.0
3225,2026,TY,2026Q3,2026-08,2026-08-11,2026-08-11,2361,Speech & Language Therapy,paid,Texas Children's Health Plan,T.V,64.67,64.67,64.67,0.0
3226,2026,TY,2026Q3,2026-08,2026-08-11,2026-08-11,2362,Speech & Language Therapy,paid,BlueCross BlueShield of Texas,J.G,28.92,28.92,28.92,0.0
3227,2026,TY,2026Q3,2026-08,2026-08-11,2026-08-11,2362,Speech & Language Therapy,paid,Patient,J.G,40.0,40.0,40.0,0.0
3228,2026,TY,2026Q3,2026-08,2026-08-12,2026-08-12,2363,Speech & Language Therapy,no_charge,Patient,A.P,0.0,0.0,0.0,0.0
3229,2026,TY,2026Q3,2026-08,2026-08-12,2026-08-12,2363,Speech & Language Therapy,paid,Texas Children's Health Plan,A.P,80.84,80.84,80.84,0.0
3230,2026,TY,2026Q3,2026-08,2026-08-12,2026-08-12,2364,Speech & Language Therapy,no_charge,Patient,A.P,0.0,0.0,0.0,0.0
3231,2026,TY,2026Q3,2026-08,2026-08-12,2026-08-12,2364,Speech & Language Therapy,paid,Texas Children's Health Plan,A.P,80.84,80.84,80.84,0.0
3232,2026,TY,2026Q3,2026-08,2026-08-12,2026-08-12,2365,Speech & Language Therapy,no_charge,Patient,A.P,0.0,0.0,0.0,0.0
3233,2026,TY,2026Q3,2026-08,2026-08-12,2026-08-12,2365,Speech & Language Therapy,paid,Texas Children's Health Plan,A.P,80.84,80.84,80.84,0.0
3234,2026,TY,2026Q3,2026-08,2026-08-12,2026-08-12,2366,Speech & Language Therapy,paid,BlueCross BlueShield of Texas,A.P,38.92,38.92,38.92,0.0
3235,2026,TY,2026Q3,2026-08,2026-08-12,2026-08-12,2366,Speech & Language Therapy,paid,Patient,A.P,30.0,30.0,30.0,0.0
3236,2026,TY,2026Q3,2026-08,2026-08-12,2026-08-12,2367,Speech & Language Therapy,no_charge,Patient,A.P,0.0,0.0,0.0,0.0
3237,2026,TY,2026Q3,2026-08,2026-08-12,2026-08-12,2367,Speech & Language Therapy,paid,Texas Children's Health Plan,A.P,80.84,80.84,80.84,0.0
3238,2026,TY,2026Q3,2026-08,2026-08-12,2026-08-12,2368,Speech & Language Therapy - Telehealth,no_charge,Patient,A.P,0.0,0.0,0.0,0.0
3239,2026,TY,2026Q3,2026-08,2026-08-12,2026-08-12,2368,Speech & Language Therapy - Telehealth,paid,Texas Children's Health Plan,A.P,80.84,80.84,80.84,0.0
3240,2026,TY,2026Q3,2026-08,2026-08-12,2026-08-12,2369,Speech & Language Therapy,paid,BlueCross BlueShield of Texas,J.G,28.92,28.92,28.92,0.0
3241,2026,TY,2026Q3,2026-08,2026-08-12,2026-08-12,2369,Speech & Language Therapy,paid,Patient,J.G,40.0,40.0,40.0,0.0
3242,2026,TY,2026Q3,2026-08,2026-08-12,2026-08-12,2370,Speech & Language Therapy,no_charge,BlueCross BlueShield of Texas,J.G,0.0,0.0,0.0,0.0
3243,2026,TY,2026Q3,2026-08,2026-08-12,2026-08-12,2370,Speech & Language Therapy,paid,Patient,J.G,68.92,68.92,68.92,0.0
3244,2026,TY,2026Q3,2026-08,2026-08-12,2026-08-12,2371,Speech & Language Therapy,paid,BlueCross BlueShield of Texas,J.G,48.25,48.25,48.25,0.0
3245,2026,TY,2026Q3,2026-08,2026-08-12,2026-08-12,2371,Speech & Language Therapy,paid,Patient,J.G,20.67,20.67,20.67,0.0
3246,2026,TY,2026Q3,2026-08,2026-08-13,2026-08-13,2372,"Speech therapy, re-evaluation",no_charge,Patient,A.P,0.0,0.0,0.0,0.0
3247,2026,TY,2026Q3,2026-08,2026-08-13,2026-08-13,2372,"Speech therapy, re-evaluation",paid,Texas Children's Health Plan,A.P,89.15,89.15,89.15,0.0
3248,2026,TY,2026Q3,2026-08,2026-08-13,2026-08-13,2373,Speech & Language Therapy,paid,BlueCross BlueShield of Texas,A.P,33.92,33.92,33.92,0.0
3249,2026,TY,2026Q3,2026-08,2026-08-13,2026-08-13,2373,Speech & Language Therapy,paid,Patient,A.P,35.0,35.0,35.0,0.0
3250,2026,TY,2026Q3,2026-08,2026-08-13,2026-08-13,2374,Speech & Language Therapy,paid,BlueCross BlueShield of Texas,A.P,38.92,38.92,38.92,0.0
3251,2026,TY,2026Q3,2026-08,2026-08-13,2026-08-13,2374,Speech & Language Therapy,paid,Patient,A.P,30.0,30.0,30.0,0.0
3252,2026,TY,2026Q3,2026-08,2026-08-13,2026-08-13,2375,Speech & Language Therapy,no_charge,Patient,A.P,0.0,0.0,0.0,0.0
3253,2026,TY,2026Q3,2026-08,2026-08-13,2026-08-13,2375,Speech & Language Therapy,paid,Texas Children's Health Plan,A.P,80.84,80.84,80.84,0.0
3254,2026,TY,2026Q3,2026-08,2026-08-13,2026-08-13,2376,Speech & Language Therapy,no_charge,Patient,A.P,0.0,0.0,0.0,0.0
3255,2026,TY,2026Q3,2026-08,2026-08-13,2026-08-13,2376,Speech & Language Therapy,paid,Texas Children's Health Plan,A.P,80.84,80.84,80.84,0.0
3256,2026,TY,2026Q3,2026-08,2026-08-13,2026-08-13,2377,Speech & Language Therapy,no_charge,Patient,A.P,0.0,0.0,0.0,0.0
3257,2026,TY,2026Q3,2026-08,2026-08-13,2026-08-13,2377,Speech & Language Therapy,paid,Community Health Choice,A.P,86.22,86.22,86.22,0.0
3258,2026,TY,2026Q3,2026-08,2026-08-13,2026-08-13,2378,Speech & Language Therapy,paid,Patient,J.G,90.0,90.0,90.0,0.0
3259,2026,TY,2026Q3,2026-08,2026-08-13,2026-08-13,2379,Speech & Language Therapy - Telehealth,no_charge,Patient,T.V,0.0,0.0,0.0,0.0
3260,2026,TY,2026Q3,2026-08,2026-08-13,2026-08-13,2379,Speech & Language Therapy - Telehealth,paid,Texas Children's Health Plan,T.V,64.67,64.67,64.67,0.0
3261,2026,TY,2026Q3,2026-08,2026-08-13,2026-08-13,2380,Speech & Language Therapy,no_charge,Patient,T.V,0.0,0.0,0.0,0.0
3262,2026,TY,2026Q3,2026-08,2026-08-13,2026-08-13,2380,Speech & Language Therapy,paid,Texas Children's Health Plan,T.V,64.67,64.67,64.67,0.0
3263,2026,TY,2026Q3,2026-08,2026-08-13,2026-08-13,2381,Speech & Language Therapy - Telehealth,paid,BlueCross BlueShield of Texas,J.G,55.14,55.14,55.14,0.0
3264,2026,TY,2026Q3,2026-08,2026-08-13,2026-08-13,2381,Speech & Language Therapy - Telehealth,paid,Patient,J.G,13.78,13.78,13.78,0.0
3265,2026,TY,2026Q3,2026-08,2026-08-13,2026-08-13,2382,Speech & Language Therapy - No Show,no_charge,Patient,T.V,0.0,0.0,0.0,0.0
3266,2026,TY,2026Q3,2026-08,2026-08-13,2026-08-13,2383,Speech & Language Therapy - No Show,no_charge,Patient,T.V,0.0,0.0,0.0,0.0
3267,2026,TY,2026Q3,2026-08,2026-08-13,2026-08-13,2384,Speech & Language Therapy - No Show,no_charge,Patient,T.V,0.0,0.0,0.0,0.0
3268,2026,TY,2026Q3,2026-08,2026-08-13,2026-08-13,2385,Speech & Language Therapy,no_charge,BlueCross BlueShield of Texas,J.G,0.0,0.0,0.0,0.0
3269,2026,TY,2026Q3,2026-08,2026-08-13,2026-08-13,2385,Speech & Language Therapy,paid,Patient,J.G,68.92,68.92,68.92,0.0
3270,2026,TY,2026Q3,2026-08,2026-08-15,2026-08-15,2386,Speech & Language Therapy,paid,Patient,K.G,70.0,70.0,70.0,0.0
3271,2026,TY,2026Q3,2026-08,2026-08-15,2026-08-15,2387,Speech & Language Therapy - Telehealth - No Show,no_charge,Patient,K.G,0.0,0.0,0.0,0.0
3272,2026,TY,2026Q3,2026-08,2026-08-15,2026-08-15,2388,Speech & Language Therapy,no_charge,Patient,K.G,0.0,0.0,0.0,0.0
3273,2026,TY,2026Q3,2026-08,2026-08-15,2026-08-15,2388,Speech & Language Therapy,paid,Community Health Choice,K.G,68.98,68.98,68.98,0.0
3274,2026,TY,2026Q3,2026-08,2026-08-15,2026-08-15,2389,Speech & Language Therapy,no_charge,Patient,K.G,0.0,0.0,0.0,0.0
3275,2026,TY,2026Q3,2026-08,2026-08-15,2026-08-15,2389,Speech & Language Therapy,paid,Texas Children's Health Plan,K.G,64.67,64.67,64.67,0.0
3276,2026,TY,2026Q3,2026-08,2026-08-15,2026-08-15,2390,Speech & Language Therapy - Telehealth - No Show,no_charge,Patient,K.G,0.0,0.0,0.0,0.0
3277,2026,TY,2026Q3,2026-08,2026-08-15,2026-08-15,2391,"Speech therapy, re-evaluation",no_charge,Patient,A.P,0.0,0.0,0.0,0.0
3278,2026,TY,2026Q3,2026-08,2026-08-15,2026-08-15,2391,"Speech therapy, re-evaluation",paid,Texas Children's Health Plan,A.P,89.15,89.15,89.15,0.0
3279,2026,TY,2026Q3,2026-08,2026-08-15,2026-08-15,2392,Speech & Language Therapy,no_charge,Patient,K.G,0.0,0.0,0.0,0.0
3280,2026,TY,2026Q3,2026-08,2026-08-15,2026-08-15,2392,Speech & Language Therapy,paid,Texas Children's Health Plan,K.G,64.67,64.67,64.67,0.0
3281,2026,TY,2026Q3,2026-08,2026-08-17,2026-08-17,2393,"Speech therapy, re-evaluation",no_charge,Patient,A.P,0.0,0.0,0.0,0.0
3282,2026,TY,2026Q3,2026-08,2026-08-17,2026-08-17,2393,"Speech therapy, re-evaluation",paid,Texas Children's Health Plan,A.P,89.15,89.15,89.15,0.0
3283,2026,TY,2026Q3,2026-08,2026-08-17,2026-08-17,2394,Speech & Language Therapy,paid,BlueCross BlueShield of Texas,A.P,38.92,38.92,38.92,0.0
3284,2026,TY,2026Q3,2026-08,2026-08-17,2026-08-17,2394,Speech & Language Therapy,paid,Patient,A.P,30.0,30.0,30.0,0.0
3285,2026,TY,2026Q3,2026-08,2026-08-17,2026-08-17,2395,Speech & Language Therapy,no_charge,Patient,A.P,0.0,0.0,0.0,0.0
3286,2026,TY,2026Q3,2026-08,2026-08-17,2026-08-17,2395,Speech & Language Therapy,paid,Texas Children's Health Plan,A.P,80.84,80.84,80.84,0.0
3287,2026,TY,2026Q3,2026-08,2026-08-17,2026-08-17,2396,Speech & Language Evaluation,no_charge,Patient,A.P,0.0,0.0,0.0,0.0
3288,2026,TY,2026Q3,2026-08,2026-08-17,2026-08-17,2396,Speech & Language Evaluation,paid,Community Health Choice,A.P,135.85,135.85,135.85,0.0
3289,2026,TY,2026Q3,2026-08,2026-08-17,2026-08-17,2397,Speech & Language Therapy - Telehealth,no_charge,Patient,T.V,0.0,0.0,0.0,0.0
3290,2026,TY,2026Q3,2026-08,2026-08-17,2026-08-17,2397,Speech & Language Therapy - Telehealth,paid,Texas Children's Health Plan,T.V,64.67,64.67,64.67,0.0
3291,2026,TY,2026Q3,2026-08,2026-08-17,2026-08-17,2398,Speech & Language Therapy,no_charge,Patient,T.V,0.0,0.0,0.0,0.0
3292,2026,TY,2026Q3,2026-08,2026-08-17,2026-08-17,2398,Speech & Language Therapy,paid,Texas Children's Health Plan - CHIP,T.V,64.67,64.67,64.67,0.0
3293,2026,TY,2026Q3,2026-08,2026-08-17,2026-08-17,2399,"Speech therapy, re-evaluation",no_charge,Patient,A.P,0.0,0.0,0.0,0.0
3294,2026,TY,2026Q3,2026-08,2026-08-17,2026-08-17,2399,"Speech therapy, re-evaluation",paid,Texas Children's Health Plan,A.P,89.15,89.15,89.15,0.0
3295,2026,TY,2026Q3,2026-08,2026-08-17,2026-08-17,2400,Speech & Language Therapy,no_charge,Patient,T.V,0.0,0.0,0.0,0.0
3296,2026,TY,2026Q3,2026-08,2026-08-17,2026-08-17,2400,Speech & Language Therapy,paid,Texas Children's Health Plan - CHIP,T.V,64.67,64.67,64.67,0.0
3297,2026,TY,2026Q3,2026-08,2026-08-17,2026-08-17,2401,Speech & Language Therapy,no_charge,Patient,T.V,0.0,0.0,0.0,0.0
3298,2026,TY,2026Q3,2026-08,2026-08-17,2026-08-17,2401,Speech & Language Therapy,paid,Texas Children's Health Plan,T.V,64.67,64.67,64.67,0.0
3299,2026,TY,2026Q3,2026-08,2026-08-17,2026-08-17,2402,Speech & Language Therapy,no_charge,Patient,T.V,0.0,0.0,0.0,0.0
3300,2026,TY,2026Q3,2026-08,2026-08-17,2026-08-17,2402,Speech & Language Therapy,paid,Texas Children's Health Plan,T.V,64.67,64.67,64.67,0.0
3301,2026,TY,2026Q3,2026-08,2026-08-18,2026-08-18,2403,Speech & Language Therapy,no_charge,Patient,A.P,0.0,0.0,0.0,0.0
3302,2026,TY,2026Q3,2026-08,2026-08-18,2026-08-18,2403,Speech & Language Therapy,paid,Texas Children's Health Plan,A.P,80.84,80.84,80.84,0.0
3303,2026,TY,2026Q3,2026-08,2026-08-18,2026-08-18,2404,Speech & Language Therapy,no_charge,Patient,A.P,0.0,0.0,0.0,0.0
3304,2026,TY,2026Q3,2026-08,2026-08-18,2026-08-18,2404,Speech & Language Therapy,paid,Texas Children's Health Plan,A.P,80.84,80.84,80.84,0.0
3305,2026,TY,2026Q3,2026-08,2026-08-18,2026-08-18,2405,Speech & Language Therapy,no_charge,Patient,A.P,0.0,0.0,0.0,0.0
3306,2026,TY,2026Q3,2026-08,2026-08-18,2026-08-18,2405,Speech & Language Therapy,paid,Community Health Choice,A.P,86.22,86.22,86.22,0.0
3307,2026,TY,2026Q3,2026-08,2026-08-18,2026-08-18,2406,Speech & Language Therapy,no_charge,Patient,A.P,0.0,0.0,0.0,0.0
3308,2026,TY,2026Q3,2026-08,2026-08-18,2026-08-18,2406,Speech & Language Therapy,paid,Texas Children's Health Plan,A.P,80.84,80.84,80.84,0.0
3309,2026,TY,2026Q3,2026-08,2026-08-18,2026-08-18,2407,Speech & Language Therapy,paid,BlueCross BlueShield of Texas,J.G,28.92,28.92,28.92,0.0
3310,2026,TY,2026Q3,2026-08,2026-08-18,2026-08-18,2407,Speech & Language Therapy,paid,Patient,J.G,40.0,40.0,40.0,0.0
3311,2026,TY,2026Q3,2026-08,2026-08-18,2026-08-18,2408,Speech & Language Therapy,paid,Patient,J.G,90.0,90.0,90.0,0.0
3312,2026,TY,2026Q3,2026-08,2026-08-18,2026-08-18,2409,Speech & Language Therapy - Telehealth,no_charge,Patient,A.P,0.0,0.0,0.0,0.0
3313,2026,TY,2026Q3,2026-08,2026-08-18,2026-08-18,2409,Speech & Language Therapy - Telehealth,paid,Texas Children's Health Plan,A.P,80.84,80.84,80.84,0.0
3314,2026,TY,2026Q3,2026-08,2026-08-18,2026-08-18,2410,Speech & Language Therapy,no_charge,Patient,T.V,0.0,0.0,0.0,0.0
3315,2026,TY,2026Q3,2026-08,2026-08-18,2026-08-18,2410,Speech & Language Therapy,paid,Texas Children's Health Plan - CHIP,T.V,64.67,64.67,64.67,0.0
3316,2026,TY,2026Q3,2026-08,2026-08-18,2026-08-18,2411,Speech & Language Therapy,no_charge,Patient,T.V,0.0,0.0,0.0,0.0
3317,2026,TY,2026Q3,2026-08,2026-08-18,2026-08-18,2411,Speech & Language Therapy,paid,Texas Children's Health Plan - CHIP,T.V,64.67,64.67,64.67,0.0
3318,2026,TY,2026Q3,2026-08,2026-08-18,2026-08-18,2412,Speech & Language Therapy - Telehealth,paid,BlueCross BlueShield of Texas,J.G,55.14,55.14,55.14,0.0
3319,2026,TY,2026Q3,2026-08,2026-08-18,2026-08-18,2412,Speech & Language Therapy - Telehealth,paid,Patient,J.G,13.78,13.78,13.78,0.0
3320,2026,TY,2026Q3,2026-08,2026-08-18,2026-08-18,2413,Speech & Language Therapy,no_charge,BlueCross BlueShield of Texas,J.G,0.0,0.0,0.0,0.0
3321,2026,TY,2026Q3,2026-08,2026-08-18,2026-08-18,2413,Speech & Language Therapy,paid,Patient,J.G,68.92,68.92,68.92,0.0
3322,2026,TY,2026Q3,2026-08,2026-08-18,2026-08-18,2414,Speech & Language Therapy,no_charge,Patient,T.V,0.0,0.0,0.0,0.0
3323,2026,TY,2026Q3,2026-08,2026-08-18,2026-08-18,2414,Speech & Language Therapy,paid,Texas Children's Health Plan,T.V,64.67,64.67,64.67,0.0
3324,2026,TY,2026Q3,2026-08,2026-08-18,2026-08-18,2415,Speech & Language Therapy - No Show,no_charge,Patient,T.V,0.0,0.0,0.0,0.0
3325,2026,TY,2026Q3,2026-08,2026-08-19,2026-08-19,2416,Speech & Language Therapy,no_charge,Patient,A.P,0.0,0.0,0.0,0.0
3326,2026,TY,2026Q3,2026-08,2026-08-19,2026-08-19,2416,Speech & Language Therapy,paid,Texas Children's Health Plan,A.P,80.84,80.84,80.84,0.0
3327,2026,TY,2026Q3,2026-08,2026-08-19,2026-08-19,2417,Speech & Language Therapy,no_charge,Patient,A.P,0.0,0.0,0.0,0.0
3328,2026,TY,2026Q3,2026-08,2026-08-19,2026-08-19,2417,Speech & Language Therapy,paid,Community Health Choice,A.P,86.22,86.22,86.22,0.0
3329,2026,TY,2026Q3,2026-08,2026-08-19,2026-08-19,2418,Speech & Language Therapy,paid,BlueCross BlueShield of Texas,A.P,38.92,38.92,38.92,0.0
3330,2026,TY,2026Q3,2026-08,2026-08-19,2026-08-19,2418,Speech & Language Therapy,paid,Patient,A.P,30.0,30.0,30.0,0.0
3331,2026,TY,2026Q3,2026-08,2026-08-19,2026-08-19,2419,Speech & Language Therapy,no_charge,Patient,A.P,0.0,0.0,0.0,0.0
3332,2026,TY,2026Q3,2026-08,2026-08-19,2026-08-19,2419,Speech & Language Therapy,paid,Community Health Choice,A.P,86.22,86.22,86.22,0.0
3333,2026,TY,2026Q3,2026-08,2026-08-19,2026-08-19,2420,Speech & Language Therapy,no_charge,Patient,A.P,0.0,0.0,0.0,0.0
3334,2026,TY,2026Q3,2026-08,2026-08-19,2026-08-19,2420,Speech & Language Therapy,paid,Texas Children's Health Plan,A.P,80.84,80.84,80.84,0.0
3335,2026,TY,2026Q3,2026-08,2026-08-19,2026-08-19,2421,Speech & Language Therapy,no_charge,Patient,A.P,0.0,0.0,0.0,0.0
3336,2026,TY,2026Q3,2026-08,2026-08-19,2026-08-19,2421,Speech & Language Therapy,paid,Texas Children's Health Plan,A.P,80.84,80.84,80.84,0.0
3337,2026,TY,2026Q3,2026-08,2026-08-19,2026-08-19,2422,Speech & Language Therapy - Telehealth,no_charge,Patient,A.P,0.0,0.0,0.0,0.0
3338,2026,TY,2026Q3,2026-08,2026-08-19,2026-08-19,2422,Speech & Language Therapy - Telehealth,paid,Texas Children's Health Plan,A.P,80.84,80.84,80.84,0.0
3339,2026,TY,2026Q3,2026-08,2026-08-19,2026-08-19,2423,Speech & Language Therapy - Telehealth,no_charge,Patient,A.P,0.0,0.0,0.0,0.0
3340,2026,TY,2026Q3,2026-08,2026-08-19,2026-08-19,2423,Speech & Language Therapy - Telehealth,paid,Texas Children's Health Plan,A.P,80.84,80.84,80.84,0.0
3341,2026,TY,2026Q3,2026-08,2026-08-19,2026-08-19,2424,Speech & Language Therapy - Telehealth,paid,BlueCross BlueShield of Texas,A.P,55.14,55.14,55.14,0.0
3342,2026,TY,2026Q3,2026-08,2026-08-19,2026-08-19,2424,Speech & Language Therapy - Telehealth,paid,Patient,A.P,13.78,13.78,13.78,0.0
3343,2026,TY,2026Q3,2026-08,2026-08-19,2026-08-19,2425,Speech & Language Therapy,paid,BlueCross BlueShield of Texas,J.G,28.92,28.92,28.92,0.0
3344,2026,TY,2026Q3,2026-08,2026-08-19,2026-08-19,2425,Speech & Language Therapy,paid,Patient,J.G,40.0,40.0,40.0,0.0
3345,2026,TY,2026Q3,2026-08,2026-08-19,2026-08-19,2426,Speech & Language Therapy,no_charge,BlueCross BlueShield of Texas,J.G,0.0,0.0,0.0,0.0
3346,2026,TY,2026Q3,2026-08,2026-08-19,2026-08-19,2426,Speech & Language Therapy,paid,Patient,J.G,68.92,68.92,68.92,0.0
3347,2026,TY,2026Q3,2026-08,2026-08-19,2026-08-19,2427,"Speech therapy, re-evaluation",no_charge,Patient,A.P,0.0,0.0,0.0,0.0
3348,2026,TY,2026Q3,2026-08,2026-08-19,2026-08-19,2427,"Speech therapy, re-evaluation",paid,Texas Children's Health Plan,A.P,89.15,89.15,89.15,0.0
3349,2026,TY,2026Q3,2026-08,2026-08-19,2026-08-19,2428,Speech & Language Therapy,paid,BlueCross BlueShield of Texas,J.G,48.25,48.25,48.25,0.0
3350,2026,TY,2026Q3,2026-08,2026-08-19,2026-08-19,2428,Speech & Language Therapy,paid,Patient,J.G,20.67,20.67,20.67,0.0
3351,2026,TY,2026Q3,2026-08,2026-08-20,2026-08-20,2429,Speech & Language Therapy,no_charge,Patient,A.P,0.0,0.0,0.0,0.0
3352,2026,TY,2026Q3,2026-08,2026-08-20,2026-08-20,2429,Speech & Language Therapy,paid,Texas Children's Health Plan,A.P,80.84,80.84,80.84,0.0
3353,2026,TY,2026Q3,2026-08,2026-08-20,2026-08-20,2430,Speech & Language Therapy,paid,BlueCross BlueShield of Texas,A.P,33.92,33.92,33.92,0.0
3354,2026,TY,2026Q3,2026-08,2026-08-20,2026-08-20,2430,Speech & Language Therapy,paid,Patient,A.P,35.0,35.0,35.0,0.0
3355,2026,TY,2026Q3,2026-08,2026-08-20,2026-08-20,2431,Speech & Language Therapy,paid,BlueCross BlueShield of Texas,A.P,38.92,38.92,38.92,0.0
3356,2026,TY,2026Q3,2026-08,2026-08-20,2026-08-20,2431,Speech & Language Therapy,paid,Patient,A.P,30.0,30.0,30.0,0.0
3357,2026,TY,2026Q3,2026-08,2026-08-20,2026-08-20,2432,Speech & Language Therapy,no_charge,Patient,A.P,0.0,0.0,0.0,0.0
3358,2026,TY,2026Q3,2026-08,2026-08-20,2026-08-20,2432,Speech & Language Therapy,paid,Community Health Choice,A.P,86.22,86.22,86.22,0.0
3359,2026,TY,2026Q3,2026-08,2026-08-20,2026-08-20,2433,Speech & Language Therapy,no_charge,Patient,A.P,0.0,0.0,0.0,0.0
3360,2026,TY,2026Q3,2026-08,2026-08-20,2026-08-20,2433,Speech & Language Therapy,paid,Texas Children's Health Plan,A.P,80.84,80.84,80.84,0.0
3361,2026,TY,2026Q3,2026-08,2026-08-20,2026-08-20,2434,Speech & Language Therapy,no_charge,Patient,A.P,0.0,0.0,0.0,0.0
3362,2026,TY,2026Q3,2026-08,2026-08-20,2026-08-20,2434,Speech & Language Therapy,paid,Community Health Choice,A.P,86.22,86.22,86.22,0.0
3363,2026,TY,2026Q3,2026-08,2026-08-20,2026-08-20,2435,Speech & Language Therapy,no_charge,Patient,A.P,0.0,0.0,0.0,0.0
3364,2026,TY,2026Q3,2026-08,2026-08-20,2026-08-20,2435,Speech & Language Therapy,paid,Texas Children's Health Plan,A.P,80.84,80.84,80.84,0.0
3365,2026,TY,2026Q3,2026-08,2026-08-20,2026-08-20,2436,Speech & Language Therapy,no_charge,Patient,A.P,0.0,0.0,0.0,0.0
3366,2026,TY,2026Q3,2026-08,2026-08-20,2026-08-20,2436,Speech & Language Therapy,paid,Texas Children's Health Plan,A.P,80.84,80.84,80.84,0.0
3367,2026,TY,2026Q3,2026-08,2026-08-20,2026-08-20,2437,Speech & Language Therapy - Telehealth,no_charge,Patient,T.V,0.0,0.0,0.0,0.0
3368,2026,TY,2026Q3,2026-08,2026-08-20,2026-08-20,2437,Speech & Language Therapy - Telehealth,paid,Texas Children's Health Plan,T.V,64.67,64.67,64.67,0.0
3369,2026,TY,2026Q3,2026-08,2026-08-20,2026-08-20,2438,Speech & Language Therapy,no_charge,Patient,A.P,0.0,0.0,0.0,0.0
3370,2026,TY,2026Q3,2026-08,2026-08-20,2026-08-20,2438,Speech & Language Therapy,paid,Texas Children's Health Plan,A.P,80.84,80.84,80.84,0.0
3371,2026,TY,2026Q3,2026-08,2026-08-20,2026-08-20,2439,Speech & Language Therapy,no_charge,Patient,T.V,0.0,0.0,0.0,0.0
3372,2026,TY,2026Q3,2026-08,2026-08-20,2026-08-20,2439,Speech & Language Therapy,paid,Texas Children's Health Plan,T.V,64.67,64.67,64.67,0.0
3373,2026,TY,2026Q3,2026-08,2026-08-20,2026-08-20,2440,Speech & Language Therapy,paid,Patient,J.G,90.0,90.0,90.0,0.0
3374,2026,TY,2026Q3,2026-08,2026-08-20,2026-08-20,2441,Speech & Language Therapy - Telehealth,paid,BlueCross BlueShield of Texas,J.G,55.14,55.14,55.14,0.0
3375,2026,TY,2026Q3,2026-08,2026-08-20,2026-08-20,2441,Speech & Language Therapy - Telehealth,paid,Patient,J.G,13.78,13.78,13.78,0.0
3376,2026,TY,2026Q3,2026-08,2026-08-20,2026-08-20,2442,Speech & Language Therapy,no_charge,BlueCross BlueShield of Texas,J.G,0.0,0.0,0.0,0.0
3377,2026,TY,2026Q3,2026-08,2026-08-20,2026-08-20,2442,Speech & Language Therapy,paid,Patient,J.G,68.92,68.92,68.92,0.0
3378,2026,TY,2026Q3,2026-08,2026-08-20,2026-08-20,2443,Speech & Language Therapy,paid,BlueCross BlueShield of Texas,J.G,48.25,48.25,48.25,0.0
3379,2026,TY,2026Q3,2026-08,2026-08-20,2026-08-20,2443,Speech & Language Therapy,paid,Patient,J.G,20.67,20.67,20.67,0.0
3380,2026,TY,2026Q3,2026-08,2026-08-20,2026-08-20,2444,Speech & Language Therapy,no_charge,Patient,T.V,0.0,0.0,0.0,0.0
3381,2026,TY,2026Q3,2026-08,2026-08-20,2026-08-20,2444,Speech & Language Therapy,paid,Texas Children's Health Plan,T.V,64.67,64.67,64.67,0.0
3382,2026,TY,2026Q3,2026-08,2026-08-20,2026-08-20,2445,Speech & Language Therapy,no_charge,Patient,T.V,0.0,0.0,0.0,0.0
3383,2026,TY,2026Q3,2026-08,2026-08-20,2026-08-20,2445,Speech & Language Therapy,paid,Texas Children's Health Plan,T.V,64.67,64.67,64.67,0.0
3384,2026,TY,2026Q3,2026-08,2026-08-21,2026-08-21,2446,Speech & Language Evaluation,no_charge,Patient,A.P,0.0,0.0,0.0,0.0
3385,2026,TY,2026Q3,2026-08,2026-08-21,2026-08-21,2446,Speech & Language Evaluation,paid,Texas Children's Health Plan,A.P,127.36,127.36,127.36,0.0
3386,2026,TY,2026Q3,2026-08,2026-08-21,2026-08-21,2447,Speech & Language Therapy,no_charge,Patient,A.P,0.0,0.0,0.0,0.0
3387,2026,TY,2026Q3,2026-08,2026-08-21,2026-08-21,2447,Speech & Language Therapy,paid,Texas Children's Health Plan,A.P,80.84,80.84,80.84,0.0
3388,2026,TY,2026Q3,2026-08,2026-08-22,2026-08-22,2448,Speech & Language Therapy,paid,Patient,K.G,70.0,70.0,70.0,0.0
3389,2026,TY,2026Q3,2026-08,2026-08-22,2026-08-22,2449,Speech & Language Therapy,no_charge,Patient,K.G,0.0,0.0,0.0,0.0
3390,2026,TY,2026Q3,2026-08,2026-08-22,2026-08-22,2449,Speech & Language Therapy,paid,Texas Children's Health Plan,K.G,64.67,64.67,64.67,0.0
3391,2026,TY,2026Q3,2026-08,2026-08-22,2026-08-22,2450,Speech & Language Therapy,no_charge,Patient,K.G,0.0,0.0,0.0,0.0
3392,2026,TY,2026Q3,2026-08,2026-08-22,2026-08-22,2450,Speech & Language Therapy,paid,Community Health Choice,K.G,68.98,68.98,68.98,0.0
3393,2026,TY,2026Q3,2026-08,2026-08-22,2026-08-22,2451,Speech & Language Therapy - Telehealth,no_charge,Patient,K.G,0.0,0.0,0.0,0.0
3394,2026,TY,2026Q3,2026-08,2026-08-22,2026-08-22,2451,Speech & Language Therapy - Telehealth,paid,Texas Children's Health Plan,K.G,64.67,64.67,64.67,0.0
3395,2026,TY,2026Q3,2026-08,2026-08-22,2026-08-22,2452,Speech & Language Therapy,no_charge,Patient,K.G,0.0,0.0,0.0,0.0
3396,2026,TY,2026Q3,2026-08,2026-08-22,2026-08-22,2452,Speech & Language Therapy,paid,Texas Children's Health Plan,K.G,64.67,64.67,64.67,0.0
3397,2026,TY,2026Q3,2026-08,2026-08-24,2026-08-24,2453,Speech & Language Therapy,no_charge,Patient,A.P,0.0,0.0,0.0,0.0
3398,2026,TY,2026Q3,2026-08,2026-08-24,2026-08-24,2453,Speech & Language Therapy,paid,Texas Children's Health Plan,A.P,80.84,80.84,80.84,0.0
3399,2026,TY,2026Q3,2026-08,2026-08-24,2026-08-24,2454,Speech & Language Therapy,paid,BlueCross BlueShield of Texas,A.P,38.92,38.92,38.92,0.0
3400,2026,TY,2026Q3,2026-08,2026-08-24,2026-08-24,2454,Speech & Language Therapy,paid,Patient,A.P,30.0,30.0,30.0,0.0
3401,2026,TY,2026Q3,2026-08,2026-08-24,2026-08-24,2455,Speech & Language Therapy,no_charge,Patient,A.P,0.0,0.0,0.0,0.0
3402,2026,TY,2026Q3,2026-08,2026-08-24,2026-08-24,2455,Speech & Language Therapy,paid,Texas Children's Health Plan,A.P,80.84,80.84,80.84,0.0
3403,2026,TY,2026Q3,2026-08,2026-08-24,2026-08-24,2456,Speech & Language Therapy,paid,BlueCross BlueShield of Texas,A.P,38.92,38.92,38.92,0.0
3404,2026,TY,2026Q3,2026-08,2026-08-24,2026-08-24,2456,Speech & Language Therapy,paid,Patient,A.P,30.0,30.0,30.0,0.0
3405,2026,TY,2026Q3,2026-08,2026-08-24,2026-08-24,2457,Speech & Language Therapy,no_charge,Patient,A.P,0.0,0.0,0.0,0.0
3406,2026,TY,2026Q3,2026-08,2026-08-24,2026-08-24,2457,Speech & Language Therapy,paid,Texas Children's Health Plan,A.P,80.84,80.84,80.84,0.0
3407,2026,TY,2026Q3,2026-08,2026-08-24,2026-08-24,2458,Speech & Language Therapy,no_charge,Patient,A.P,0.0,0.0,0.0,0.0
3408,2026,TY,2026Q3,2026-08,2026-08-24,2026-08-24,2458,Speech & Language Therapy,paid,Texas Children's Health Plan,A.P,80.84,80.84,80.84,0.0
3409,2026,TY,2026Q3,2026-08,2026-08-24,2026-08-24,2459,Speech & Language Therapy,no_charge,Patient,A.P,0.0,0.0,0.0,0.0
3410,2026,TY,2026Q3,2026-08,2026-08-24,2026-08-24,2459,Speech & Language Therapy,paid,Texas Children's Health Plan,A.P,80.84,80.84,80.84,0.0
3411,2026,TY,2026Q3,2026-08,2026-08-24,2026-08-24,2460,Speech & Language Evaluation,paid,BlueCross BlueShield of Texas,J.G,157.74,157.74,157.74,0.0
3412,2026,TY,2026Q3,2026-08,2026-08-24,2026-08-24,2460,Speech & Language Evaluation,paid,Patient,J.G,30.0,30.0,30.0,0.0
3413,2026,TY,2026Q3,2026-08,2026-08-24,2026-08-24,2461,Speech & Language Evaluation,paid,Patient,J.G,295.0,295.0,295.0,0.0
3414,2026,TY,2026Q3,2026-08,2026-08-24,2026-08-24,2462,Speech & Language Therapy,no_charge,Patient,T.V,0.0,0.0,0.0,0.0
3415,2026,TY,2026Q3,2026-08,2026-08-24,2026-08-24,2462,Speech & Language Therapy,paid,Texas Children's Health Plan - CHIP,T.V,64.67,64.67,64.67,0.0
3416,2026,TY,2026Q3,2026-08,2026-08-24,2026-08-24,2463,Speech & Language Therapy,no_charge,Patient,T.V,0.0,0.0,0.0,0.0
3417,2026,TY,2026Q3,2026-08,2026-08-24,2026-08-24,2463,Speech & Language Therapy,paid,Texas Children's Health Plan - CHIP,T.V,64.67,64.67,64.67,0.0
3418,2026,TY,2026Q3,2026-08,2026-08-24,2026-08-24,2464,Speech & Language Therapy,no_charge,Patient,T.V,0.0,0.0,0.0,0.0
3419,2026,TY,2026Q3,2026-08,2026-08-24,2026-08-24,2464,Speech & Language Therapy,paid,Texas Children's Health Plan,T.V,64.67,64.67,64.67,0.0
3420,2026,TY,2026Q3,2026-08,2026-08-24,2026-08-24,2465,Speech & Language Therapy,no_charge,Patient,T.V,0.0,0.0,0.0,0.0
3421,2026,TY,2026Q3,2026-08,2026-08-24,2026-08-24,2465,Speech & Language Therapy,paid,Texas Children's Health Plan,T.V,64.67,64.67,64.67,0.0
3422,2026,TY,2026Q3,2026-08,2026-08-25,2026-08-25,2466,Speech & Language Evaluation,paid,BlueCross BlueShield of Texas,A.P,137.74,137.74,137.74,0.0
3423,2026,TY,2026Q3,2026-08,2026-08-25,2026-08-25,2466,Speech & Language Evaluation,paid,Patient,A.P,50.0,50.0,50.0,0.0
3424,2026,TY,2026Q3,2026-08,2026-08-25,2026-08-25,2467,Speech & Language Therapy,no_charge,Patient,A.P,0.0,0.0,0.0,0.0
3425,2026,TY,2026Q3,2026-08,2026-08-25,2026-08-25,2467,Speech & Language Therapy,paid,Texas Children's Health Plan,A.P,80.84,80.84,80.84,0.0
3426,2026,TY,2026Q3,2026-08,2026-08-25,2026-08-25,2468,Speech & Language Therapy,no_charge,Patient,A.P,0.0,0.0,0.0,0.0
3427,2026,TY,2026Q3,2026-08,2026-08-25,2026-08-25,2468,Speech & Language Therapy,paid,Community Health Choice,A.P,86.22,86.22,86.22,0.0
3428,2026,TY,2026Q3,2026-08,2026-08-25,2026-08-25,2469,Speech & Language Therapy,no_charge,Patient,A.P,0.0,0.0,0.0,0.0
3429,2026,TY,2026Q3,2026-08,2026-08-25,2026-08-25,2469,Speech & Language Therapy,paid,Texas Children's Health Plan,A.P,80.84,80.84,80.84,0.0
3430,2026,TY,2026Q3,2026-08,2026-08-25,2026-08-25,2470,Speech & Language Therapy,no_charge,Patient,A.P,0.0,0.0,0.0,0.0
3431,2026,TY,2026Q3,2026-08,2026-08-25,2026-08-25,2470,Speech & Language Therapy,paid,Community Health Choice,A.P,86.22,86.22,86.22,0.0
3432,2026,TY,2026Q3,2026-08,2026-08-25,2026-08-25,2471,Speech & Language Therapy,no_charge,Patient,A.P,0.0,0.0,0.0,0.0
3433,2026,TY,2026Q3,2026-08,2026-08-25,2026-08-25,2471,Speech & Language Therapy,paid,Texas Children's Health Plan,A.P,80.84,80.84,80.84,0.0
3434,2026,TY,2026Q3,2026-08,2026-08-25,2026-08-25,2472,Speech & Language Therapy,paid,BlueCross BlueShield of Texas,J.G,28.92,28.92,28.92,0.0
3435,2026,TY,2026Q3,2026-08,2026-08-25,2026-08-25,2472,Speech & Language Therapy,paid,Patient,J.G,40.0,40.0,40.0,0.0
3436,2026,TY,2026Q3,2026-08,2026-08-25,2026-08-25,2473,Speech & Language Therapy - Telehealth,no_charge,Patient,A.P,0.0,0.0,0.0,0.0
3437,2026,TY,2026Q3,2026-08,2026-08-25,2026-08-25,2473,Speech & Language Therapy - Telehealth,paid,Texas Children's Health Plan,A.P,80.84,80.84,80.84,0.0
3438,2026,TY,2026Q3,2026-08,2026-08-25,2026-08-25,2474,Speech & Language Therapy,paid,Patient,J.G,90.0,90.0,90.0,0.0
3439,2026,TY,2026Q3,2026-08,2026-08-25,2026-08-25,2475,Speech & Language Therapy - Telehealth,paid,BlueCross BlueShield of Texas,J.G,55.14,55.14,55.14,0.0
3440,2026,TY,2026Q3,2026-08,2026-08-25,2026-08-25,2475,Speech & Language Therapy - Telehealth,paid,Patient,J.G,13.78,13.78,13.78,0.0
3441,2026,TY,2026Q3,2026-08,2026-08-25,2026-08-25,2476,Speech & Language Therapy,no_charge,BlueCross BlueShield of Texas,J.G,0.0,0.0,0.0,0.0
3442,2026,TY,2026Q3,2026-08,2026-08-25,2026-08-25,2476,Speech & Language Therapy,paid,Patient,J.G,68.92,68.92,68.92,0.0
3443,2026,TY,2026Q3,2026-08,2026-08-25,2026-08-25,2477,Speech & Language Therapy,no_charge,Patient,T.V,0.0,0.0,0.0,0.0
3444,2026,TY,2026Q3,2026-08,2026-08-25,2026-08-25,2477,Speech & Language Therapy,paid,Texas Children's Health Plan - CHIP,T.V,64.67,64.67,64.67,0.0
3445,2026,TY,2026Q3,2026-08,2026-08-25,2026-08-25,2478,Speech & Language Therapy,no_charge,Patient,T.V,0.0,0.0,0.0,0.0
3446,2026,TY,2026Q3,2026-08,2026-08-25,2026-08-25,2478,Speech & Language Therapy,paid,Texas Children's Health Plan,T.V,64.67,64.67,64.67,0.0
3447,2026,TY,2026Q3,2026-08,2026-08-25,2026-08-25,2479,Speech & Language Therapy,no_charge,Patient,T.V,0.0,0.0,0.0,0.0
3448,2026,TY,2026Q3,2026-08,2026-08-25,2026-08-25,2479,Speech & Language Therapy,paid,Texas Children's Health Plan - CHIP,T.V,64.67,64.67,64.67,0.0
3449,2026,TY,2026Q3,2026-08,2026-08-25,2026-08-25,2480,Speech & Language Therapy,no_charge,Patient,T.V,0.0,0.0,0.0,0.0
3450,2026,TY,2026Q3,2026-08,2026-08-25,2026-08-25,2480,Speech & Language Therapy,paid,Texas Children's Health Plan - CHIP,T.V,64.67,64.67,64.67,0.0
3451,2026,TY,2026Q3,2026-08,2026-08-25,2026-08-25,2481,Speech & Language Therapy,no_charge,Patient,T.V,0.0,0.0,0.0,0.0
3452,2026,TY,2026Q3,2026-08,2026-08-25,2026-08-25,2481,Speech & Language Therapy,paid,Texas Children's Health Plan,T.V,64.67,64.67,64.67,0.0
3453,2026,TY,2026Q3,2026-08,2026-08-26,2026-08-26,2482,Speech & Language Evaluation,no_charge,Patient,A.P,0.0,0.0,0.0,0.0
3454,2026,TY,2026Q3,2026-08,2026-08-26,2026-08-26,2482,Speech & Language Evaluation,paid,UnitedHealthcare - Medicaid,A.P,149.43,149.43,149.43,0.0
3455,2026,TY,2026Q3,2026-08,2026-08-26,2026-08-26,2483,Speech & Language Therapy,no_charge,Patient,A.P,0.0,0.0,0.0,0.0
3456,2026,TY,2026Q3,2026-08,2026-08-26,2026-08-26,2483,Speech & Language Therapy,paid,Texas Children's Health Plan,A.P,80.84,80.84,80.84,0.0
3457,2026,TY,2026Q3,2026-08,2026-08-26,2026-08-26,2484,Speech & Language Therapy,paid,BlueCross BlueShield of Texas,A.P,38.92,38.92,38.92,0.0
3458,2026,TY,2026Q3,2026-08,2026-08-26,2026-08-26,2484,Speech & Language Therapy,paid,Patient,A.P,30.0,30.0,30.0,0.0
3459,2026,TY,2026Q3,2026-08,2026-08-26,2026-08-26,2485,Speech & Language Therapy,no_charge,Patient,A.P,0.0,0.0,0.0,0.0
3460,2026,TY,2026Q3,2026-08,2026-08-26,2026-08-26,2485,Speech & Language Therapy,paid,Community Health Choice,A.P,86.22,86.22,86.22,0.0
3461,2026,TY,2026Q3,2026-08,2026-08-26,2026-08-26,2486,Speech & Language Therapy - Telehealth,no_charge,Patient,A.P,0.0,0.0,0.0,0.0
3462,2026,TY,2026Q3,2026-08,2026-08-26,2026-08-26,2486,Speech & Language Therapy - Telehealth,paid,Texas Children's Health Plan,A.P,80.84,80.84,80.84,0.0
3463,2026,TY,2026Q3,2026-08,2026-08-26,2026-08-26,2487,Speech & Language Therapy,no_charge,Patient,A.P,0.0,0.0,0.0,0.0
3464,2026,TY,2026Q3,2026-08,2026-08-26,2026-08-26,2487,Speech & Language Therapy,paid,Texas Children's Health Plan,A.P,80.84,80.84,80.84,0.0
3465,2026,TY,2026Q3,2026-08,2026-08-26,2026-08-26,2488,Speech & Language Therapy,no_charge,Patient,A.P,0.0,0.0,0.0,0.0
3466,2026,TY,2026Q3,2026-08,2026-08-26,2026-08-26,2488,Speech & Language Therapy,paid,Texas Children's Health Plan,A.P,80.84,80.84,80.84,0.0
3467,2026,TY,2026Q3,2026-08,2026-08-26,2026-08-26,2489,Speech & Language Therapy,paid,BlueCross BlueShield of Texas,J.G,28.92,28.92,28.92,0.0
3468,2026,TY,2026Q3,2026-08,2026-08-26,2026-08-26,2489,Speech & Language Therapy,paid,Patient,J.G,40.0,40.0,40.0,0.0
3469,2026,TY,2026Q3,2026-08,2026-08-26,2026-08-26,2490,Speech & Language Therapy - Telehealth,no_charge,Patient,A.P,0.0,0.0,0.0,0.0
3470,2026,TY,2026Q3,2026-08,2026-08-26,2026-08-26,2490,Speech & Language Therapy - Telehealth,paid,Texas Children's Health Plan,A.P,80.84,80.84,80.84,0.0
3471,2026,TY,2026Q3,2026-08,2026-08-26,2026-08-26,2491,Speech & Language Therapy,no_charge,BlueCross BlueShield of Texas,J.G,0.0,0.0,0.0,0.0
3472,2026,TY,2026Q3,2026-08,2026-08-26,2026-08-26,2491,Speech & Language Therapy,paid,Patient,J.G,68.92,68.92,68.92,0.0
3473,2026,TY,2026Q3,2026-08,2026-08-26,2026-08-26,2492,"Speech therapy, re-evaluation",no_charge,Patient,A.P,0.0,0.0,0.0,0.0
3474,2026,TY,2026Q3,2026-08,2026-08-26,2026-08-26,2492,"Speech therapy, re-evaluation",paid,Texas Children's Health Plan - CHIP,A.P,89.15,89.15,89.15,0.0
3475,2026,TY,2026Q3,2026-08,2026-08-26,2026-08-26,2493,Speech & Language Therapy,paid,BlueCross BlueShield of Texas,J.G,55.14,55.14,55.14,0.0
3476,2026,TY,2026Q3,2026-08,2026-08-26,2026-08-26,2493,Speech & Language Therapy,paid,Patient,J.G,13.78,13.78,13.78,0.0
3477,2026,TY,2026Q3,2026-08,2026-08-27,2026-08-27,2494,Speech & Language Therapy,no_charge,Patient,A.P,0.0,0.0,0.0,0.0
3478,2026,TY,2026Q3,2026-08,2026-08-27,2026-08-27,2494,Speech & Language Therapy,paid,Texas Children's Health Plan,A.P,80.84,80.84,80.84,0.0
3479,2026,TY,2026Q3,2026-08,2026-08-27,2026-08-27,2495,Speech & Language Therapy,paid,BlueCross BlueShield of Texas,A.P,33.92,33.92,33.92,0.0
3480,2026,TY,2026Q3,2026-08,2026-08-27,2026-08-27,2495,Speech & Language Therapy,paid,Patient,A.P,35.0,35.0,35.0,0.0
3481,2026,TY,2026Q3,2026-08,2026-08-27,2026-08-27,2496,Speech & Language Evaluation,no_charge,Patient,A.P,0.0,0.0,0.0,0.0
3482,2026,TY,2026Q3,2026-08,2026-08-27,2026-08-27,2496,Speech & Language Evaluation,paid,Texas Children's Health Plan,A.P,127.36,127.36,127.36,0.0
3483,2026,TY,2026Q3,2026-08,2026-08-27,2026-08-27,2497,Speech & Language Therapy,no_charge,Patient,A.P,0.0,0.0,0.0,0.0
3484,2026,TY,2026Q3,2026-08,2026-08-27,2026-08-27,2497,Speech & Language Therapy,paid,Texas Children's Health Plan,A.P,80.84,80.84,80.84,0.0
3485,2026,TY,2026Q3,2026-08,2026-08-27,2026-08-27,2498,"Speech therapy, re-evaluation",no_charge,Patient,A.P,0.0,0.0,0.0,0.0
3486,2026,TY,2026Q3,2026-08,2026-08-27,2026-08-27,2498,"Speech therapy, re-evaluation",paid,Community Health Choice,A.P,95.1,95.1,95.1,0.0
3487,2026,TY,2026Q3,2026-08,2026-08-27,2026-08-27,2499,Speech & Language Therapy,no_charge,Patient,A.P,0.0,0.0,0.0,0.0
3488,2026,TY,2026Q3,2026-08,2026-08-27,2026-08-27,2499,Speech & Language Therapy,paid,Texas Children's Health Plan,A.P,80.84,80.84,80.84,0.0
3489,2026,TY,2026Q3,2026-08,2026-08-27,2026-08-27,2500,Speech & Language Therapy,no_charge,Patient,A.P,0.0,0.0,0.0,0.0
3490,2026,TY,2026Q3,2026-08,2026-08-27,2026-08-27,2500,Speech & Language Therapy,paid,Texas Children's Health Plan,A.P,80.84,80.84,80.84,0.0
3491,2026,TY,2026Q3,2026-08,2026-08-27,2026-08-27,2503,Speech & Language Therapy,paid,Patient,J.G,90.0,90.0,90.0,0.0
3492,2026,TY,2026Q3,2026-08,2026-08-27,2026-08-27,2504,Speech & Language Therapy - Telehealth,paid,BlueCross BlueShield of Texas,J.G,55.14,55.14,55.14,0.0
3493,2026,TY,2026Q3,2026-08,2026-08-27,2026-08-27,2504,Speech & Language Therapy - Telehealth,paid,Patient,J.G,13.78,13.78,13.78,0.0
3494,2026,TY,2026Q3,2026-08,2026-08-27,2026-08-27,2505,Speech & Language Therapy,no_charge,BlueCross BlueShield of Texas,J.G,0.0,0.0,0.0,0.0
3495,2026,TY,2026Q3,2026-08,2026-08-27,2026-08-27,2505,Speech & Language Therapy,paid,Patient,J.G,68.92,68.92,68.92,0.0
3496,2026,TY,2026Q3,2026-08,2026-08-27,2026-08-27,2506,Speech & Language Therapy,no_charge,Patient,T.V,0.0,0.0,0.0,0.0
3497,2026,TY,2026Q3,2026-08,2026-08-27,2026-08-27,2506,Speech & Language Therapy,paid,Texas Children's Health Plan,T.V,64.67,64.67,64.67,0.0
3498,2026,TY,2026Q3,2026-08,2026-08-27,2026-08-27,2507,Speech & Language Therapy,no_charge,Patient,T.V,0.0,0.0,0.0,0.0
3499,2026,TY,2026Q3,2026-08,2026-08-27,2026-08-27,2507,Speech & Language Therapy,paid,Texas Children's Health Plan,T.V,64.67,64.67,64.67,0.0
3500,2026,TY,2026Q3,2026-08,2026-08-27,2026-08-27,2508,Speech & Language Therapy - Telehealth - No Show,no_charge,Patient,T.V,0.0,0.0,0.0,0.0
3501,2026,TY,2026Q3,2026-08,2026-08-29,2026-08-29,2509,Speech & Language Therapy,paid,Patient,K.G,70.0,70.0,70.0,0.0
3502,2026,TY,2026Q3,2026-08,2026-08-29,2026-08-29,2510,Speech & Language Therapy,no_charge,Patient,K.G,0.0,0.0,0.0,0.0
3503,2026,TY,2026Q3,2026-08,2026-08-29,2026-08-29,2510,Speech & Language Therapy,paid,Texas Children's Health Plan,K.G,64.67,64.67,64.67,0.0
3504,2026,TY,2026Q3,2026-08,2026-08-29,2026-08-29,2511,Speech & Language Therapy,no_charge,Patient,K.G,0.0,0.0,0.0,0.0
3505,2026,TY,2026Q3,2026-08,2026-08-29,2026-08-29,2511,Speech & Language Therapy,paid,Community Health Choice,K.G,68.98,68.98,68.98,0.0
3506,2026,TY,2026Q3,2026-08,2026-08-29,2026-08-29,2512,Speech & Language Therapy,no_charge,Patient,K.G,0.0,0.0,0.0,0.0
3507,2026,TY,2026Q3,2026-08,2026-08-29,2026-08-29,2512,Speech & Language Therapy,paid,Texas Children's Health Plan,K.G,64.67,64.67,64.67,0.0
3508,2026,TY,2026Q3,2026-08,2026-08-29,2026-08-29,2513,Speech & Language Therapy,no_charge,Patient,K.G,0.0,0.0,0.0,0.0
3509,2026,TY,2026Q3,2026-08,2026-08-29,2026-08-29,2513,Speech & Language Therapy,paid,Texas Children's Health Plan,K.G,64.67,64.67,64.67,0.0
3510,2026,TY,2026Q3,2026-08,2026-08-29,2026-08-29,2514,Speech & Language Therapy,no_charge,Patient,K.G,0.0,0.0,0.0,0.0
3511,2026,TY,2026Q3,2026-08,2026-08-29,2026-08-29,2514,Speech & Language Therapy,paid,Texas Children's Health Plan,K.G,64.67,64.67,64.67,0.0
3512,2026,TY,2026Q3,2026-08,2026-08-31,2026-08-31,2515,Speech & Language Therapy,no_charge,Patient,A.P,0.0,0.0,0.0,0.0
3513,2026,TY,2026Q3,2026-08,2026-08-31,2026-08-31,2515,Speech & Language Therapy,paid,Texas Children's Health Plan,A.P,80.84,80.84,80.84,0.0
3514,2026,TY,2026Q3,2026-08,2026-08-31,2026-08-31,2516,Speech & Language Therapy,no_charge,Patient,A.P,0.0,0.0,0.0,0.0
3515,2026,TY,2026Q3,2026-08,2026-08-31,2026-08-31,2516,Speech & Language Therapy,paid,Community Health Choice,A.P,86.22,86.22,86.22,0.0
3516,2026,TY,2026Q3,2026-08,2026-08-31,2026-08-31,2517,Speech & Language Therapy,paid,BlueCross BlueShield of Texas,A.P,38.92,38.92,38.92,0.0
3517,2026,TY,2026Q3,2026-08,2026-08-31,2026-08-31,2517,Speech & Language Therapy,paid,Patient,A.P,30.0,30.0,30.0,0.0
3518,2026,TY,2026Q3,2026-08,2026-08-31,2026-08-31,2518,Speech & Language Therapy,no_charge,Patient,A.P,0.0,0.0,0.0,0.0
3519,2026,TY,2026Q3,2026-08,2026-08-31,2026-08-31,2518,Speech & Language Therapy,paid,Texas Children's Health Plan - CHIP,A.P,80.84,80.84,80.84,0.0
3520,2026,TY,2026Q3,2026-08,2026-08-31,2026-08-31,2519,Speech & Language Therapy,no_charge,Patient,A.P,0.0,0.0,0.0,0.0
3521,2026,TY,2026Q3,2026-08,2026-08-31,2026-08-31,2519,Speech & Language Therapy,paid,Texas Children's Health Plan,A.P,80.84,80.84,80.84,0.0
3522,2026,TY,2026Q3,2026-08,2026-08-31,2026-08-31,2520,Speech & Language Therapy,paid,BlueCross BlueShield of Texas,A.P,38.92,38.92,38.92,0.0
3523,2026,TY,2026Q3,2026-08,2026-08-31,2026-08-31,2520,Speech & Language Therapy,paid,Patient,A.P,30.0,30.0,30.0,0.0
3524,2026,TY,2026Q3,2026-08,2026-08-31,2026-08-31,2521,Speech & Language Therapy,no_charge,Patient,A.P,0.0,0.0,0.0,0.0
3525,2026,TY,2026Q3,2026-08,2026-08-31,2026-08-31,2521,Speech & Language Therapy,paid,Texas Children's Health Plan,A.P,80.84,80.84,80.84,0.0
3526,2026,TY,2026Q3,2026-08,2026-08-31,2026-08-31,2522,Speech & Language Therapy,no_charge,Patient,A.P,0.0,0.0,0.0,0.0
3527,2026,TY,2026Q3,2026-08,2026-08-31,2026-08-31,2522,Speech & Language Therapy,paid,Texas Children's Health Plan,A.P,80.84,80.84,80.84,0.0
3528,2026,TY,2026Q3,2026-08,2026-08-31,2026-08-31,2523,Speech & Language Therapy,no_charge,Patient,T.V,0.0,0.0,0.0,0.0
3529,2026,TY,2026Q3,2026-08,2026-08-31,2026-08-31,2523,Speech & Language Therapy,paid,Texas Children's Health Plan - CHIP,T.V,64.67,64.67,64.67,0.0
3530,2026,TY,2026Q3,2026-08,2026-08-31,2026-08-31,2524,Speech & Language Therapy,no_charge,Patient,T.V,0.0,0.0,0.0,0.0
3531,2026,TY,2026Q3,2026-08,2026-08-31,2026-08-31,2524,Speech & Language Therapy,paid,Texas Children's Health Plan - CHIP,T.V,64.67,64.67,64.67,0.0
3532,2026,TY,2026Q3,2026-08,2026-08-31,2026-08-31,2525,Speech & Language Therapy,no_charge,Patient,T.V,0.0,0.0,0.0,0.0
3533,2026,TY,2026Q3,2026-08,2026-08-31,2026-08-31,2525,Speech & Language Therapy,paid,Texas Children's Health Plan,T.V,64.67,64.67,64.67,0.0
3534,2026,TY,2026Q3,2026-08,2026-08-31,2026-08-31,2526,Speech & Language Therapy - No Show,no_charge,Patient,T.V,0.0,0.0,0.0,0.0
3535,2026,TY,2026Q3,2026-09,2026-09-01,2026-09-01,2527,Speech & Language Evaluation,paid,Patient,A.P,295.0,295.0,295.0,0.0
3536,2026,TY,2026Q3,2026-09,2026-09-01,2026-09-01,2528,Speech & Language Therapy,no_charge,Patient,A.P,0.0,0.0,0.0,0.0
3537,2026,TY,2026Q3,2026-09,2026-09-01,2026-09-01,2528,Speech & Language Therapy,paid,Texas Children's Health Plan,A.P,80.84,80.84,80.84,0.0
3538,2026,TY,2026Q3,2026-09,2026-09-02,2026-09-02,2529,Speech & Language Therapy,no_charge,Patient,A.P,0.0,0.0,0.0,0.0
3539,2026,TY,2026Q3,2026-09,2026-09-02,2026-09-02,2529,Speech & Language Therapy,paid,Texas Children's Health Plan,A.P,80.84,80.84,80.84,0.0
3540,2026,TY,2026Q3,2026-09,2026-09-02,2026-09-02,2530,Speech & Language Therapy,no_charge,Patient,A.P,0.0,0.0,0.0,0.0
3541,2026,TY,2026Q3,2026-09,2026-09-02,2026-09-02,2530,Speech & Language Therapy,paid,Community Health Choice,A.P,86.22,86.22,86.22,0.0
3542,2026,TY,2026Q3,2026-09,2026-09-02,2026-09-02,2531,Speech & Language Therapy,paid,BlueCross BlueShield of Texas,A.P,38.92,38.92,38.92,0.0
3543,2026,TY,2026Q3,2026-09,2026-09-02,2026-09-02,2531,Speech & Language Therapy,paid,Patient,A.P,30.0,30.0,30.0,0.0
3544,2026,TY,2026Q3,2026-09,2026-09-02,2026-09-02,2532,Speech & Language Therapy,no_charge,Patient,A.P,0.0,0.0,0.0,0.0
3545,2026,TY,2026Q3,2026-09,2026-09-02,2026-09-02,2532,Speech & Language Therapy,paid,Community Health Choice,A.P,86.22,86.22,86.22,0.0
3546,2026,TY,2026Q3,2026-09,2026-09-02,2026-09-02,2533,Speech & Language Therapy,no_charge,Patient,A.P,0.0,0.0,0.0,0.0
3547,2026,TY,2026Q3,2026-09,2026-09-02,2026-09-02,2533,Speech & Language Therapy,paid,Texas Children's Health Plan - CHIP,A.P,80.84,80.84,80.84,0.0
3548,2026,TY,2026Q3,2026-09,2026-09-02,2026-09-02,2534,Speech & Language Therapy - Telehealth,no_charge,Patient,A.P,0.0,0.0,0.0,0.0
3549,2026,TY,2026Q3,2026-09,2026-09-02,2026-09-02,2534,Speech & Language Therapy - Telehealth,paid,Texas Children's Health Plan,A.P,80.84,80.84,80.84,0.0
3550,2026,TY,2026Q3,2026-09,2026-09-02,2026-09-02,2535,Speech & Language Therapy - Telehealth,paid,BlueCross BlueShield of Texas,J.G,38.92,38.92,38.92,0.0
3551,2026,TY,2026Q3,2026-09,2026-09-02,2026-09-02,2535,Speech & Language Therapy - Telehealth,paid,Patient,J.G,30.0,30.0,30.0,0.0
3552,2026,TY,2026Q3,2026-09,2026-09-02,2026-09-02,2536,Speech & Language Therapy - Telehealth,no_charge,Patient,A.P,0.0,0.0,0.0,0.0
3553,2026,TY,2026Q3,2026-09,2026-09-02,2026-09-02,2536,Speech & Language Therapy - Telehealth,paid,Texas Children's Health Plan,A.P,80.84,80.84,80.84,0.0
3554,2026,TY,2026Q3,2026-09,2026-09-02,2026-09-02,2537,Speech & Language Therapy,paid,BlueCross BlueShield of Texas,J.G,28.92,28.92,28.92,0.0
3555,2026,TY,2026Q3,2026-09,2026-09-02,2026-09-02,2537,Speech & Language Therapy,paid,Patient,J.G,40.0,40.0,40.0,0.0
3556,2026,TY,2026Q3,2026-09,2026-09-02,2026-09-02,2538,Speech & Language Therapy,no_charge,BlueCross BlueShield of Texas,J.G,0.0,0.0,0.0,0.0
3557,2026,TY,2026Q3,2026-09,2026-09-02,2026-09-02,2538,Speech & Language Therapy,paid,Patient,J.G,68.92,68.92,68.92,0.0
3558,2026,TY,2026Q3,2026-09,2026-09-02,2026-09-02,2539,Speech & Language Therapy,no_charge,Patient,J.G,0.0,0.0,0.0,0.0
3559,2026,TY,2026Q3,2026-09,2026-09-02,2026-09-02,2539,Speech & Language Therapy,unpaid,BlueCross BlueShield of Texas,J.G,105.0,105.0,0.0,105.0
3560,2026,TY,2026Q3,2026-09,2026-09-02,2026-09-02,2540,Speech & Language Therapy - Telehealth,paid,BlueCross BlueShield of Texas,J.G,55.14,55.14,55.14,0.0
3561,2026,TY,2026Q3,2026-09,2026-09-02,2026-09-02,2540,Speech & Language Therapy - Telehealth,paid,Patient,J.G,13.78,13.78,13.78,0.0
3562,2026,TY,2026Q3,2026-09,2026-09-02,2026-09-02,2542,Speech & Language Therapy - Telehealth,paid,BlueCross BlueShield of Texas,A.P,55.14,55.14,55.14,0.0
3563,2026,TY,2026Q3,2026-09,2026-09-02,2026-09-02,2542,Speech & Language Therapy - Telehealth,paid,Patient,A.P,13.78,13.78,13.78,0.0
3564,2026,TY,2026Q3,2026-09,2026-09-03,2026-09-03,2541,Speech & Language Therapy,no_charge,Patient,A.P,0.0,0.0,0.0,0.0
3565,2026,TY,2026Q3,2026-09,2026-09-03,2026-09-03,2541,Speech & Language Therapy,paid,Texas Children's Health Plan,A.P,80.84,80.84,80.84,0.0
3566,2026,TY,2026Q3,2026-09,2026-09-03,2026-09-03,2543,Speech & Language Therapy,no_charge,Patient,A.P,0.0,0.0,0.0,0.0
3567,2026,TY,2026Q3,2026-09,2026-09-03,2026-09-03,2543,Speech & Language Therapy,paid,Texas Children's Health Plan,A.P,80.84,80.84,80.84,0.0
3568,2026,TY,2026Q3,2026-09,2026-09-03,2026-09-03,2544,Speech & Language Therapy,no_charge,Patient,A.P,0.0,0.0,0.0,0.0
3569,2026,TY,2026Q3,2026-09,2026-09-03,2026-09-03,2544,Speech & Language Therapy,paid,Community Health Choice,A.P,86.22,86.22,86.22,0.0
3570,2026,TY,2026Q3,2026-09,2026-09-03,2026-09-03,2545,Speech & Language Therapy,no_charge,Patient,A.P,0.0,0.0,0.0,0.0
3571,2026,TY,2026Q3,2026-09,2026-09-03,2026-09-03,2545,Speech & Language Therapy,paid,Texas Children's Health Plan,A.P,80.84,80.84,80.84,0.0
3572,2026,TY,2026Q3,2026-09,2026-09-03,2026-09-03,2546,Speech & Language Therapy,no_charge,Patient,A.P,0.0,0.0,0.0,0.0
3573,2026,TY,2026Q3,2026-09,2026-09-03,2026-09-03,2546,Speech & Language Therapy,paid,Community Health Choice,A.P,86.22,86.22,86.22,0.0
3574,2026,TY,2026Q3,2026-09,2026-09-03,2026-09-03,2547,Speech & Language Therapy,no_charge,Patient,A.P,0.0,0.0,0.0,0.0
3575,2026,TY,2026Q3,2026-09,2026-09-03,2026-09-03,2547,Speech & Language Therapy,paid,Texas Children's Health Plan,A.P,80.84,80.84,80.84,0.0
3576,2026,TY,2026Q3,2026-09,2026-09-03,2026-09-03,2548,Speech & Language Therapy,no_charge,Patient,A.P,0.0,0.0,0.0,0.0
3577,2026,TY,2026Q3,2026-09,2026-09-03,2026-09-03,2548,Speech & Language Therapy,paid,Texas Children's Health Plan,A.P,80.84,80.84,80.84,0.0
3578,2026,TY,2026Q3,2026-09,2026-09-03,2026-09-03,2549,Speech & Language Therapy,no_charge,Patient,A.P,0.0,0.0,0.0,0.0
3579,2026,TY,2026Q3,2026-09,2026-09-03,2026-09-03,2549,Speech & Language Therapy,paid,Texas Children's Health Plan,A.P,80.84,80.84,80.84,0.0
3580,2026,TY,2026Q3,2026-09,2026-09-03,2026-09-03,2550,Speech & Language Therapy - Telehealth - No Show,no_charge,Patient,T.V,0.0,0.0,0.0,0.0
3581,2026,TY,2026Q3,2026-09,2026-09-03,2026-09-03,2551,Speech & Language Therapy,paid,Patient,J.G,90.0,90.0,90.0,0.0
3582,2026,TY,2026Q3,2026-09,2026-09-03,2026-09-03,2552,Speech & Language Therapy,no_charge,Patient,A.P,0.0,0.0,0.0,0.0
3583,2026,TY,2026Q3,2026-09,2026-09-03,2026-09-03,2552,Speech & Language Therapy,paid,Texas Children's Health Plan,A.P,80.84,80.84,80.84,0.0
3584,2026,TY,2026Q3,2026-09,2026-09-03,2026-09-03,2553,Speech & Language Therapy,no_charge,Patient,T.V,0.0,0.0,0.0,0.0
3585,2026,TY,2026Q3,2026-09,2026-09-03,2026-09-03,2553,Speech & Language Therapy,paid,Texas Children's Health Plan,T.V,64.67,64.67,64.67,0.0
3586,2026,TY,2026Q3,2026-09,2026-09-03,2026-09-03,2554,Speech & Language Therapy - Telehealth,paid,BlueCross BlueShield of Texas,J.G,55.14,55.14,55.14,0.0
3587,2026,TY,2026Q3,2026-09,2026-09-03,2026-09-03,2554,Speech & Language Therapy - Telehealth,paid,Patient,J.G,13.78,13.78,13.78,0.0
3588,2026,TY,2026Q3,2026-09,2026-09-03,2026-09-03,2555,Speech & Language Therapy,no_charge,Patient,A.P,0.0,0.0,0.0,0.0
3589,2026,TY,2026Q3,2026-09,2026-09-03,2026-09-03,2555,Speech & Language Therapy,paid,Texas Children's Health Plan,A.P,80.84,80.84,80.84,0.0
3590,2026,TY,2026Q3,2026-09,2026-09-03,2026-09-03,2556,Speech & Language Therapy - No Show,no_charge,Patient,T.V,0.0,0.0,0.0,0.0
3591,2026,TY,2026Q3,2026-09,2026-09-03,2026-09-03,2557,Speech & Language Therapy,no_charge,BlueCross BlueShield of Texas,J.G,0.0,0.0,0.0,0.0
3592,2026,TY,2026Q3,2026-09,2026-09-03,2026-09-03,2557,Speech & Language Therapy,paid,Patient,J.G,68.92,68.92,68.92,0.0
3593,2026,TY,2026Q3,2026-09,2026-09-03,2026-09-03,2558,Speech & Language Therapy,paid,BlueCross BlueShield of Texas,J.G,48.25,48.25,48.25,0.0
3594,2026,TY,2026Q3,2026-09,2026-09-03,2026-09-03,2558,Speech & Language Therapy,paid,Patient,J.G,20.67,20.67,20.67,0.0
3595,2026,TY,2026Q3,2026-09,2026-09-03,2026-09-03,2559,Speech & Language Therapy,paid,BlueCross BlueShield of Texas,J.G,38.92,38.92,38.92,0.0
3596,2026,TY,2026Q3,2026-09,2026-09-03,2026-09-03,2559,Speech & Language Therapy,paid,Patient,J.G,30.0,30.0,30.0,0.0
3597,2026,TY,2026Q3,2026-09,2026-09-03,2026-09-03,2562,Speech & Language Therapy,no_charge,Patient,A.P,0.0,0.0,0.0,0.0
3598,2026,TY,2026Q3,2026-09,2026-09-03,2026-09-03,2562,Speech & Language Therapy,paid,Texas Children's Health Plan,A.P,80.84,80.84,80.84,0.0
3599,2026,TY,2026Q3,2026-09,2026-09-03,2026-09-03,2563,Speech & Language Therapy,no_charge,Patient,T.V,0.0,0.0,0.0,0.0
3600,2026,TY,2026Q3,2026-09,2026-09-03,2026-09-03,2563,Speech & Language Therapy,paid,Texas Children's Health Plan - CHIP,T.V,64.67,64.67,64.67,0.0
3601,2026,TY,2026Q3,2026-09,2026-09-03,2026-09-03,2564,Speech & Language Therapy,no_charge,Patient,T.V,0.0,0.0,0.0,0.0
3602,2026,TY,2026Q3,2026-09,2026-09-03,2026-09-03,2564,Speech & Language Therapy,paid,Texas Children's Health Plan,T.V,64.67,64.67,64.67,0.0
3603,2026,TY,2026Q3,2026-09,2026-09-04,2026-09-04,2560,Speech & Language Therapy,no_charge,Patient,A.P,0.0,0.0,0.0,0.0
3604,2026,TY,2026Q3,2026-09,2026-09-04,2026-09-04,2560,Speech & Language Therapy,paid,Texas Children's Health Plan,A.P,80.84,80.84,80.84,0.0
3605,2026,TY,2026Q3,2026-09,2026-09-04,2026-09-04,2561,Speech & Language Therapy,no_charge,Patient,A.P,0.0,0.0,0.0,0.0
3606,2026,TY,2026Q3,2026-09,2026-09-04,2026-09-04,2561,Speech & Language Therapy,paid,Texas Children's Health Plan,A.P,80.84,80.84,80.84,0.0
3607,2026,TY,2026Q3,2026-09,2026-09-04,2026-09-04,2565,Speech & Language Therapy,no_charge,Patient,A.P,0.0,0.0,0.0,0.0
3608,2026,TY,2026Q3,2026-09,2026-09-04,2026-09-04,2565,Speech & Language Therapy,paid,Texas Children's Health Plan,A.P,80.84,80.84,80.84,0.0
3609,2026,TY,2026Q3,2026-09,2026-09-04,2026-09-04,2566,Speech & Language Therapy,no_charge,Patient,A.P,0.0,0.0,0.0,0.0
3610,2026,TY,2026Q3,2026-09,2026-09-04,2026-09-04,2566,Speech & Language Therapy,paid,Community Health Choice,A.P,86.22,86.22,86.22,0.0
3611,2026,TY,2026Q3,2026-09,2026-09-04,2026-09-04,2567,Speech & Language Therapy,no_charge,Patient,A.P,0.0,0.0,0.0,0.0
3612,2026,TY,2026Q3,2026-09,2026-09-04,2026-09-04,2567,Speech & Language Therapy,paid,Texas Children's Health Plan,A.P,80.84,80.84,80.84,0.0
3613,2026,TY,2026Q3,2026-09,2026-09-04,2026-09-04,2568,Speech & Language Therapy,no_charge,Patient,A.P,0.0,0.0,0.0,0.0
3614,2026,TY,2026Q3,2026-09,2026-09-04,2026-09-04,2568,Speech & Language Therapy,paid,Community Health Choice,A.P,86.22,86.22,86.22,0.0
3615,2026,TY,2026Q3,2026-09,2026-09-04,2026-09-04,2569,Speech & Language Therapy,no_charge,BlueCross BlueShield of Texas,J.G,0.0,0.0,0.0,0.0
3616,2026,TY,2026Q3,2026-09,2026-09-04,2026-09-04,2569,Speech & Language Therapy,paid,Patient,J.G,68.92,68.92,68.92,0.0
3617,2026,TY,2026Q3,2026-09,2026-09-05,2026-09-05,2570,Speech & Language Therapy,paid,Patient,K.G,70.0,70.0,70.0,0.0
3618,2026,TY,2026Q3,2026-09,2026-09-05,2026-09-05,2571,Speech & Language Therapy,no_charge,Patient,K.G,0.0,0.0,0.0,0.0
3619,2026,TY,2026Q3,2026-09,2026-09-05,2026-09-05,2571,Speech & Language Therapy,paid,Texas Children's Health Plan,K.G,64.67,64.67,64.67,0.0
3620,2026,TY,2026Q3,2026-09,2026-09-05,2026-09-05,2572,Speech & Language Therapy,no_charge,Patient,K.G,0.0,0.0,0.0,0.0
3621,2026,TY,2026Q3,2026-09,2026-09-05,2026-09-05,2572,Speech & Language Therapy,paid,Community Health Choice,K.G,68.98,68.98,68.98,0.0
3622,2026,TY,2026Q3,2026-09,2026-09-05,2026-09-05,2573,Speech & Language Therapy,no_charge,Patient,K.G,0.0,0.0,0.0,0.0
3623,2026,TY,2026Q3,2026-09,2026-09-05,2026-09-05,2573,Speech & Language Therapy,paid,Texas Children's Health Plan,K.G,64.67,64.67,64.67,0.0
3624,2026,TY,2026Q3,2026-09,2026-09-05,2026-09-05,2574,Speech & Language Therapy - No Show,no_charge,Patient,K.G,0.0,0.0,0.0,0.0
3625,2026,TY,2026Q3,2026-09,2026-09-05,2026-09-05,2575,Speech & Language Therapy,no_charge,Patient,K.G,0.0,0.0,0.0,0.0
3626,2026,TY,2026Q3,2026-09,2026-09-05,2026-09-05,2575,Speech & Language Therapy,paid,Texas Children's Health Plan,K.G,64.67,64.67,64.67,0.0
3627,2026,TY,2026Q3,2026-09,2026-09-05,2026-09-05,2576,Speech & Language Therapy,no_charge,Patient,K.G,0.0,0.0,0.0,0.0
3628,2026,TY,2026Q3,2026-09,2026-09-05,2026-09-05,2576,Speech & Language Therapy,paid,Texas Children's Health Plan,K.G,64.67,64.67,64.67,0.0
3629,2026,TY,2026Q3,2026-09,2026-09-08,2026-09-08,2577,Speech & Language Therapy,no_charge,Patient,A.P,0.0,0.0,0.0,0.0
3630,2026,TY,2026Q3,2026-09,2026-09-08,2026-09-08,2577,Speech & Language Therapy,paid,Texas Children's Health Plan,A.P,80.84,80.84,80.84,0.0
3631,2026,TY,2026Q3,2026-09,2026-09-08,2026-09-08,2578,Speech & Language Therapy,no_charge,Patient,A.P,0.0,0.0,0.0,0.0
3632,2026,TY,2026Q3,2026-09,2026-09-08,2026-09-08,2578,Speech & Language Therapy,paid,Community Health Choice,A.P,86.22,86.22,86.22,0.0
3633,2026,TY,2026Q3,2026-09,2026-09-08,2026-09-08,2579,Speech & Language Therapy,no_charge,Patient,M.R,0.0,0.0,0.0,0.0
3634,2026,TY,2026Q3,2026-09,2026-09-08,2026-09-08,2579,Speech & Language Therapy,paid,Texas Children's Health Plan,M.R,64.67,64.67,64.67,0.0
3635,2026,TY,2026Q3,2026-09,2026-09-08,2026-09-08,2580,Speech & Language Therapy,paid,Patient,A.P,90.0,90.0,90.0,0.0
3636,2026,TY,2026Q3,2026-09,2026-09-08,2026-09-08,2581,Speech & Language Therapy,no_charge,Patient,M.R,0.0,0.0,0.0,0.0
3637,2026,TY,2026Q3,2026-09,2026-09-08,2026-09-08,2581,Speech & Language Therapy,paid,Texas Children's Health Plan,M.R,64.67,64.67,64.67,0.0
3638,2026,TY,2026Q3,2026-09,2026-09-08,2026-09-08,2582,Speech & Language Therapy,no_charge,Patient,M.R,0.0,0.0,0.0,0.0
3639,2026,TY,2026Q3,2026-09,2026-09-08,2026-09-08,2582,Speech & Language Therapy,paid,Texas Children's Health Plan,M.R,64.67,64.67,64.67,0.0
3640,2026,TY,2026Q3,2026-09,2026-09-08,2026-09-08,2583,Speech & Language Therapy,no_charge,Patient,M.R,0.0,0.0,0.0,0.0
3641,2026,TY,2026Q3,2026-09,2026-09-08,2026-09-08,2583,Speech & Language Therapy,paid,Community Health Choice,M.R,68.98,68.98,68.98,0.0
3642,2026,TY,2026Q3,2026-09,2026-09-08,2026-09-08,2584,Speech & Language Therapy,no_charge,Patient,M.R,0.0,0.0,0.0,0.0
3643,2026,TY,2026Q3,2026-09,2026-09-08,2026-09-08,2584,Speech & Language Therapy,paid,Texas Children's Health Plan,M.R,64.67,64.67,64.67,0.0
3644,2026,TY,2026Q3,2026-09,2026-09-08,2026-09-08,2585,Speech & Language Therapy,no_charge,Patient,M.R,0.0,0.0,0.0,0.0
3645,2026,TY,2026Q3,2026-09,2026-09-08,2026-09-08,2585,Speech & Language Therapy,paid,Community Health Choice,M.R,68.98,68.98,68.98,0.0
3646,2026,TY,2026Q3,2026-09,2026-09-08,2026-09-08,2586,Speech & Language Therapy,no_charge,Patient,M.R,0.0,0.0,0.0,0.0
3647,2026,TY,2026Q3,2026-09,2026-09-08,2026-09-08,2586,Speech & Language Therapy,paid,Texas Children's Health Plan,M.R,64.67,64.67,64.67,0.0
3648,2026,TY,2026Q3,2026-09,2026-09-08,2026-09-08,2587,Speech & Language Therapy,paid,BlueCross BlueShield of Texas,J.G,28.92,28.92,28.92,0.0
3649,2026,TY,2026Q3,2026-09,2026-09-08,2026-09-08,2587,Speech & Language Therapy,paid,Patient,J.G,40.0,40.0,40.0,0.0
3650,2026,TY,2026Q3,2026-09,2026-09-08,2026-09-08,2588,Speech & Language Therapy,paid,Patient,J.G,90.0,90.0,90.0,0.0
3651,2026,TY,2026Q3,2026-09,2026-09-08,2026-09-08,2589,Speech & Language Therapy - Telehealth,paid,BlueCross BlueShield of Texas,J.G,55.14,55.14,55.14,0.0
3652,2026,TY,2026Q3,2026-09,2026-09-08,2026-09-08,2589,Speech & Language Therapy - Telehealth,paid,Patient,J.G,13.78,13.78,13.78,0.0
3653,2026,TY,2026Q3,2026-09,2026-09-08,2026-09-08,2590,Speech & Language Therapy - Telehealth,no_charge,Patient,A.P,0.0,0.0,0.0,0.0
3654,2026,TY,2026Q3,2026-09,2026-09-08,2026-09-08,2590,Speech & Language Therapy - Telehealth,paid,Texas Children's Health Plan,A.P,80.84,80.84,80.84,0.0
3655,2026,TY,2026Q3,2026-09,2026-09-08,2026-09-08,2591,Speech & Language Therapy,no_charge,Patient,T.V,0.0,0.0,0.0,0.0
3656,2026,TY,2026Q3,2026-09,2026-09-08,2026-09-08,2591,Speech & Language Therapy,paid,Texas Children's Health Plan - CHIP,T.V,64.67,64.67,64.67,0.0
3657,2026,TY,2026Q3,2026-09,2026-09-08,2026-09-08,2592,Speech & Language Therapy,no_charge,Patient,T.V,0.0,0.0,0.0,0.0
3658,2026,TY,2026Q3,2026-09,2026-09-08,2026-09-08,2592,Speech & Language Therapy,paid,Texas Children's Health Plan - CHIP,T.V,64.67,64.67,64.67,0.0
3659,2026,TY,2026Q3,2026-09,2026-09-08,2026-09-08,2593,Speech & Language Therapy,paid,BlueCross BlueShield of Texas,J.G,13.55,13.55,13.55,0.0
3660,2026,TY,2026Q3,2026-09,2026-09-08,2026-09-08,2593,Speech & Language Therapy,paid,Patient,J.G,55.37,55.37,55.37,0.0
3661,2026,TY,2026Q3,2026-09,2026-09-08,2026-09-08,2594,Speech & Language Therapy,no_charge,Patient,T.V,0.0,0.0,0.0,0.0
3662,2026,TY,2026Q3,2026-09,2026-09-08,2026-09-08,2594,Speech & Language Therapy,paid,Texas Children's Health Plan - CHIP,T.V,64.67,64.67,64.67,0.0
3663,2026,TY,2026Q3,2026-09,2026-09-08,2026-09-08,2595,Speech & Language Therapy - No Show,no_charge,Patient,T.V,0.0,0.0,0.0,0.0
3664,2026,TY,2026Q3,2026-09,2026-09-08,2026-09-08,2596,Speech & Language Therapy,no_charge,Patient,T.V,0.0,0.0,0.0,0.0
3665,2026,TY,2026Q3,2026-09,2026-09-08,2026-09-08,2596,Speech & Language Therapy,paid,Texas Children's Health Plan,T.V,64.67,64.67,64.67,0.0
3666,2026,TY,2026Q3,2026-09,2026-09-08,2026-09-08,2597,Speech & Language Therapy,no_charge,Patient,M.R,0.0,0.0,0.0,0.0
3667,2026,TY,2026Q3,2026-09,2026-09-08,2026-09-08,2597,Speech & Language Therapy,paid,Texas Children's Health Plan,M.R,64.67,64.67,64.67,0.0
3668,2026,TY,2026Q3,2026-09,2026-09-08,2026-09-08,2598,Speech & Language Therapy,no_charge,Patient,M.R,0.0,0.0,0.0,0.0
3669,2026,TY,2026Q3,2026-09,2026-09-08,2026-09-08,2598,Speech & Language Therapy,paid,Texas Children's Health Plan,M.R,64.67,64.67,64.67,0.0
3670,2026,TY,2026Q3,2026-09,2026-09-08,2026-09-08,2599,Speech & Language Therapy,no_charge,Patient,M.R,0.0,0.0,0.0,0.0
3671,2026,TY,2026Q3,2026-09,2026-09-08,2026-09-08,2599,Speech & Language Therapy,paid,Texas Children's Health Plan,M.R,64.67,64.67,64.67,0.0
3672,2026,TY,2026Q3,2026-09,2026-09-08,2026-09-08,2600,Speech & Language Therapy,no_charge,Patient,M.R,0.0,0.0,0.0,0.0
3673,2026,TY,2026Q3,2026-09,2026-09-08,2026-09-08,2600,Speech & Language Therapy,paid,Texas Children's Health Plan,M.R,64.67,64.67,64.67,0.0
3674,2026,TY,2026Q3,2026-09,2026-09-09,2026-09-09,2601,Speech & Language Therapy,no_charge,Patient,A.P,0.0,0.0,0.0,0.0
3675,2026,TY,2026Q3,2026-09,2026-09-09,2026-09-09,2601,Speech & Language Therapy,paid,Texas Children's Health Plan,A.P,80.84,80.84,80.84,0.0
3676,2026,TY,2026Q3,2026-09,2026-09-09,2026-09-09,2602,Speech & Language Therapy,no_charge,Patient,A.P,0.0,0.0,0.0,0.0
3677,2026,TY,2026Q3,2026-09,2026-09-09,2026-09-09,2602,Speech & Language Therapy,paid,Community Health Choice,A.P,86.22,86.22,86.22,0.0
3678,2026,TY,2026Q3,2026-09,2026-09-09,2026-09-09,2603,Speech & Language Evaluation - No Show,no_charge,Patient,A.P,0.0,0.0,0.0,0.0
3679,2026,TY,2026Q3,2026-09,2026-09-09,2026-09-09,2604,Speech & Language Therapy,paid,BlueCross BlueShield of Texas,A.P,38.92,38.92,38.92,0.0
3680,2026,TY,2026Q3,2026-09,2026-09-09,2026-09-09,2604,Speech & Language Therapy,paid,Patient,A.P,30.0,30.0,30.0,0.0
3681,2026,TY,2026Q3,2026-09,2026-09-09,2026-09-09,2605,Speech & Language Evaluation,no_charge,Patient,A.P,0.0,0.0,0.0,0.0
3682,2026,TY,2026Q3,2026-09,2026-09-09,2026-09-09,2605,Speech & Language Evaluation,paid,Community Health Choice,A.P,135.85,135.85,135.85,0.0
3683,2026,TY,2026Q3,2026-09,2026-09-09,2026-09-09,2606,Speech & Language Therapy,no_charge,Patient,M.R,0.0,0.0,0.0,0.0
3684,2026,TY,2026Q3,2026-09,2026-09-09,2026-09-09,2606,Speech & Language Therapy,paid,Community Health Choice,M.R,68.98,68.98,68.98,0.0
3685,2026,TY,2026Q3,2026-09,2026-09-09,2026-09-09,2607,Speech & Language Therapy,no_charge,Patient,M.R,0.0,0.0,0.0,0.0
3686,2026,TY,2026Q3,2026-09,2026-09-09,2026-09-09,2607,Speech & Language Therapy,paid,Texas Children's Health Plan - CHIP,M.R,64.67,64.67,64.67,0.0
3687,2026,TY,2026Q3,2026-09,2026-09-09,2026-09-09,2608,Speech & Language Therapy - Telehealth,no_charge,Patient,T.V,0.0,0.0,0.0,0.0
3688,2026,TY,2026Q3,2026-09,2026-09-09,2026-09-09,2608,Speech & Language Therapy - Telehealth,paid,Texas Children's Health Plan,T.V,64.67,64.67,64.67,0.0
3689,2026,TY,2026Q3,2026-09,2026-09-09,2026-09-09,2609,Speech & Language Therapy - Telehealth,no_charge,Patient,A.P,0.0,0.0,0.0,0.0
3690,2026,TY,2026Q3,2026-09,2026-09-09,2026-09-09,2609,Speech & Language Therapy - Telehealth,paid,Texas Children's Health Plan,A.P,80.84,80.84,80.84,0.0
3691,2026,TY,2026Q3,2026-09,2026-09-09,2026-09-09,2610,Speech & Language Therapy - Telehealth,paid,BlueCross BlueShield of Texas,J.G,38.92,38.92,38.92,0.0
3692,2026,TY,2026Q3,2026-09,2026-09-09,2026-09-09,2610,Speech & Language Therapy - Telehealth,paid,Patient,J.G,30.0,30.0,30.0,0.0
3693,2026,TY,2026Q3,2026-09,2026-09-09,2026-09-09,2611,Speech & Language Therapy,no_charge,Patient,T.V,0.0,0.0,0.0,0.0
3694,2026,TY,2026Q3,2026-09,2026-09-09,2026-09-09,2611,Speech & Language Therapy,paid,Texas Children's Health Plan - CHIP,T.V,64.67,64.67,64.67,0.0
3695,2026,TY,2026Q3,2026-09,2026-09-09,2026-09-09,2612,Speech & Language Therapy,no_charge,Patient,T.V,0.0,0.0,0.0,0.0
3696,2026,TY,2026Q3,2026-09,2026-09-09,2026-09-09,2612,Speech & Language Therapy,paid,Texas Children's Health Plan - CHIP,T.V,64.67,64.67,64.67,0.0
3697,2026,TY,2026Q3,2026-09,2026-09-09,2026-09-09,2613,Speech & Language Therapy - Telehealth,no_charge,Patient,A.P,0.0,0.0,0.0,0.0
3698,2026,TY,2026Q3,2026-09,2026-09-09,2026-09-09,2613,Speech & Language Therapy - Telehealth,paid,Texas Children's Health Plan,A.P,80.84,80.84,80.84,0.0
3699,2026,TY,2026Q3,2026-09,2026-09-09,2026-09-09,2614,Speech & Language Therapy,paid,BlueCross BlueShield of Texas,J.G,28.92,28.92,28.92,0.0
3700,2026,TY,2026Q3,2026-09,2026-09-09,2026-09-09,2614,Speech & Language Therapy,paid,Patient,J.G,40.0,40.0,40.0,0.0
3701,2026,TY,2026Q3,2026-09,2026-09-09,2026-09-09,2615,Speech & Language Therapy,no_charge,Patient,M.R,0.0,0.0,0.0,0.0
3702,2026,TY,2026Q3,2026-09,2026-09-09,2026-09-09,2615,Speech & Language Therapy,paid,Texas Children's Health Plan,M.R,64.67,64.67,64.67,0.0
3703,2026,TY,2026Q3,2026-09,2026-09-09,2026-09-09,2616,Speech & Language Therapy,no_charge,Patient,M.R,0.0,0.0,0.0,0.0
3704,2026,TY,2026Q3,2026-09,2026-09-09,2026-09-09,2616,Speech & Language Therapy,paid,Texas Children's Health Plan,M.R,64.67,64.67,64.67,0.0
3705,2026,TY,2026Q3,2026-09,2026-09-09,2026-09-09,2617,Speech & Language Therapy - Telehealth,paid,BlueCross BlueShield of Texas,A.P,55.14,55.14,55.14,0.0
3706,2026,TY,2026Q3,2026-09,2026-09-09,2026-09-09,2617,Speech & Language Therapy - Telehealth,paid,Patient,A.P,13.78,13.78,13.78,0.0
3707,2026,TY,2026Q3,2026-09,2026-09-09,2026-09-09,2618,Speech & Language Therapy,no_charge,Patient,J.G,0.0,0.0,0.0,0.0
3708,2026,TY,2026Q3,2026-09,2026-09-09,2026-09-09,2618,Speech & Language Therapy,unpaid,BlueCross BlueShield of Texas,J.G,105.0,105.0,0.0,105.0
3709,2026,TY,2026Q3,2026-09,2026-09-09,2026-09-09,2619,Speech & Language Therapy,no_charge,Patient,T.V,0.0,0.0,0.0,0.0
3710,2026,TY,2026Q3,2026-09,2026-09-09,2026-09-09,2619,Speech & Language Therapy,paid,Texas Children's Health Plan,T.V,64.67,64.67,64.67,0.0
3711,2026,TY,2026Q3,2026-09,2026-09-10,2026-09-10,2501,Speech & Language Therapy - Telehealth,no_charge,Patient,T.V,0.0,0.0,0.0,0.0
3712,2026,TY,2026Q3,2026-09,2026-09-10,2026-09-10,2501,Speech & Language Therapy - Telehealth,paid,Texas Children's Health Plan,T.V,64.67,64.67,64.67,0.0
3713,2026,TY,2026Q3,2026-09,2026-09-10,2026-09-10,2502,Speech & Language Therapy,no_charge,Patient,T.V,0.0,0.0,0.0,0.0
3714,2026,TY,2026Q3,2026-09,2026-09-10,2026-09-10,2502,Speech & Language Therapy,paid,Texas Children's Health Plan,T.V,64.67,64.67,64.67,0.0
3715,2026,TY,2026Q3,2026-09,2026-09-10,2026-09-10,2620,Speech & Language Therapy,no_charge,Patient,M.R,0.0,0.0,0.0,0.0
3716,2026,TY,2026Q3,2026-09,2026-09-10,2026-09-10,2620,Speech & Language Therapy,paid,Texas Children's Health Plan,M.R,64.67,64.67,64.67,0.0
3717,2026,TY,2026Q3,2026-09,2026-09-10,2026-09-10,2621,Speech & Language Therapy,paid,BlueCross BlueShield of Texas,A.P,33.92,33.92,33.92,0.0
3718,2026,TY,2026Q3,2026-09,2026-09-10,2026-09-10,2621,Speech & Language Therapy,paid,Patient,A.P,35.0,35.0,35.0,0.0
3719,2026,TY,2026Q3,2026-09,2026-09-10,2026-09-10,2622,Speech & Language Therapy,paid,Patient,A.P,90.0,90.0,90.0,0.0
3720,2026,TY,2026Q3,2026-09,2026-09-10,2026-09-10,2623,Speech & Language Evaluation,no_charge,Patient,A.P,0.0,0.0,0.0,0.0
3721,2026,TY,2026Q3,2026-09,2026-09-10,2026-09-10,2623,Speech & Language Evaluation,paid,Texas Children's Health Plan,A.P,127.36,127.36,127.36,0.0
3722,2026,TY,2026Q3,2026-09,2026-09-10,2026-09-10,2624,Speech & Language Therapy,no_charge,Patient,M.R,0.0,0.0,0.0,0.0
3723,2026,TY,2026Q3,2026-09,2026-09-10,2026-09-10,2624,Speech & Language Therapy,paid,Texas Children's Health Plan,M.R,64.67,64.67,64.67,0.0
3724,2026,TY,2026Q3,2026-09,2026-09-10,2026-09-10,2625,Speech & Language Therapy,no_charge,Patient,M.R,0.0,0.0,0.0,0.0
3725,2026,TY,2026Q3,2026-09,2026-09-10,2026-09-10,2625,Speech & Language Therapy,paid,Community Health Choice,M.R,68.98,68.98,68.98,0.0
3726,2026,TY,2026Q3,2026-09,2026-09-10,2026-09-10,2626,Speech & Language Therapy,no_charge,Patient,M.R,0.0,0.0,0.0,0.0
3727,2026,TY,2026Q3,2026-09,2026-09-10,2026-09-10,2626,Speech & Language Therapy,paid,Texas Children's Health Plan,M.R,64.67,64.67,64.67,0.0
3728,2026,TY,2026Q3,2026-09,2026-09-10,2026-09-10,2627,Speech & Language Therapy,no_charge,Patient,M.R,0.0,0.0,0.0,0.0
3729,2026,TY,2026Q3,2026-09,2026-09-10,2026-09-10,2627,Speech & Language Therapy,paid,Community Health Choice,M.R,68.98,68.98,68.98,0.0
3730,2026,TY,2026Q3,2026-09,2026-09-10,2026-09-10,2628,Speech & Language Therapy,no_charge,Patient,M.R,0.0,0.0,0.0,0.0
3731,2026,TY,2026Q3,2026-09,2026-09-10,2026-09-10,2628,Speech & Language Therapy,paid,Texas Children's Health Plan,M.R,64.67,64.67,64.67,0.0
3732,2026,TY,2026Q3,2026-09,2026-09-10,2026-09-10,2629,Speech & Language Therapy,no_charge,Patient,M.R,0.0,0.0,0.0,0.0
3733,2026,TY,2026Q3,2026-09,2026-09-10,2026-09-10,2629,Speech & Language Therapy,paid,Texas Children's Health Plan,M.R,64.67,64.67,64.67,0.0
3734,2026,TY,2026Q3,2026-09,2026-09-10,2026-09-10,2630,Speech & Language Therapy,paid,Patient,J.G,90.0,90.0,90.0,0.0
3735,2026,TY,2026Q3,2026-09,2026-09-10,2026-09-10,2631,Speech & Language Therapy - Telehealth,paid,BlueCross BlueShield of Texas,J.G,55.14,55.14,55.14,0.0
3736,2026,TY,2026Q3,2026-09,2026-09-10,2026-09-10,2631,Speech & Language Therapy - Telehealth,paid,Patient,J.G,13.78,13.78,13.78,0.0
3737,2026,TY,2026Q3,2026-09,2026-09-10,2026-09-10,2632,Speech & Language Therapy,paid,BlueCross BlueShield of Texas,J.G,55.14,55.14,55.14,0.0
3738,2026,TY,2026Q3,2026-09,2026-09-10,2026-09-10,2632,Speech & Language Therapy,paid,Patient,J.G,13.78,13.78,13.78,0.0
3739,2026,TY,2026Q3,2026-09,2026-09-10,2026-09-10,2633,Speech & Language Therapy - No Show,no_charge,Patient,T.V,0.0,0.0,0.0,0.0
3740,2026,TY,2026Q3,2026-09,2026-09-10,2026-09-10,2634,Speech & Language Therapy,no_charge,Patient,M.R,0.0,0.0,0.0,0.0
3741,2026,TY,2026Q3,2026-09,2026-09-10,2026-09-10,2634,Speech & Language Therapy,paid,Texas Children's Health Plan,M.R,64.67,64.67,64.67,0.0
3742,2026,TY,2026Q3,2026-09,2026-09-10,2026-09-10,2635,Speech & Language Therapy,no_charge,Patient,M.R,0.0,0.0,0.0,0.0
3743,2026,TY,2026Q3,2026-09,2026-09-10,2026-09-10,2635,Speech & Language Therapy,paid,Texas Children's Health Plan,M.R,64.67,64.67,64.67,0.0
3744,2026,TY,2026Q3,2026-09,2026-09-10,2026-09-10,2636,Speech & Language Therapy,no_charge,Patient,M.R,0.0,0.0,0.0,0.0
3745,2026,TY,2026Q3,2026-09,2026-09-10,2026-09-10,2636,Speech & Language Therapy,paid,Texas Children's Health Plan,M.R,64.67,64.67,64.67,0.0
3746,2026,TY,2026Q3,2026-09,2026-09-10,2026-09-10,2637,Speech & Language Therapy,no_charge,Patient,M.R,0.0,0.0,0.0,0.0
3747,2026,TY,2026Q3,2026-09,2026-09-10,2026-09-10,2637,Speech & Language Therapy,paid,Texas Children's Health Plan,M.R,64.67,64.67,64.67,0.0
3748,2026,TY,2026Q3,2026-09,2026-09-10,2026-09-10,2638,Speech & Language Therapy,no_charge,Patient,T.V,0.0,0.0,0.0,0.0
3749,2026,TY,2026Q3,2026-09,2026-09-10,2026-09-10,2638,Speech & Language Therapy,paid,Texas Children's Health Plan,T.V,64.67,64.67,64.67,0.0
3750,2026,TY,2026Q3,2026-09,2026-09-10,2026-09-10,2639,Speech & Language Therapy,no_charge,Patient,J.G,0.0,0.0,0.0,0.0
3751,2026,TY,2026Q3,2026-09,2026-09-10,2026-09-10,2639,Speech & Language Therapy,unpaid,BlueCross BlueShield of Texas,J.G,105.0,105.0,0.0,105.0
3752,2026,TY,2026Q3,2026-09,2026-09-10,2026-09-10,2640,Speech & Language Therapy,paid,BlueCross BlueShield of Texas,J.G,38.92,38.92,38.92,0.0
3753,2026,TY,2026Q3,2026-09,2026-09-10,2026-09-10,2640,Speech & Language Therapy,paid,Patient,J.G,30.0,30.0,30.0,0.0
3754,2026,TY,2026Q3,2026-09,2026-09-11,2026-09-11,2641,Speech & Language Evaluation,no_charge,UnitedHealthcare - Commercial,A.P,0.0,0.0,0.0,0.0
3755,2026,TY,2026Q3,2026-09,2026-09-11,2026-09-11,2641,Speech & Language Evaluation,paid,Patient,A.P,65.0,65.0,65.0,0.0
3756,2026,TY,2026Q3,2026-09,2026-09-11,2026-09-11,2642,Speech & Language Therapy,no_charge,Patient,M.R,0.0,0.0,0.0,0.0
3757,2026,TY,2026Q3,2026-09,2026-09-11,2026-09-11,2642,Speech & Language Therapy,paid,Texas Children's Health Plan,M.R,64.67,64.67,64.67,0.0
3758,2026,TY,2026Q3,2026-09,2026-09-11,2026-09-11,2643,Speech & Language Therapy,no_charge,Patient,M.R,0.0,0.0,0.0,0.0
3759,2026,TY,2026Q3,2026-09,2026-09-11,2026-09-11,2643,Speech & Language Therapy,paid,Texas Children's Health Plan,M.R,64.67,64.67,64.67,0.0
3760,2026,TY,2026Q3,2026-09,2026-09-11,2026-09-11,2644,Speech & Language Evaluation,no_charge,Patient,A.P,0.0,0.0,0.0,0.0
3761,2026,TY,2026Q3,2026-09,2026-09-11,2026-09-11,2644,Speech & Language Evaluation,paid,Texas Children's Health Plan,A.P,127.36,127.36,127.36,0.0
3762,2026,TY,2026Q3,2026-09,2026-09-11,2026-09-11,2645,Speech & Language Therapy,no_charge,Patient,M.R,0.0,0.0,0.0,0.0
3763,2026,TY,2026Q3,2026-09,2026-09-11,2026-09-11,2645,Speech & Language Therapy,paid,Texas Children's Health Plan - CHIP,M.R,64.67,64.67,64.67,0.0
3764,2026,TY,2026Q3,2026-09,2026-09-11,2026-09-11,2646,Speech & Language Therapy,no_charge,Patient,A.P,0.0,0.0,0.0,0.0
3765,2026,TY,2026Q3,2026-09,2026-09-11,2026-09-11,2646,Speech & Language Therapy,paid,Texas Children's Health Plan,A.P,80.84,80.84,80.84,0.0
3766,2026,TY,2026Q3,2026-09,2026-09-11,2026-09-11,2647,Speech & Language Therapy,paid,BlueCross BlueShield of Texas,A.P,38.92,38.92,38.92,0.0
3767,2026,TY,2026Q3,2026-09,2026-09-11,2026-09-11,2647,Speech & Language Therapy,paid,Patient,A.P,30.0,30.0,30.0,0.0
3768,2026,TY,2026Q3,2026-09,2026-09-11,2026-09-11,2648,Speech & Language Therapy,no_charge,Patient,M.R,0.0,0.0,0.0,0.0
3769,2026,TY,2026Q3,2026-09,2026-09-11,2026-09-11,2648,Speech & Language Therapy,paid,Texas Children's Health Plan,M.R,64.67,64.67,64.67,0.0
3770,2026,TY,2026Q3,2026-09,2026-09-11,2026-09-11,2649,Speech & Language Therapy,no_charge,Patient,M.R,0.0,0.0,0.0,0.0
3771,2026,TY,2026Q3,2026-09,2026-09-11,2026-09-11,2649,Speech & Language Therapy,paid,Texas Children's Health Plan,M.R,64.67,64.67,64.67,0.0
3772,2026,TY,2026Q3,2026-09,2026-09-11,2026-09-11,2650,Speech & Language Therapy,no_charge,Patient,M.R,0.0,0.0,0.0,0.0
3773,2026,TY,2026Q3,2026-09,2026-09-11,2026-09-11,2650,Speech & Language Therapy,paid,Texas Children's Health Plan,M.R,64.67,64.67,64.67,0.0
3774,2026,TY,2026Q3,2026-09,2026-09-12,2026-09-12,2651,Speech & Language Therapy,paid,Patient,K.G,70.0,70.0,70.0,0.0
3775,2026,TY,2026Q3,2026-09,2026-09-12,2026-09-12,2652,Speech & Language Therapy,no_charge,Patient,K.G,0.0,0.0,0.0,0.0
3776,2026,TY,2026Q3,2026-09,2026-09-12,2026-09-12,2652,Speech & Language Therapy,paid,Texas Children's Health Plan,K.G,64.67,64.67,64.67,0.0
3777,2026,TY,2026Q3,2026-09,2026-09-12,2026-09-12,2653,Speech & Language Therapy,no_charge,Patient,K.G,0.0,0.0,0.0,0.0
3778,2026,TY,2026Q3,2026-09,2026-09-12,2026-09-12,2653,Speech & Language Therapy,paid,Community Health Choice,K.G,68.98,68.98,68.98,0.0
3779,2026,TY,2026Q3,2026-09,2026-09-12,2026-09-12,2654,Speech & Language Therapy,no_charge,Patient,K.G,0.0,0.0,0.0,0.0
3780,2026,TY,2026Q3,2026-09,2026-09-12,2026-09-12,2654,Speech & Language Therapy,paid,Texas Children's Health Plan,K.G,64.67,64.67,64.67,0.0
3781,2026,TY,2026Q3,2026-09,2026-09-12,2026-09-12,2655,Speech & Language Therapy - Telehealth,no_charge,Patient,K.G,0.0,0.0,0.0,0.0
3782,2026,TY,2026Q3,2026-09,2026-09-12,2026-09-12,2655,Speech & Language Therapy - Telehealth,paid,Texas Children's Health Plan,K.G,64.67,64.67,64.67,0.0
3783,2026,TY,2026Q3,2026-09,2026-09-12,2026-09-12,2656,Speech & Language Therapy,no_charge,Patient,K.G,0.0,0.0,0.0,0.0
3784,2026,TY,2026Q3,2026-09,2026-09-12,2026-09-12,2656,Speech & Language Therapy,paid,Texas Children's Health Plan,K.G,64.67,64.67,64.67,0.0
3785,2026,TY,2026Q3,2026-09,2026-09-12,2026-09-12,2657,Speech & Language Therapy,no_charge,Patient,K.G,0.0,0.0,0.0,0.0
3786,2026,TY,2026Q3,2026-09,2026-09-12,2026-09-12,2657,Speech & Language Therapy,paid,Texas Children's Health Plan,K.G,64.67,64.67,64.67,0.0
3787,2026,TY,2026Q3,2026-09,2026-09-14,2026-09-14,2658,Speech & Language Therapy,no_charge,Patient,A.P,0.0,0.0,0.0,0.0
3788,2026,TY,2026Q3,2026-09,2026-09-14,2026-09-14,2658,Speech & Language Therapy,paid,Texas Children's Health Plan,A.P,80.84,80.84,80.84,0.0
3789,2026,TY,2026Q3,2026-09,2026-09-14,2026-09-14,2659,Speech & Language Therapy,no_charge,Patient,A.P,0.0,0.0,0.0,0.0
3790,2026,TY,2026Q3,2026-09,2026-09-14,2026-09-14,2659,Speech & Language Therapy,paid,Community Health Choice,A.P,86.22,86.22,86.22,0.0
3791,2026,TY,2026Q3,2026-09,2026-09-14,2026-09-14,2660,Speech & Language Therapy,paid,BlueCross BlueShield of Texas,A.P,38.92,38.92,38.92,0.0
3792,2026,TY,2026Q3,2026-09,2026-09-14,2026-09-14,2660,Speech & Language Therapy,paid,Patient,A.P,30.0,30.0,30.0,0.0
3793,2026,TY,2026Q3,2026-09,2026-09-14,2026-09-14,2661,Speech & Language Therapy,no_charge,Patient,A.P,0.0,0.0,0.0,0.0
3794,2026,TY,2026Q3,2026-09,2026-09-14,2026-09-14,2661,Speech & Language Therapy,paid,Texas Children's Health Plan - CHIP,A.P,80.84,80.84,80.84,0.0
3795,2026,TY,2026Q3,2026-09,2026-09-14,2026-09-14,2662,Speech & Language Therapy,no_charge,Patient,A.P,0.0,0.0,0.0,0.0
3796,2026,TY,2026Q3,2026-09,2026-09-14,2026-09-14,2662,Speech & Language Therapy,paid,Texas Children's Health Plan,A.P,80.84,80.84,80.84,0.0
3797,2026,TY,2026Q3,2026-09,2026-09-14,2026-09-14,2663,Speech & Language Therapy,paid,BlueCross BlueShield of Texas,A.P,38.92,38.92,38.92,0.0
3798,2026,TY,2026Q3,2026-09,2026-09-14,2026-09-14,2663,Speech & Language Therapy,paid,Patient,A.P,30.0,30.0,30.0,0.0
3799,2026,TY,2026Q3,2026-09,2026-09-14,2026-09-14,2664,Speech & Language Therapy - Telehealth,no_charge,Patient,A.P,0.0,0.0,0.0,0.0
3800,2026,TY,2026Q3,2026-09,2026-09-14,2026-09-14,2664,Speech & Language Therapy - Telehealth,paid,Texas Children's Health Plan,A.P,80.84,80.84,80.84,0.0
3801,2026,TY,2026Q3,2026-09,2026-09-14,2026-09-14,2665,Speech & Language Therapy - Telehealth,no_charge,Patient,A.P,0.0,0.0,0.0,0.0
3802,2026,TY,2026Q3,2026-09,2026-09-14,2026-09-14,2665,Speech & Language Therapy - Telehealth,paid,Texas Children's Health Plan,A.P,80.84,80.84,80.84,0.0
3803,2026,TY,2026Q3,2026-09,2026-09-14,2026-09-14,2666,Speech & Language Therapy - Telehealth - No Show,no_charge,Patient,T.V,0.0,0.0,0.0,0.0
3804,2026,TY,2026Q3,2026-09,2026-09-14,2026-09-14,2667,Speech & Language Evaluation,no_charge,BlueCross BlueShield of Texas,J.G,0.0,0.0,0.0,0.0
3805,2026,TY,2026Q3,2026-09,2026-09-14,2026-09-14,2667,Speech & Language Evaluation,paid,Patient,J.G,187.74,187.74,187.74,0.0
3806,2026,TY,2026Q3,2026-09,2026-09-14,2026-09-14,2668,Speech & Language Therapy,no_charge,Patient,T.V,0.0,0.0,0.0,0.0
3807,2026,TY,2026Q3,2026-09,2026-09-14,2026-09-14,2668,Speech & Language Therapy,paid,Texas Children's Health Plan - CHIP,T.V,64.67,64.67,64.67,0.0
3808,2026,TY,2026Q3,2026-09,2026-09-14,2026-09-14,2669,Speech & Language Therapy,no_charge,Patient,T.V,0.0,0.0,0.0,0.0
3809,2026,TY,2026Q3,2026-09,2026-09-14,2026-09-14,2669,Speech & Language Therapy,paid,Texas Children's Health Plan - CHIP,T.V,64.67,64.67,64.67,0.0
3810,2026,TY,2026Q3,2026-09,2026-09-14,2026-09-14,2670,Speech & Language Therapy,no_charge,Patient,T.V,0.0,0.0,0.0,0.0
3811,2026,TY,2026Q3,2026-09,2026-09-14,2026-09-14,2670,Speech & Language Therapy,paid,Texas Children's Health Plan,T.V,64.67,64.67,64.67,0.0
3812,2026,TY,2026Q3,2026-09,2026-09-14,2026-09-14,2671,Speech & Language Therapy,no_charge,Patient,T.V,0.0,0.0,0.0,0.0
3813,2026,TY,2026Q3,2026-09,2026-09-14,2026-09-14,2671,Speech & Language Therapy,paid,Texas Children's Health Plan,T.V,64.67,64.67,64.67,0.0
3814,2026,TY,2026Q3,2026-09,2026-09-14,2026-09-14,2672,Speech & Language Evaluation,no_charge,Patient,J.G,0.0,0.0,0.0,0.0
3815,2026,TY,2026Q3,2026-09,2026-09-14,2026-09-14,2672,Speech & Language Evaluation,unpaid,BlueCross BlueShield of Texas,J.G,295.0,295.0,0.0,295.0
3816,2026,TY,2026Q3,2026-09,2026-09-15,2026-09-15,2673,Speech & Language Therapy,no_charge,Patient,M.R,0.0,0.0,0.0,0.0
3817,2026,TY,2026Q3,2026-09,2026-09-15,2026-09-15,2673,Speech & Language Therapy,paid,Texas Children's Health Plan,M.R,64.67,64.67,64.67,0.0
3818,2026,TY,2026Q3,2026-09,2026-09-15,2026-09-15,2674,Speech & Language Therapy,paid,Patient,A.P,90.0,90.0,90.0,0.0
3819,2026,TY,2026Q3,2026-09,2026-09-15,2026-09-15,2675,Speech & Language Therapy,no_charge,Patient,M.R,0.0,0.0,0.0,0.0
3820,2026,TY,2026Q3,2026-09,2026-09-15,2026-09-15,2675,Speech & Language Therapy,paid,Texas Children's Health Plan,M.R,64.67,64.67,64.67,0.0
3821,2026,TY,2026Q3,2026-09,2026-09-15,2026-09-15,2676,Speech & Language Therapy,no_charge,Patient,M.R,0.0,0.0,0.0,0.0
3822,2026,TY,2026Q3,2026-09,2026-09-15,2026-09-15,2676,Speech & Language Therapy,paid,Texas Children's Health Plan,M.R,64.67,64.67,64.67,0.0
3823,2026,TY,2026Q3,2026-09,2026-09-15,2026-09-15,2677,Speech & Language Evaluation,no_charge,Patient,A.P,0.0,0.0,0.0,0.0
3824,2026,TY,2026Q3,2026-09,2026-09-15,2026-09-15,2677,Speech & Language Evaluation,paid,Texas Children's Health Plan,A.P,127.36,127.36,127.36,0.0
3825,2026,TY,2026Q3,2026-09,2026-09-15,2026-09-15,2678,Speech & Language Therapy - Telehealth,no_charge,Patient,A.P,0.0,0.0,0.0,0.0
3826,2026,TY,2026Q3,2026-09,2026-09-15,2026-09-15,2678,Speech & Language Therapy - Telehealth,paid,Texas Children's Health Plan,A.P,80.84,80.84,80.84,0.0
3827,2026,TY,2026Q3,2026-09,2026-09-15,2026-09-15,2679,Speech & Language Therapy,no_charge,Patient,T.V,0.0,0.0,0.0,0.0
3828,2026,TY,2026Q3,2026-09,2026-09-15,2026-09-15,2679,Speech & Language Therapy,paid,Texas Children's Health Plan - CHIP,T.V,64.67,64.67,64.67,0.0
3829,2026,TY,2026Q3,2026-09,2026-09-15,2026-09-15,2680,Speech & Language Therapy,no_charge,Patient,T.V,0.0,0.0,0.0,0.0
3830,2026,TY,2026Q3,2026-09,2026-09-15,2026-09-15,2680,Speech & Language Therapy,paid,Texas Children's Health Plan - CHIP,T.V,64.67,64.67,64.67,0.0
3831,2026,TY,2026Q3,2026-09,2026-09-15,2026-09-15,2681,Speech & Language Therapy,no_charge,Patient,M.R,0.0,0.0,0.0,0.0
3832,2026,TY,2026Q3,2026-09,2026-09-15,2026-09-15,2681,Speech & Language Therapy,paid,Texas Children's Health Plan,M.R,64.67,64.67,64.67,0.0
3833,2026,TY,2026Q3,2026-09,2026-09-15,2026-09-15,2682,Speech & Language Therapy,no_charge,Patient,M.R,0.0,0.0,0.0,0.0
3834,2026,TY,2026Q3,2026-09,2026-09-15,2026-09-15,2682,Speech & Language Therapy,paid,Texas Children's Health Plan,M.R,64.67,64.67,64.67,0.0
3835,2026,TY,2026Q3,2026-09,2026-09-15,2026-09-15,2683,Speech & Language Therapy,no_charge,Patient,M.R,0.0,0.0,0.0,0.0
3836,2026,TY,2026Q3,2026-09,2026-09-15,2026-09-15,2683,Speech & Language Therapy,paid,Texas Children's Health Plan,M.R,64.67,64.67,64.67,0.0
3837,2026,TY,2026Q3,2026-09,2026-09-15,2026-09-15,2684,Speech & Language Therapy - Telehealth,no_charge,Patient,T.V,0.0,0.0,0.0,0.0
3838,2026,TY,2026Q3,2026-09,2026-09-15,2026-09-15,2684,Speech & Language Therapy - Telehealth,paid,Texas Children's Health Plan,T.V,64.67,64.67,64.67,0.0
3839,2026,TY,2026Q3,2026-09,2026-09-15,2026-09-15,2685,Speech & Language Therapy - No Show,no_charge,Patient,T.V,0.0,0.0,0.0,0.0
3840,2026,TY,2026Q3,2026-09,2026-09-16,2026-09-16,2686,Speech & Language Therapy,no_charge,Patient,A.P,0.0,0.0,0.0,0.0
3841,2026,TY,2026Q3,2026-09,2026-09-16,2026-09-16,2686,Speech & Language Therapy,paid,Texas Children's Health Plan,A.P,80.84,80.84,80.84,0.0
3842,2026,TY,2026Q3,2026-09,2026-09-16,2026-09-16,2687,Speech & Language Therapy,no_charge,Patient,A.P,0.0,0.0,0.0,0.0
3843,2026,TY,2026Q3,2026-09,2026-09-16,2026-09-16,2687,Speech & Language Therapy,paid,Community Health Choice,A.P,86.22,86.22,86.22,0.0
3844,2026,TY,2026Q3,2026-09,2026-09-16,2026-09-16,2688,Speech & Language Therapy,paid,BlueCross BlueShield of Texas,A.P,18.92,18.92,18.92,0.0
3845,2026,TY,2026Q3,2026-09,2026-09-16,2026-09-16,2688,Speech & Language Therapy,paid,Patient,A.P,50.0,50.0,50.0,0.0
3846,2026,TY,2026Q3,2026-09,2026-09-16,2026-09-16,2689,Speech & Language Therapy,paid,BlueCross BlueShield of Texas,A.P,38.92,38.92,38.92,0.0
3847,2026,TY,2026Q3,2026-09,2026-09-16,2026-09-16,2689,Speech & Language Therapy,paid,Patient,A.P,30.0,30.0,30.0,0.0
3848,2026,TY,2026Q3,2026-09,2026-09-16,2026-09-16,2690,Speech & Language Therapy,no_charge,Patient,M.R,0.0,0.0,0.0,0.0
3849,2026,TY,2026Q3,2026-09,2026-09-16,2026-09-16,2690,Speech & Language Therapy,paid,Community Health Choice,M.R,68.98,68.98,68.98,0.0
3850,2026,TY,2026Q3,2026-09,2026-09-16,2026-09-16,2691,Speech & Language Therapy,no_charge,Patient,M.R,0.0,0.0,0.0,0.0
3851,2026,TY,2026Q3,2026-09,2026-09-16,2026-09-16,2691,Speech & Language Therapy,paid,Texas Children's Health Plan - CHIP,M.R,64.67,64.67,64.67,0.0
3852,2026,TY,2026Q3,2026-09,2026-09-16,2026-09-16,2692,Speech & Language Therapy,no_charge,Patient,M.R,0.0,0.0,0.0,0.0
3853,2026,TY,2026Q3,2026-09,2026-09-16,2026-09-16,2692,Speech & Language Therapy,paid,Texas Children's Health Plan,M.R,64.67,64.67,64.67,0.0
3854,2026,TY,2026Q3,2026-09,2026-09-16,2026-09-16,2693,Speech & Language Evaluation,no_charge,Patient,A.P,0.0,0.0,0.0,0.0
3855,2026,TY,2026Q3,2026-09,2026-09-16,2026-09-16,2693,Speech & Language Evaluation,paid,Texas Children's Health Plan,A.P,127.36,127.36,127.36,0.0
3856,2026,TY,2026Q3,2026-09,2026-09-16,2026-09-16,2694,Speech & Language Therapy,paid,Patient,J.G,90.0,90.0,90.0,0.0
3857,2026,TY,2026Q3,2026-09,2026-09-16,2026-09-16,2695,Speech & Language Therapy - Telehealth,no_charge,Patient,A.P,0.0,0.0,0.0,0.0
3858,2026,TY,2026Q3,2026-09,2026-09-16,2026-09-16,2695,Speech & Language Therapy - Telehealth,paid,Texas Children's Health Plan,A.P,80.84,80.84,80.84,0.0
3859,2026,TY,2026Q3,2026-09,2026-09-16,2026-09-16,2696,Speech & Language Therapy - Telehealth,no_charge,Patient,A.P,0.0,0.0,0.0,0.0
3860,2026,TY,2026Q3,2026-09,2026-09-16,2026-09-16,2696,Speech & Language Therapy - Telehealth,paid,Texas Children's Health Plan,A.P,80.84,80.84,80.84,0.0
3861,2026,TY,2026Q3,2026-09,2026-09-16,2026-09-16,2697,Speech & Language Therapy - Telehealth,paid,BlueCross BlueShield of Texas,J.G,38.92,38.92,38.92,0.0
3862,2026,TY,2026Q3,2026-09,2026-09-16,2026-09-16,2697,Speech & Language Therapy - Telehealth,paid,Patient,J.G,30.0,30.0,30.0,0.0
3863,2026,TY,2026Q3,2026-09,2026-09-16,2026-09-16,2698,Speech & Language Therapy,no_charge,Patient,M.R,0.0,0.0,0.0,0.0
3864,2026,TY,2026Q3,2026-09,2026-09-16,2026-09-16,2698,Speech & Language Therapy,paid,Texas Children's Health Plan,M.R,64.67,64.67,64.67,0.0
3865,2026,TY,2026Q3,2026-09,2026-09-16,2026-09-16,2699,Speech & Language Therapy,paid,BlueCross BlueShield of Texas,J.G,28.92,28.92,28.92,0.0
3866,2026,TY,2026Q3,2026-09,2026-09-16,2026-09-16,2699,Speech & Language Therapy,paid,Patient,J.G,40.0,40.0,40.0,0.0
3867,2026,TY,2026Q3,2026-09,2026-09-16,2026-09-16,2700,"Speech Therapy, Re-evaluation - Telehealth",no_charge,Patient,A.P,0.0,0.0,0.0,0.0
3868,2026,TY,2026Q3,2026-09,2026-09-16,2026-09-16,2700,"Speech Therapy, Re-evaluation - Telehealth",paid,Texas Children's Health Plan - CHIP,A.P,89.15,89.15,89.15,0.0
3869,2026,TY,2026Q3,2026-09,2026-09-16,2026-09-16,2701,"Speech Therapy, Re-evaluation - Telehealth",no_charge,Patient,A.P,0.0,0.0,0.0,0.0
3870,2026,TY,2026Q3,2026-09,2026-09-16,2026-09-16,2701,"Speech Therapy, Re-evaluation - Telehealth",paid,Texas Children's Health Plan - CHIP,A.P,89.15,89.15,89.15,0.0
3871,2026,TY,2026Q3,2026-09,2026-09-16,2026-09-16,2702,Speech & Language Therapy - No Show,no_charge,Patient,M.R,0.0,0.0,0.0,0.0
3872,2026,TY,2026Q3,2026-09,2026-09-16,2026-09-16,2703,Speech & Language Therapy,paid,BlueCross BlueShield of Texas,J.G,55.14,55.14,55.14,0.0
3873,2026,TY,2026Q3,2026-09,2026-09-16,2026-09-16,2703,Speech & Language Therapy,paid,Patient,J.G,13.78,13.78,13.78,0.0
3874,2026,TY,2026Q3,2026-09,2026-09-16,2026-09-16,2704,Speech & Language Therapy,paid,BlueCross BlueShield of Texas,J.G,48.27,48.27,48.27,0.0
3875,2026,TY,2026Q3,2026-09,2026-09-16,2026-09-16,2704,Speech & Language Therapy,paid,Patient,J.G,20.64,20.64,20.64,0.0
3876,2026,TY,2026Q3,2026-09,2026-09-16,2026-09-16,2705,Speech & Language Therapy,no_charge,Patient,M.R,0.0,0.0,0.0,0.0
3877,2026,TY,2026Q3,2026-09,2026-09-16,2026-09-16,2705,Speech & Language Therapy,paid,Texas Children's Health Plan,M.R,64.67,64.67,64.67,0.0
3878,2026,TY,2026Q3,2026-09,2026-09-16,2026-09-16,2706,Speech & Language Therapy,no_charge,Patient,M.R,0.0,0.0,0.0,0.0
3879,2026,TY,2026Q3,2026-09,2026-09-16,2026-09-16,2706,Speech & Language Therapy,paid,Texas Children's Health Plan,M.R,64.67,64.67,64.67,0.0
3880,2026,TY,2026Q3,2026-09,2026-09-16,2026-09-16,2719,Speech & Language Therapy - Telehealth,paid,BlueCross BlueShield of Texas,J.G,55.14,55.14,55.14,0.0
3881,2026,TY,2026Q3,2026-09,2026-09-16,2026-09-16,2719,Speech & Language Therapy - Telehealth,paid,Patient,J.G,13.78,13.78,13.78,0.0
3882,2026,TY,2026Q3,2026-09,2026-09-17,2026-09-17,2707,Speech & Language Therapy,no_charge,Patient,M.R,0.0,0.0,0.0,0.0
3883,2026,TY,2026Q3,2026-09,2026-09-17,2026-09-17,2707,Speech & Language Therapy,paid,Texas Children's Health Plan,M.R,64.67,64.67,64.67,0.0
3884,2026,TY,2026Q3,2026-09,2026-09-17,2026-09-17,2708,Speech & Language Therapy,paid,BlueCross BlueShield of Texas,A.P,33.92,33.92,33.92,0.0
3885,2026,TY,2026Q3,2026-09,2026-09-17,2026-09-17,2708,Speech & Language Therapy,paid,Patient,A.P,35.0,35.0,35.0,0.0
3886,2026,TY,2026Q3,2026-09,2026-09-17,2026-09-17,2709,Speech & Language Therapy,paid,Patient,A.P,90.0,90.0,90.0,0.0
3887,2026,TY,2026Q3,2026-09,2026-09-17,2026-09-17,2710,Speech & Language Evaluation,no_charge,Patient,A.P,0.0,0.0,0.0,0.0
3888,2026,TY,2026Q3,2026-09,2026-09-17,2026-09-17,2710,Speech & Language Evaluation,paid,Community Health Choice,A.P,135.85,135.85,135.85,0.0
3889,2026,TY,2026Q3,2026-09,2026-09-17,2026-09-17,2711,Speech & Language Therapy,no_charge,Patient,M.R,0.0,0.0,0.0,0.0
3890,2026,TY,2026Q3,2026-09,2026-09-17,2026-09-17,2711,Speech & Language Therapy,paid,Texas Children's Health Plan,M.R,64.67,64.67,64.67,0.0
3891,2026,TY,2026Q3,2026-09,2026-09-17,2026-09-17,2712,Speech & Language Therapy,no_charge,Patient,M.R,0.0,0.0,0.0,0.0
3892,2026,TY,2026Q3,2026-09,2026-09-17,2026-09-17,2712,Speech & Language Therapy,paid,Texas Children's Health Plan,M.R,64.67,64.67,64.67,0.0
3893,2026,TY,2026Q3,2026-09,2026-09-17,2026-09-17,2713,Speech & Language Therapy,no_charge,Patient,M.R,0.0,0.0,0.0,0.0
3894,2026,TY,2026Q3,2026-09,2026-09-17,2026-09-17,2713,Speech & Language Therapy,paid,Community Health Choice,M.R,68.98,68.98,68.98,0.0
3895,2026,TY,2026Q3,2026-09,2026-09-17,2026-09-17,2714,Speech & Language Therapy,no_charge,Patient,M.R,0.0,0.0,0.0,0.0
3896,2026,TY,2026Q3,2026-09,2026-09-17,2026-09-17,2714,Speech & Language Therapy,paid,Texas Children's Health Plan,M.R,64.67,64.67,64.67,0.0
3897,2026,TY,2026Q3,2026-09,2026-09-17,2026-09-17,2715,Speech & Language Therapy,no_charge,Patient,M.R,0.0,0.0,0.0,0.0
3898,2026,TY,2026Q3,2026-09,2026-09-17,2026-09-17,2715,Speech & Language Therapy,paid,Community Health Choice,M.R,68.98,68.98,68.98,0.0
3899,2026,TY,2026Q3,2026-09,2026-09-17,2026-09-17,2716,Speech & Language Therapy,no_charge,Patient,M.R,0.0,0.0,0.0,0.0
3900,2026,TY,2026Q3,2026-09,2026-09-17,2026-09-17,2716,Speech & Language Therapy,paid,Community Health Choice,M.R,68.98,68.98,68.98,0.0
3901,2026,TY,2026Q3,2026-09,2026-09-17,2026-09-17,2717,Speech & Language Therapy,no_charge,Patient,M.R,0.0,0.0,0.0,0.0
3902,2026,TY,2026Q3,2026-09,2026-09-17,2026-09-17,2717,Speech & Language Therapy,paid,Texas Children's Health Plan,M.R,64.67,64.67,64.67,0.0
3903,2026,TY,2026Q3,2026-09,2026-09-17,2026-09-17,2718,Speech & Language Therapy,no_charge,Patient,M.R,0.0,0.0,0.0,0.0
3904,2026,TY,2026Q3,2026-09,2026-09-17,2026-09-17,2718,Speech & Language Therapy,paid,Texas Children's Health Plan,M.R,64.67,64.67,64.67,0.0
3905,2026,TY,2026Q3,2026-09,2026-09-17,2026-09-17,2720,Speech & Language Therapy,paid,BlueCross BlueShield of Texas,J.G,28.92,28.92,28.92,0.0
3906,2026,TY,2026Q3,2026-09,2026-09-17,2026-09-17,2720,Speech & Language Therapy,paid,Patient,J.G,40.0,40.0,40.0,0.0
3907,2026,TY,2026Q3,2026-09,2026-09-17,2026-09-17,2721,Speech & Language Therapy - Telehealth - No Show,no_charge,Patient,T.V,0.0,0.0,0.0,0.0
3908,2026,TY,2026Q3,2026-09,2026-09-17,2026-09-17,2722,Speech & Language Therapy,paid,Patient,J.G,90.0,90.0,90.0,0.0
3909,2026,TY,2026Q3,2026-09,2026-09-17,2026-09-17,2723,Speech & Language Therapy - Telehealth,paid,BlueCross BlueShield of Texas,J.G,55.14,55.14,55.14,0.0
3910,2026,TY,2026Q3,2026-09,2026-09-17,2026-09-17,2723,Speech & Language Therapy - Telehealth,paid,Patient,J.G,13.78,13.78,13.78,0.0
3911,2026,TY,2026Q3,2026-09,2026-09-17,2026-09-17,2724,Speech & Language Therapy,no_charge,Patient,T.V,0.0,0.0,0.0,0.0
3912,2026,TY,2026Q3,2026-09,2026-09-17,2026-09-17,2724,Speech & Language Therapy,paid,Texas Children's Health Plan,T.V,64.67,64.67,64.67,0.0
3913,2026,TY,2026Q3,2026-09,2026-09-17,2026-09-17,2725,Speech & Language Therapy,no_charge,Patient,T.V,0.0,0.0,0.0,0.0
3914,2026,TY,2026Q3,2026-09,2026-09-17,2026-09-17,2725,Speech & Language Therapy,paid,Texas Children's Health Plan,T.V,64.67,64.67,64.67,0.0
3915,2026,TY,2026Q3,2026-09,2026-09-17,2026-09-17,2726,Speech & Language Therapy,paid,BlueCross BlueShield of Texas,J.G,55.14,55.14,55.14,0.0
3916,2026,TY,2026Q3,2026-09,2026-09-17,2026-09-17,2726,Speech & Language Therapy,paid,Patient,J.G,13.78,13.78,13.78,0.0
3917,2026,TY,2026Q3,2026-09,2026-09-17,2026-09-17,2727,Speech & Language Therapy,no_charge,Patient,J.G,0.0,0.0,0.0,0.0
3918,2026,TY,2026Q3,2026-09,2026-09-17,2026-09-17,2727,Speech & Language Therapy,unpaid,BlueCross BlueShield of Texas,J.G,105.0,105.0,0.0,105.0
3919,2026,TY,2026Q3,2026-09,2026-09-17,2026-09-17,2728,Speech & Language Therapy,no_charge,Patient,M.R,0.0,0.0,0.0,0.0
3920,2026,TY,2026Q3,2026-09,2026-09-17,2026-09-17,2728,Speech & Language Therapy,paid,Texas Children's Health Plan,M.R,64.67,64.67,64.67,0.0
3921,2026,TY,2026Q3,2026-09,2026-09-17,2026-09-17,2729,Speech & Language Therapy,no_charge,Patient,M.R,0.0,0.0,0.0,0.0
3922,2026,TY,2026Q3,2026-09,2026-09-17,2026-09-17,2729,Speech & Language Therapy,paid,Texas Children's Health Plan,M.R,64.67,64.67,64.67,0.0
3923,2026,TY,2026Q3,2026-09,2026-09-17,2026-09-17,2730,Speech & Language Therapy,no_charge,Patient,M.R,0.0,0.0,0.0,0.0
3924,2026,TY,2026Q3,2026-09,2026-09-17,2026-09-17,2730,Speech & Language Therapy,paid,Texas Children's Health Plan,M.R,64.67,64.67,64.67,0.0
3925,2026,TY,2026Q3,2026-09,2026-09-17,2026-09-17,2731,Speech & Language Therapy,no_charge,Patient,M.R,0.0,0.0,0.0,0.0
3926,2026,TY,2026Q3,2026-09,2026-09-17,2026-09-17,2731,Speech & Language Therapy,paid,Texas Children's Health Plan,M.R,64.67,64.67,64.67,0.0
3927,2026,TY,2026Q3,2026-09,2026-09-17,2026-09-17,2732,Speech & Language Therapy,no_charge,Patient,M.R,0.0,0.0,0.0,0.0
3928,2026,TY,2026Q3,2026-09,2026-09-17,2026-09-17,2732,Speech & Language Therapy,paid,Texas Children's Health Plan,M.R,64.67,64.67,64.67,0.0
3929,2026,TY,2026Q3,2026-09,2026-09-17,2026-09-17,2733,Speech & Language Therapy,paid,BlueCross BlueShield of Texas,J.G,38.92,38.92,38.92,0.0
3930,2026,TY,2026Q3,2026-09,2026-09-17,2026-09-17,2733,Speech & Language Therapy,paid,Patient,J.G,30.0,30.0,30.0,0.0
3931,2026,TY,2026Q3,2026-09,2026-09-17,2026-09-17,2734,Speech & Language Therapy,no_charge,Patient,T.V,0.0,0.0,0.0,0.0
3932,2026,TY,2026Q3,2026-09,2026-09-17,2026-09-17,2734,Speech & Language Therapy,paid,Texas Children's Health Plan,T.V,64.67,64.67,64.67,0.0
3933,2026,TY,2026Q3,2026-09,2026-09-18,2026-09-18,2735,Speech & Language Therapy,no_charge,Patient,M.R,0.0,0.0,0.0,0.0
3934,2026,TY,2026Q3,2026-09,2026-09-18,2026-09-18,2735,Speech & Language Therapy,paid,Texas Children's Health Plan,M.R,64.67,64.67,64.67,0.0
3935,2026,TY,2026Q3,2026-09,2026-09-18,2026-09-18,2736,Speech & Language Therapy,no_charge,Patient,M.R,0.0,0.0,0.0,0.0
3936,2026,TY,2026Q3,2026-09,2026-09-18,2026-09-18,2736,Speech & Language Therapy,paid,Texas Children's Health Plan,M.R,64.67,64.67,64.67,0.0
3937,2026,TY,2026Q3,2026-09,2026-09-18,2026-09-18,2737,Speech & Language Therapy - Telehealth,no_charge,Patient,M.R,0.0,0.0,0.0,0.0
3938,2026,TY,2026Q3,2026-09,2026-09-18,2026-09-18,2737,Speech & Language Therapy - Telehealth,paid,Texas Children's Health Plan,M.R,64.67,64.67,64.67,0.0
3939,2026,TY,2026Q3,2026-09,2026-09-18,2026-09-18,2738,Speech & Language Therapy - Telehealth,no_charge,Patient,M.R,0.0,0.0,0.0,0.0
3940,2026,TY,2026Q3,2026-09,2026-09-18,2026-09-18,2738,Speech & Language Therapy - Telehealth,paid,Texas Children's Health Plan,M.R,64.67,64.67,64.67,0.0
3941,2026,TY,2026Q3,2026-09,2026-09-18,2026-09-18,2739,Speech & Language Therapy,no_charge,Patient,M.R,0.0,0.0,0.0,0.0
3942,2026,TY,2026Q3,2026-09,2026-09-18,2026-09-18,2739,Speech & Language Therapy,paid,Texas Children's Health Plan,M.R,64.67,64.67,64.67,0.0
3943,2026,TY,2026Q3,2026-09,2026-09-18,2026-09-18,2740,Speech & Language Therapy,no_charge,Patient,M.R,0.0,0.0,0.0,0.0
3944,2026,TY,2026Q3,2026-09,2026-09-18,2026-09-18,2740,Speech & Language Therapy,paid,Texas Children's Health Plan,M.R,64.67,64.67,64.67,0.0
3945,2026,TY,2026Q3,2026-09,2026-09-18,2026-09-18,2741,Speech & Language Therapy,no_charge,Patient,M.R,0.0,0.0,0.0,0.0
3946,2026,TY,2026Q3,2026-09,2026-09-18,2026-09-18,2741,Speech & Language Therapy,paid,Texas Children's Health Plan,M.R,64.67,64.67,64.67,0.0
3947,2026,TY,2026Q3,2026-09,2026-09-19,2026-09-19,2742,Speech & Language Therapy,paid,Patient,K.G,70.0,70.0,70.0,0.0
3948,2026,TY,2026Q3,2026-09,2026-09-19,2026-09-19,2743,Speech & Language Therapy,no_charge,Patient,K.G,0.0,0.0,0.0,0.0
3949,2026,TY,2026Q3,2026-09,2026-09-19,2026-09-19,2743,Speech & Language Therapy,paid,Texas Children's Health Plan,K.G,64.67,64.67,64.67,0.0
3950,2026,TY,2026Q3,2026-09,2026-09-19,2026-09-19,2744,Speech & Language Therapy,no_charge,Patient,K.G,0.0,0.0,0.0,0.0
3951,2026,TY,2026Q3,2026-09,2026-09-19,2026-09-19,2744,Speech & Language Therapy,paid,Community Health Choice,K.G,68.98,68.98,68.98,0.0
3952,2026,TY,2026Q3,2026-09,2026-09-19,2026-09-19,2745,Speech & Language Therapy,no_charge,Patient,K.G,0.0,0.0,0.0,0.0
3953,2026,TY,2026Q3,2026-09,2026-09-19,2026-09-19,2745,Speech & Language Therapy,paid,Texas Children's Health Plan,K.G,64.67,64.67,64.67,0.0
3954,2026,TY,2026Q3,2026-09,2026-09-19,2026-09-19,2746,Speech & Language Therapy - Telehealth,no_charge,Patient,K.G,0.0,0.0,0.0,0.0
3955,2026,TY,2026Q3,2026-09,2026-09-19,2026-09-19,2746,Speech & Language Therapy - Telehealth,paid,Texas Children's Health Plan,K.G,64.67,64.67,64.67,0.0
3956,2026,TY,2026Q3,2026-09,2026-09-19,2026-09-19,2747,Speech & Language Therapy,no_charge,Patient,K.G,0.0,0.0,0.0,0.0
3957,2026,TY,2026Q3,2026-09,2026-09-19,2026-09-19,2747,Speech & Language Therapy,paid,Texas Children's Health Plan,K.G,64.67,64.67,64.67,0.0
3958,2026,TY,2026Q3,2026-09,2026-09-19,2026-09-19,2748,Speech & Language Therapy,no_charge,Patient,K.G,0.0,0.0,0.0,0.0
3959,2026,TY,2026Q3,2026-09,2026-09-19,2026-09-19,2748,Speech & Language Therapy,paid,Texas Children's Health Plan,K.G,64.67,64.67,64.67,0.0
3960,2026,TY,2026Q3,2026-09,2026-09-21,2026-09-21,2749,Speech & Language Therapy,no_charge,Patient,A.P,0.0,0.0,0.0,0.0
3961,2026,TY,2026Q3,2026-09,2026-09-21,2026-09-21,2749,Speech & Language Therapy,paid,Texas Children's Health Plan,A.P,80.84,80.84,80.84,0.0
3962,2026,TY,2026Q3,2026-09,2026-09-21,2026-09-21,2750,Speech & Language Therapy,no_charge,Patient,A.P,0.0,0.0,0.0,0.0
3963,2026,TY,2026Q3,2026-09,2026-09-21,2026-09-21,2750,Speech & Language Therapy,unpaid,Community Health Choice,A.P,105.0,105.0,0.0,105.0
3964,2026,TY,2026Q3,2026-09,2026-09-21,2026-09-21,2751,"Speech Therapy, Re-evaluation - Telehealth",no_charge,Patient,A.P,0.0,0.0,0.0,0.0
3965,2026,TY,2026Q3,2026-09,2026-09-21,2026-09-21,2751,"Speech Therapy, Re-evaluation - Telehealth",unpaid,Community Health Choice,A.P,200.0,200.0,0.0,200.0
3966,2026,TY,2026Q3,2026-09,2026-09-21,2026-09-21,2752,Speech & Language Therapy,paid,BlueCross BlueShield of Texas,A.P,38.92,38.92,38.92,0.0
3967,2026,TY,2026Q3,2026-09,2026-09-21,2026-09-21,2752,Speech & Language Therapy,paid,Patient,A.P,30.0,30.0,30.0,0.0
3968,2026,TY,2026Q3,2026-09,2026-09-21,2026-09-21,2753,Speech & Language Therapy,no_charge,Patient,A.P,0.0,0.0,0.0,0.0
3969,2026,TY,2026Q3,2026-09,2026-09-21,2026-09-21,2753,Speech & Language Therapy,paid,Texas Children's Health Plan - CHIP,A.P,80.84,80.84,80.84,0.0
3970,2026,TY,2026Q3,2026-09,2026-09-21,2026-09-21,2754,Speech & Language Therapy,paid,BlueCross BlueShield of Texas,A.P,38.92,38.92,38.92,0.0
3971,2026,TY,2026Q3,2026-09,2026-09-21,2026-09-21,2754,Speech & Language Therapy,paid,Patient,A.P,30.0,30.0,30.0,0.0
3972,2026,TY,2026Q3,2026-09,2026-09-21,2026-09-21,2755,"Speech therapy, re-evaluation",no_charge,Patient,A.P,0.0,0.0,0.0,0.0
3973,2026,TY,2026Q3,2026-09,2026-09-21,2026-09-21,2755,"Speech therapy, re-evaluation",paid,Texas Children's Health Plan,A.P,89.15,89.15,89.15,0.0
3974,2026,TY,2026Q3,2026-09,2026-09-21,2026-09-21,2756,Speech & Language Therapy - Telehealth,no_charge,Patient,A.P,0.0,0.0,0.0,0.0
3975,2026,TY,2026Q3,2026-09,2026-09-21,2026-09-21,2756,Speech & Language Therapy - Telehealth,paid,Texas Children's Health Plan,A.P,80.84,80.84,80.84,0.0
3976,2026,TY,2026Q3,2026-09,2026-09-21,2026-09-21,2757,Speech & Language Therapy - Telehealth,no_charge,Patient,A.P,0.0,0.0,0.0,0.0
3977,2026,TY,2026Q3,2026-09,2026-09-21,2026-09-21,2757,Speech & Language Therapy - Telehealth,paid,Texas Children's Health Plan,A.P,80.84,80.84,80.84,0.0
3978,2026,TY,2026Q3,2026-09,2026-09-21,2026-09-21,2758,Speech & Language Therapy - Telehealth - No Show,no_charge,Patient,T.V,0.0,0.0,0.0,0.0
3979,2026,TY,2026Q3,2026-09,2026-09-21,2026-09-21,2759,Speech & Language Therapy,no_charge,Patient,T.V,0.0,0.0,0.0,0.0
3980,2026,TY,2026Q3,2026-09,2026-09-21,2026-09-21,2759,Speech & Language Therapy,paid,Texas Children's Health Plan - CHIP,T.V,64.67,64.67,64.67,0.0
3981,2026,TY,2026Q3,2026-09,2026-09-21,2026-09-21,2760,Speech & Language Therapy,no_charge,Patient,T.V,0.0,0.0,0.0,0.0
3982,2026,TY,2026Q3,2026-09,2026-09-21,2026-09-21,2760,Speech & Language Therapy,paid,Texas Children's Health Plan - CHIP,T.V,64.67,64.67,64.67,0.0
3983,2026,TY,2026Q3,2026-09,2026-09-21,2026-09-21,2761,Speech & Language Evaluation,no_charge,Patient,J.G,0.0,0.0,0.0,0.0
3984,2026,TY,2026Q3,2026-09,2026-09-21,2026-09-21,2761,Speech & Language Evaluation,unpaid,BlueCross BlueShield of Texas,J.G,295.0,295.0,0.0,295.0
3985,2026,TY,2026Q3,2026-09,2026-09-21,2026-09-21,2762,Speech & Language Therapy,no_charge,Patient,T.V,0.0,0.0,0.0,0.0
3986,2026,TY,2026Q3,2026-09,2026-09-21,2026-09-21,2762,Speech & Language Therapy,paid,Texas Children's Health Plan,T.V,64.67,64.67,64.67,0.0
3987,2026,TY,2026Q3,2026-09,2026-09-21,2026-09-21,2763,Speech & Language Therapy,no_charge,Patient,T.V,0.0,0.0,0.0,0.0
3988,2026,TY,2026Q3,2026-09,2026-09-21,2026-09-21,2763,Speech & Language Therapy,paid,Texas Children's Health Plan,T.V,64.67,64.67,64.67,0.0
3989,2026,TY,2026Q3,2026-09,2026-09-22,2026-09-22,2764,Speech & Language Therapy,no_charge,Patient,M.R,0.0,0.0,0.0,0.0
3990,2026,TY,2026Q3,2026-09,2026-09-22,2026-09-22,2764,Speech & Language Therapy,paid,Texas Children's Health Plan,M.R,64.67,64.67,64.67,0.0
3991,2026,TY,2026Q3,2026-09,2026-09-22,2026-09-22,2765,Speech & Language Therapy,no_charge,Patient,M.R,0.0,0.0,0.0,0.0
3992,2026,TY,2026Q3,2026-09,2026-09-22,2026-09-22,2765,Speech & Language Therapy,unpaid,Community Health Choice,M.R,105.0,105.0,0.0,105.0
3993,2026,TY,2026Q3,2026-09,2026-09-22,2026-09-22,2766,Speech & Language Therapy - No Show,no_charge,Patient,M.R,0.0,0.0,0.0,0.0
3994,2026,TY,2026Q3,2026-09,2026-09-22,2026-09-22,2767,Speech & Language Therapy,no_charge,Patient,M.R,0.0,0.0,0.0,0.0
3995,2026,TY,2026Q3,2026-09,2026-09-22,2026-09-22,2767,Speech & Language Therapy,unpaid,Community Health Choice,M.R,105.0,105.0,0.0,105.0
3996,2026,TY,2026Q3,2026-09,2026-09-22,2026-09-22,2768,Speech & Language Therapy,paid,Patient,A.P,90.0,90.0,90.0,0.0
3997,2026,TY,2026Q3,2026-09,2026-09-22,2026-09-22,2769,Speech & Language Therapy,no_charge,Patient,M.R,0.0,0.0,0.0,0.0
3998,2026,TY,2026Q3,2026-09,2026-09-22,2026-09-22,2769,Speech & Language Therapy,paid,Texas Children's Health Plan,M.R,64.67,64.67,64.67,0.0
3999,2026,TY,2026Q3,2026-09,2026-09-22,2026-09-22,2770,Speech & Language Therapy,paid,BlueCross BlueShield of Texas,J.G,28.92,28.92,28.92,0.0
4000,2026,TY,2026Q3,2026-09,2026-09-22,2026-09-22,2770,Speech & Language Therapy,paid,Patient,J.G,40.0,40.0,40.0,0.0
4001,2026,TY,2026Q3,2026-09,2026-09-22,2026-09-22,2771,Speech & Language Therapy,paid,Patient,J.G,90.0,90.0,90.0,0.0
4002,2026,TY,2026Q3,2026-09,2026-09-22,2026-09-22,2772,Speech & Language Therapy - Telehealth,no_charge,Patient,A.P,0.0,0.0,0.0,0.0
4003,2026,TY,2026Q3,2026-09,2026-09-22,2026-09-22,2772,Speech & Language Therapy - Telehealth,paid,Texas Children's Health Plan,A.P,80.84,80.84,80.84,0.0
4004,2026,TY,2026Q3,2026-09,2026-09-22,2026-09-22,2773,Speech & Language Therapy,no_charge,Patient,T.V,0.0,0.0,0.0,0.0
4005,2026,TY,2026Q3,2026-09,2026-09-22,2026-09-22,2773,Speech & Language Therapy,paid,Texas Children's Health Plan - CHIP,T.V,64.67,64.67,64.67,0.0
4006,2026,TY,2026Q3,2026-09,2026-09-22,2026-09-22,2774,Speech & Language Therapy,no_charge,Patient,T.V,0.0,0.0,0.0,0.0
4007,2026,TY,2026Q3,2026-09,2026-09-22,2026-09-22,2774,Speech & Language Therapy,paid,Texas Children's Health Plan - CHIP,T.V,64.67,64.67,64.67,0.0
4008,2026,TY,2026Q3,2026-09,2026-09-22,2026-09-22,2775,Speech & Language Therapy - Telehealth,paid,BlueCross BlueShield of Texas,J.G,55.14,55.14,55.14,0.0
4009,2026,TY,2026Q3,2026-09,2026-09-22,2026-09-22,2775,Speech & Language Therapy - Telehealth,unpaid,Patient,J.G,13.78,13.78,0.0,13.78
4010,2026,TY,2026Q3,2026-09,2026-09-22,2026-09-22,2776,Speech & Language Therapy,no_charge,Patient,T.V,0.0,0.0,0.0,0.0
4011,2026,TY,2026Q3,2026-09,2026-09-22,2026-09-22,2776,Speech & Language Therapy,paid,Texas Children's Health Plan - CHIP,T.V,64.67,64.67,64.67,0.0
4012,2026,TY,2026Q3,2026-09,2026-09-22,2026-09-22,2777,Speech & Language Therapy,no_charge,Patient,T.V,0.0,0.0,0.0,0.0
4013,2026,TY,2026Q3,2026-09,2026-09-22,2026-09-22,2777,Speech & Language Therapy,paid,Texas Children's Health Plan,T.V,64.67,64.67,64.67,0.0
4014,2026,TY,2026Q3,2026-09,2026-09-22,2026-09-22,2778,Speech & Language Therapy,paid,BlueCross BlueShield of Texas,J.G,55.14,55.14,55.14,0.0
4015,2026,TY,2026Q3,2026-09,2026-09-22,2026-09-22,2778,Speech & Language Therapy,paid,Patient,J.G,13.78,13.78,13.78,0.0
4016,2026,TY,2026Q3,2026-09,2026-09-22,2026-09-22,2779,Speech & Language Therapy,no_charge,Patient,M.R,0.0,0.0,0.0,0.0
4017,2026,TY,2026Q3,2026-09,2026-09-22,2026-09-22,2779,Speech & Language Therapy,paid,Texas Children's Health Plan,M.R,64.67,64.67,64.67,0.0
4018,2026,TY,2026Q3,2026-09,2026-09-22,2026-09-22,2780,Speech & Language Therapy,no_charge,Patient,M.R,0.0,0.0,0.0,0.0
4019,2026,TY,2026Q3,2026-09,2026-09-22,2026-09-22,2780,Speech & Language Therapy,paid,Texas Children's Health Plan,M.R,64.67,64.67,64.67,0.0
4020,2026,TY,2026Q3,2026-09,2026-09-22,2026-09-22,2781,Speech & Language Therapy,no_charge,Patient,M.R,0.0,0.0,0.0,0.0
4021,2026,TY,2026Q3,2026-09,2026-09-22,2026-09-22,2781,Speech & Language Therapy,paid,Texas Children's Health Plan,M.R,64.67,64.67,64.67,0.0
4022,2026,TY,2026Q3,2026-09,2026-09-22,2026-09-22,2782,Speech & Language Therapy,no_charge,Patient,T.V,0.0,0.0,0.0,0.0
4023,2026,TY,2026Q3,2026-09,2026-09-22,2026-09-22,2782,Speech & Language Therapy,paid,Texas Children's Health Plan,T.V,64.67,64.67,64.67,0.0
4024,2026,TY,2026Q3,2026-09,2026-09-23,2026-09-23,2783,Speech & Language Therapy,no_charge,Patient,A.P,0.0,0.0,0.0,0.0
4025,2026,TY,2026Q3,2026-09,2026-09-23,2026-09-23,2783,Speech & Language Therapy,paid,Texas Children's Health Plan,A.P,80.84,80.84,80.84,0.0
4026,2026,TY,2026Q3,2026-09,2026-09-23,2026-09-23,2784,Speech & Language Therapy,no_charge,Patient,A.P,0.0,0.0,0.0,0.0
4027,2026,TY,2026Q3,2026-09,2026-09-23,2026-09-23,2784,Speech & Language Therapy,unpaid,Community Health Choice,A.P,105.0,105.0,0.0,105.0
4028,2026,TY,2026Q3,2026-09,2026-09-23,2026-09-23,2785,Speech & Language Therapy,no_charge,Patient,M.R,0.0,0.0,0.0,0.0
4029,2026,TY,2026Q3,2026-09,2026-09-23,2026-09-23,2785,Speech & Language Therapy,unpaid,UnitedHealthcare - Commercial,M.R,105.0,105.0,0.0,105.0
4030,2026,TY,2026Q3,2026-09,2026-09-23,2026-09-23,2785,Speech & Language Therapy,unpaid,UnitedHealthcare - Medicaid,M.R,105.0,105.0,0.0,105.0
4031,2026,TY,2026Q3,2026-09,2026-09-23,2026-09-23,2786,Speech & Language Therapy,paid,BlueCross BlueShield of Texas,A.P,18.92,18.92,18.92,0.0
4032,2026,TY,2026Q3,2026-09,2026-09-23,2026-09-23,2786,Speech & Language Therapy,paid,Patient,A.P,50.0,50.0,50.0,0.0
4033,2026,TY,2026Q3,2026-09,2026-09-23,2026-09-23,2787,Speech & Language Therapy,paid,BlueCross BlueShield of Texas,A.P,38.92,38.92,38.92,0.0
4034,2026,TY,2026Q3,2026-09,2026-09-23,2026-09-23,2787,Speech & Language Therapy,paid,Patient,A.P,30.0,30.0,30.0,0.0
4035,2026,TY,2026Q3,2026-09,2026-09-23,2026-09-23,2788,Speech & Language Therapy,no_charge,Patient,M.R,0.0,0.0,0.0,0.0
4036,2026,TY,2026Q3,2026-09,2026-09-23,2026-09-23,2788,Speech & Language Therapy,paid,Texas Children's Health Plan,M.R,64.67,64.67,64.67,0.0
4037,2026,TY,2026Q3,2026-09,2026-09-23,2026-09-23,2789,Speech & Language Therapy,no_charge,Patient,M.R,0.0,0.0,0.0,0.0
4038,2026,TY,2026Q3,2026-09,2026-09-23,2026-09-23,2789,Speech & Language Therapy,unpaid,Community Health Choice,M.R,105.0,105.0,0.0,105.0
4039,2026,TY,2026Q3,2026-09,2026-09-23,2026-09-23,2790,Speech & Language Therapy,no_charge,Patient,M.R,0.0,0.0,0.0,0.0
4040,2026,TY,2026Q3,2026-09,2026-09-23,2026-09-23,2790,Speech & Language Therapy,paid,Texas Children's Health Plan - CHIP,M.R,64.67,64.67,64.67,0.0
4041,2026,TY,2026Q3,2026-09,2026-09-23,2026-09-23,2791,Speech & Language Therapy,no_charge,Patient,M.R,0.0,0.0,0.0,0.0
4042,2026,TY,2026Q3,2026-09,2026-09-23,2026-09-23,2791,Speech & Language Therapy,paid,Texas Children's Health Plan,M.R,64.67,64.67,64.67,0.0
4043,2026,TY,2026Q3,2026-09,2026-09-23,2026-09-23,2792,Speech & Language Therapy,no_charge,Patient,M.R,0.0,0.0,0.0,0.0
4044,2026,TY,2026Q3,2026-09,2026-09-23,2026-09-23,2792,Speech & Language Therapy,paid,Texas Children's Health Plan,M.R,64.67,64.67,64.67,0.0
4045,2026,TY,2026Q3,2026-09,2026-09-23,2026-09-23,2793,Speech & Language Therapy - Telehealth,no_charge,Patient,A.P,0.0,0.0,0.0,0.0
4046,2026,TY,2026Q3,2026-09,2026-09-23,2026-09-23,2793,Speech & Language Therapy - Telehealth,paid,Texas Children's Health Plan,A.P,80.84,80.84,80.84,0.0
4047,2026,TY,2026Q3,2026-09,2026-09-23,2026-09-23,2794,Speech & Language Therapy - Telehealth,paid,BlueCross BlueShield of Texas,J.G,38.92,38.92,38.92,0.0
4048,2026,TY,2026Q3,2026-09,2026-09-23,2026-09-23,2794,Speech & Language Therapy - Telehealth,paid,Patient,J.G,30.0,30.0,30.0,0.0
4049,2026,TY,2026Q3,2026-09,2026-09-23,2026-09-23,2795,Speech & Language Therapy,paid,BlueCross BlueShield of Texas,J.G,28.92,28.92,28.92,0.0
4050,2026,TY,2026Q3,2026-09,2026-09-23,2026-09-23,2795,Speech & Language Therapy,paid,Patient,J.G,40.0,40.0,40.0,0.0
4051,2026,TY,2026Q3,2026-09,2026-09-23,2026-09-23,2796,Speech & Language Therapy - Telehealth,no_charge,Patient,A.P,0.0,0.0,0.0,0.0
4052,2026,TY,2026Q3,2026-09,2026-09-23,2026-09-23,2796,Speech & Language Therapy - Telehealth,paid,Texas Children's Health Plan,A.P,80.84,80.84,80.84,0.0
4053,2026,TY,2026Q3,2026-09,2026-09-23,2026-09-23,2797,Speech & Language Evaluation,no_charge,Patient,A.P,0.0,0.0,0.0,0.0
4054,2026,TY,2026Q3,2026-09,2026-09-23,2026-09-23,2797,Speech & Language Evaluation,paid,Texas Children's Health Plan,A.P,127.36,127.36,127.36,0.0
4055,2026,TY,2026Q3,2026-09,2026-09-23,2026-09-23,2798,Speech & Language Therapy,no_charge,Patient,M.R,0.0,0.0,0.0,0.0
4056,2026,TY,2026Q3,2026-09,2026-09-23,2026-09-23,2798,Speech & Language Therapy,paid,Texas Children's Health Plan,M.R,64.67,64.67,64.67,0.0
4057,2026,TY,2026Q3,2026-09,2026-09-23,2026-09-23,2799,Speech & Language Therapy,no_charge,BlueCross BlueShield of Texas,J.G,0.0,0.0,0.0,0.0
4058,2026,TY,2026Q3,2026-09,2026-09-23,2026-09-23,2799,Speech & Language Therapy,paid,Patient,J.G,68.92,68.92,68.92,0.0
4059,2026,TY,2026Q3,2026-09,2026-09-23,2026-09-23,2800,Speech & Language Therapy,no_charge,Patient,J.G,0.0,0.0,0.0,0.0
4060,2026,TY,2026Q3,2026-09,2026-09-23,2026-09-23,2800,Speech & Language Therapy,unpaid,BlueCross BlueShield of Texas,J.G,105.0,105.0,0.0,105.0
4061,2026,TY,2026Q3,2026-09,2026-09-23,2026-09-23,2801,Speech & Language Therapy,no_charge,Patient,M.R,0.0,0.0,0.0,0.0
4062,2026,TY,2026Q3,2026-09,2026-09-23,2026-09-23,2801,Speech & Language Therapy,paid,Texas Children's Health Plan,M.R,64.67,64.67,64.67,0.0
4063,2026,TY,2026Q3,2026-09,2026-09-23,2026-09-23,2802,Speech & Language Therapy,no_charge,Patient,M.R,0.0,0.0,0.0,0.0
4064,2026,TY,2026Q3,2026-09,2026-09-23,2026-09-23,2802,Speech & Language Therapy,paid,Texas Children's Health Plan,M.R,64.67,64.67,64.67,0.0
4065,2026,TY,2026Q3,2026-09,2026-09-24,2026-09-24,2803,Speech & Language Therapy,no_charge,Patient,M.R,0.0,0.0,0.0,0.0
4066,2026,TY,2026Q3,2026-09,2026-09-24,2026-09-24,2803,Speech & Language Therapy,unpaid,Texas Children's Health Plan,M.R,105.0,105.0,0.0,105.0
4067,2026,TY,2026Q3,2026-09,2026-09-24,2026-09-24,2804,Speech & Language Therapy,no_charge,Patient,M.R,0.0,0.0,0.0,0.0
4068,2026,TY,2026Q3,2026-09,2026-09-24,2026-09-24,2804,Speech & Language Therapy,unpaid,UnitedHealthcare - Commercial,M.R,105.0,105.0,0.0,105.0
4069,2026,TY,2026Q3,2026-09,2026-09-24,2026-09-24,2804,Speech & Language Therapy,unpaid,UnitedHealthcare - Medicaid,M.R,105.0,105.0,0.0,105.0
4070,2026,TY,2026Q3,2026-09,2026-09-24,2026-09-24,2805,Speech & Language Therapy,no_charge,Patient,M.R,0.0,0.0,0.0,0.0
4071,2026,TY,2026Q3,2026-09,2026-09-24,2026-09-24,2805,Speech & Language Therapy,unpaid,Texas Children's Health Plan,M.R,105.0,105.0,0.0,105.0
4072,2026,TY,2026Q3,2026-09,2026-09-24,2026-09-24,2806,Speech & Language Therapy,no_charge,Patient,M.R,0.0,0.0,0.0,0.0
4073,2026,TY,2026Q3,2026-09,2026-09-24,2026-09-24,2806,Speech & Language Therapy,unpaid,Texas Children's Health Plan,M.R,105.0,105.0,0.0,105.0
4074,2026,TY,2026Q3,2026-09,2026-09-24,2026-09-24,2807,Speech & Language Therapy,no_charge,Patient,M.R,0.0,0.0,0.0,0.0
4075,2026,TY,2026Q3,2026-09,2026-09-24,2026-09-24,2807,Speech & Language Therapy,unpaid,Community Health Choice,M.R,105.0,105.0,0.0,105.0
4076,2026,TY,2026Q3,2026-09,2026-09-24,2026-09-24,2808,Speech & Language Therapy,no_charge,Patient,M.R,0.0,0.0,0.0,0.0
4077,2026,TY,2026Q3,2026-09,2026-09-24,2026-09-24,2808,Speech & Language Therapy,unpaid,Texas Children's Health Plan,M.R,105.0,105.0,0.0,105.0
4078,2026,TY,2026Q3,2026-09,2026-09-24,2026-09-24,2809,Speech & Language Therapy,paid,BlueCross BlueShield of Texas,A.P,33.92,33.92,33.92,0.0
4079,2026,TY,2026Q3,2026-09,2026-09-24,2026-09-24,2809,Speech & Language Therapy,paid,Patient,A.P,35.0,35.0,35.0,0.0
4080,2026,TY,2026Q3,2026-09,2026-09-24,2026-09-24,2810,Speech & Language Therapy,paid,Patient,A.P,90.0,90.0,90.0,0.0
4081,2026,TY,2026Q3,2026-09,2026-09-24,2026-09-24,2811,Speech & Language Therapy,no_charge,Patient,M.R,0.0,0.0,0.0,0.0
4082,2026,TY,2026Q3,2026-09,2026-09-24,2026-09-24,2811,Speech & Language Therapy,unpaid,Community Health Choice,M.R,105.0,105.0,0.0,105.0
4083,2026,TY,2026Q3,2026-09,2026-09-24,2026-09-24,2812,Speech & Language Therapy,no_charge,Patient,M.R,0.0,0.0,0.0,0.0
4084,2026,TY,2026Q3,2026-09,2026-09-24,2026-09-24,2812,Speech & Language Therapy,unpaid,Texas Children's Health Plan,M.R,105.0,105.0,0.0,105.0
4085,2026,TY,2026Q3,2026-09,2026-09-24,2026-09-24,2813,Speech & Language Therapy,no_charge,Patient,M.R,0.0,0.0,0.0,0.0
4086,2026,TY,2026Q3,2026-09,2026-09-24,2026-09-24,2813,Speech & Language Therapy,unpaid,UnitedHealthcare - Medicaid,M.R,105.0,105.0,0.0,105.0
4087,2026,TY,2026Q3,2026-09,2026-09-24,2026-09-24,2814,Speech & Language Therapy,no_charge,Patient,J.G,0.0,0.0,0.0,0.0
4088,2026,TY,2026Q3,2026-09,2026-09-24,2026-09-24,2814,Speech & Language Therapy,unpaid,BlueCross BlueShield of Texas,J.G,105.0,105.0,0.0,105.0
4089,2026,TY,2026Q3,2026-09,2026-09-24,2026-09-24,2815,Speech & Language Therapy - Telehealth - No Show,no_charge,Patient,T.V,0.0,0.0,0.0,0.0
4090,2026,TY,2026Q3,2026-09,2026-09-24,2026-09-24,2816,Speech & Language Therapy,no_charge,Patient,T.V,0.0,0.0,0.0,0.0
4091,2026,TY,2026Q3,2026-09,2026-09-24,2026-09-24,2816,Speech & Language Therapy,unpaid,Texas Children's Health Plan,T.V,105.0,105.0,0.0,105.0
4092,2026,TY,2026Q3,2026-09,2026-09-24,2026-09-24,2817,Speech & Language Therapy,paid,Patient,J.G,90.0,90.0,90.0,0.0
4093,2026,TY,2026Q3,2026-09,2026-09-24,2026-09-24,2818,Speech & Language Therapy - No Show,no_charge,Patient,T.V,0.0,0.0,0.0,0.0
4094,2026,TY,2026Q3,2026-09,2026-09-24,2026-09-24,2819,Speech & Language Therapy - Telehealth - No Show,no_charge,Patient,J.G,0.0,0.0,0.0,0.0
4095,2026,TY,2026Q3,2026-09,2026-09-24,2026-09-24,2820,Speech & Language Therapy,paid,BlueCross BlueShield of Texas,J.G,55.14,55.14,55.14,0.0
4096,2026,TY,2026Q3,2026-09,2026-09-24,2026-09-24,2820,Speech & Language Therapy,paid,Patient,J.G,13.78,13.78,13.78,0.0
4097,2026,TY,2026Q3,2026-09,2026-09-24,2026-09-24,2821,Speech & Language Therapy - No Show,no_charge,Patient,T.V,0.0,0.0,0.0,0.0
4098,2026,TY,2026Q3,2026-09,2026-09-24,2026-09-24,2822,Speech & Language Therapy,no_charge,Patient,M.R,0.0,0.0,0.0,0.0
4099,2026,TY,2026Q3,2026-09,2026-09-24,2026-09-24,2822,Speech & Language Therapy,unpaid,Texas Children's Health Plan,M.R,105.0,105.0,0.0,105.0
4100,2026,TY,2026Q3,2026-09,2026-09-24,2026-09-24,2823,Speech & Language Therapy,no_charge,Patient,M.R,0.0,0.0,0.0,0.0
4101,2026,TY,2026Q3,2026-09,2026-09-24,2026-09-24,2823,Speech & Language Therapy,unpaid,Texas Children's Health Plan,M.R,105.0,105.0,0.0,105.0
4102,2026,TY,2026Q3,2026-09,2026-09-24,2026-09-24,2824,Speech & Language Therapy,no_charge,Patient,M.R,0.0,0.0,0.0,0.0
4103,2026,TY,2026Q3,2026-09,2026-09-24,2026-09-24,2824,Speech & Language Therapy,unpaid,Texas Children's Health Plan,M.R,105.0,105.0,0.0,105.0
4104,2026,TY,2026Q3,2026-09,2026-09-24,2026-09-24,2825,Speech & Language Therapy,no_charge,Patient,M.R,0.0,0.0,0.0,0.0
4105,2026,TY,2026Q3,2026-09,2026-09-24,2026-09-24,2825,Speech & Language Therapy,unpaid,Texas Children's Health Plan,M.R,105.0,105.0,0.0,105.0
4106,2026,TY,2026Q3,2026-09,2026-09-24,2026-09-24,2826,Speech & Language Therapy,no_charge,Patient,J.G,0.0,0.0,0.0,0.0
4107,2026,TY,2026Q3,2026-09,2026-09-24,2026-09-24,2826,Speech & Language Therapy,unpaid,BlueCross BlueShield of Texas,J.G,105.0,105.0,0.0,105.0
4108,2026,TY,2026Q3,2026-09,2026-09-24,2026-09-24,2827,Speech & Language Therapy,paid,BlueCross BlueShield of Texas,J.G,38.92,38.92,38.92,0.0
4109,2026,TY,2026Q3,2026-09,2026-09-24,2026-09-24,2827,Speech & Language Therapy,paid,Patient,J.G,30.0,30.0,30.0,0.0
4110,2026,TY,2026Q3,2026-09,2026-09-24,2026-09-24,2828,Speech & Language Therapy - Telehealth,no_charge,Patient,T.V,0.0,0.0,0.0,0.0
4111,2026,TY,2026Q3,2026-09,2026-09-24,2026-09-24,2828,Speech & Language Therapy - Telehealth,unpaid,Texas Children's Health Plan,T.V,105.0,105.0,0.0,105.0
4112,2026,TY,2026Q3,2026-09,2026-09-25,2026-09-25,2829,Speech & Language Therapy,no_charge,Patient,M.R,0.0,0.0,0.0,0.0
4113,2026,TY,2026Q3,2026-09,2026-09-25,2026-09-25,2829,Speech & Language Therapy,unpaid,Texas Children's Health Plan,M.R,105.0,105.0,0.0,105.0
4114,2026,TY,2026Q3,2026-09,2026-09-25,2026-09-25,2830,Speech & Language Therapy,no_charge,Patient,M.R,0.0,0.0,0.0,0.0
4115,2026,TY,2026Q3,2026-09,2026-09-25,2026-09-25,2830,Speech & Language Therapy,unpaid,Texas Children's Health Plan,M.R,105.0,105.0,0.0,105.0
4116,2026,TY,2026Q3,2026-09,2026-09-25,2026-09-25,2831,Speech & Language Therapy,no_charge,Patient,M.R,0.0,0.0,0.0,0.0
4117,2026,TY,2026Q3,2026-09,2026-09-25,2026-09-25,2831,Speech & Language Therapy,unpaid,UnitedHealthcare - Medicaid,M.R,105.0,105.0,0.0,105.0
4118,2026,TY,2026Q3,2026-09,2026-09-25,2026-09-25,2832,Speech & Language Therapy,no_charge,Patient,M.R,0.0,0.0,0.0,0.0
4119,2026,TY,2026Q3,2026-09,2026-09-25,2026-09-25,2832,Speech & Language Therapy,unpaid,Texas Children's Health Plan,M.R,105.0,105.0,0.0,105.0
4120,2026,TY,2026Q3,2026-09,2026-09-25,2026-09-25,2833,Speech & Language Therapy,no_charge,Patient,M.R,0.0,0.0,0.0,0.0
4121,2026,TY,2026Q3,2026-09,2026-09-25,2026-09-25,2833,Speech & Language Therapy,unpaid,Texas Children's Health Plan,M.R,105.0,105.0,0.0,105.0
4122,2026,TY,2026Q3,2026-09,2026-09-25,2026-09-25,2834,Speech & Language Therapy,no_charge,Patient,M.R,0.0,0.0,0.0,0.0
4123,2026,TY,2026Q3,2026-09,2026-09-25,2026-09-25,2834,Speech & Language Therapy,unpaid,Texas Children's Health Plan,M.R,105.0,105.0,0.0,105.0
4124,2026,TY,2026Q3,2026-09,2026-09-26,2026-09-26,2835,Speech & Language Therapy,no_charge,Patient,M.R,0.0,0.0,0.0,0.0
4125,2026,TY,2026Q3,2026-09,2026-09-26,2026-09-26,2835,Speech & Language Therapy,unpaid,Texas Children's Health Plan,M.R,105.0,105.0,0.0,105.0
4126,2026,TY,2026Q3,2026-09,2026-09-26,2026-09-26,2836,Speech & Language Therapy,no_charge,Patient,M.R,0.0,0.0,0.0,0.0
4127,2026,TY,2026Q3,2026-09,2026-09-26,2026-09-26,2836,Speech & Language Therapy,unpaid,Community Health Choice,M.R,105.0,105.0,0.0,105.0
4128,2026,TY,2026Q3,2026-09,2026-09-26,2026-09-26,2837,Speech & Language Therapy,no_charge,Patient,M.R,0.0,0.0,0.0,0.0
4129,2026,TY,2026Q3,2026-09,2026-09-26,2026-09-26,2837,Speech & Language Therapy,unpaid,Texas Children's Health Plan,M.R,105.0,105.0,0.0,105.0
4130,2026,TY,2026Q3,2026-09,2026-09-26,2026-09-26,2838,Speech & Language Therapy - Telehealth,no_charge,Patient,M.R,0.0,0.0,0.0,0.0
4131,2026,TY,2026Q3,2026-09,2026-09-26,2026-09-26,2838,Speech & Language Therapy - Telehealth,unpaid,Texas Children's Health Plan,M.R,105.0,105.0,0.0,105.0
4132,2026,TY,2026Q3,2026-09,2026-09-26,2026-09-26,2839,Speech & Language Therapy,no_charge,Patient,M.R,0.0,0.0,0.0,0.0
4133,2026,TY,2026Q3,2026-09,2026-09-26,2026-09-26,2839,Speech & Language Therapy,unpaid,Texas Children's Health Plan,M.R,105.0,105.0,0.0,105.0
4134,2026,TY,2026Q3,2026-09,2026-09-26,2026-09-26,2840,Speech & Language Therapy,no_charge,Patient,M.R,0.0,0.0,0.0,0.0
4135,2026,TY,2026Q3,2026-09,2026-09-26,2026-09-26,2840,Speech & Language Therapy,unpaid,Texas Children's Health Plan,M.R,105.0,105.0,0.0,105.0
4136,2026,TY,2026Q3,2026-09,2026-09-28,2026-09-28,2841,Speech & Language Therapy,no_charge,Patient,A.P,0.0,0.0,0.0,0.0
4137,2026,TY,2026Q3,2026-09,2026-09-28,2026-09-28,2841,Speech & Language Therapy,unpaid,Texas Children's Health Plan,A.P,105.0,105.0,0.0,105.0
4138,2026,TY,2026Q3,2026-09,2026-09-28,2026-09-28,2842,Speech & Language Therapy,no_charge,Patient,A.P,0.0,0.0,0.0,0.0
4139,2026,TY,2026Q3,2026-09,2026-09-28,2026-09-28,2842,Speech & Language Therapy,unpaid,Community Health Choice,A.P,105.0,105.0,0.0,105.0
4140,2026,TY,2026Q3,2026-09,2026-09-28,2026-09-28,2843,Speech & Language Therapy,paid,BlueCross BlueShield of Texas,A.P,38.92,38.92,38.92,0.0
4141,2026,TY,2026Q3,2026-09,2026-09-28,2026-09-28,2843,Speech & Language Therapy,paid,Patient,A.P,30.0,30.0,30.0,0.0
4142,2026,TY,2026Q3,2026-09,2026-09-28,2026-09-28,2844,Speech & Language Therapy,no_charge,Patient,A.P,0.0,0.0,0.0,0.0
4143,2026,TY,2026Q3,2026-09,2026-09-28,2026-09-28,2844,Speech & Language Therapy,unpaid,Texas Children's Health Plan - CHIP,A.P,105.0,105.0,0.0,105.0
4144,2026,TY,2026Q3,2026-09,2026-09-28,2026-09-28,2845,Speech & Language Therapy,no_charge,Patient,A.P,0.0,0.0,0.0,0.0
4145,2026,TY,2026Q3,2026-09,2026-09-28,2026-09-28,2845,Speech & Language Therapy,unpaid,Texas Children's Health Plan,A.P,105.0,105.0,0.0,105.0
4146,2026,TY,2026Q3,2026-09,2026-09-28,2026-09-28,2846,Speech & Language Therapy,paid,BlueCross BlueShield of Texas,A.P,38.92,38.92,38.92,0.0
4147,2026,TY,2026Q3,2026-09,2026-09-28,2026-09-28,2846,Speech & Language Therapy,paid,Patient,A.P,30.0,30.0,30.0,0.0
4148,2026,TY,2026Q3,2026-09,2026-09-28,2026-09-28,2847,Speech & Language Therapy,no_charge,Patient,A.P,0.0,0.0,0.0,0.0
4149,2026,TY,2026Q3,2026-09,2026-09-28,2026-09-28,2847,Speech & Language Therapy,unpaid,Texas Children's Health Plan,A.P,105.0,105.0,0.0,105.0
4150,2026,TY,2026Q3,2026-09,2026-09-28,2026-09-28,2848,Speech & Language Therapy,no_charge,Patient,A.P,0.0,0.0,0.0,0.0
4151,2026,TY,2026Q3,2026-09,2026-09-28,2026-09-28,2848,Speech & Language Therapy,unpaid,Texas Children's Health Plan,A.P,105.0,105.0,0.0,105.0
4152,2026,TY,2026Q3,2026-09,2026-09-28,2026-09-28,2849,Speech & Language Therapy - Telehealth - No Show,no_charge,Patient,T.V,0.0,0.0,0.0,0.0
4153,2026,TY,2026Q3,2026-09,2026-09-28,2026-09-28,2850,Speech & Language Therapy,no_charge,Patient,T.V,0.0,0.0,0.0,0.0
4154,2026,TY,2026Q3,2026-09,2026-09-28,2026-09-28,2850,Speech & Language Therapy,unpaid,Texas Children's Health Plan - CHIP,T.V,105.0,105.0,0.0,105.0
4155,2026,TY,2026Q3,2026-09,2026-09-28,2026-09-28,2851,Speech & Language Therapy,no_charge,Patient,T.V,0.0,0.0,0.0,0.0
4156,2026,TY,2026Q3,2026-09,2026-09-28,2026-09-28,2851,Speech & Language Therapy,unpaid,Texas Children's Health Plan - CHIP,T.V,105.0,105.0,0.0,105.0
4157,2026,TY,2026Q3,2026-09,2026-09-28,2026-09-28,2852,Speech & Language Therapy,no_charge,Patient,T.V,0.0,0.0,0.0,0.0
4158,2026,TY,2026Q3,2026-09,2026-09-28,2026-09-28,2852,Speech & Language Therapy,unpaid,Texas Children's Health Plan,T.V,105.0,105.0,0.0,105.0
4159,2026,TY,2026Q3,2026-09,2026-09-28,2026-09-28,2853,Speech & Language Therapy,no_charge,Patient,T.V,0.0,0.0,0.0,0.0
4160,2026,TY,2026Q3,2026-09,2026-09-28,2026-09-28,2853,Speech & Language Therapy,unpaid,Texas Children's Health Plan,T.V,105.0,105.0,0.0,105.0
4161,2026,TY,2026Q3,2026-09,2026-09-28,2026-09-28,2854,Speech & Language Therapy,no_charge,Patient,A.P,0.0,0.0,0.0,0.0
4162,2026,TY,2026Q3,2026-09,2026-09-28,2026-09-28,2854,Speech & Language Therapy,unpaid,Texas Children's Health Plan,A.P,105.0,105.0,0.0,105.0
4163,2026,TY,2026Q3,2026-09,2026-09-28,2026-09-28,2855,Speech & Language Therapy,no_charge,Patient,A.P,0.0,0.0,0.0,0.0
4164,2026,TY,2026Q3,2026-09,2026-09-28,2026-09-28,2855,Speech & Language Therapy,unpaid,Texas Children's Health Plan,A.P,105.0,105.0,0.0,105.0
4165,2026,TY,2026Q3,2026-09,2026-09-29,2026-09-29,2856,Speech & Language Therapy,no_charge,Patient,M.R,0.0,0.0,0.0,0.0
4166,2026,TY,2026Q3,2026-09,2026-09-29,2026-09-29,2856,Speech & Language Therapy,unpaid,Texas Children's Health Plan,M.R,105.0,105.0,0.0,105.0
4167,2026,TY,2026Q3,2026-09,2026-09-29,2026-09-29,2857,Speech & Language Therapy,no_charge,Patient,M.R,0.0,0.0,0.0,0.0
4168,2026,TY,2026Q3,2026-09,2026-09-29,2026-09-29,2857,Speech & Language Therapy,unpaid,Community Health Choice,M.R,105.0,105.0,0.0,105.0
4169,2026,TY,2026Q3,2026-09,2026-09-29,2026-09-29,2858,Speech & Language Therapy,no_charge,Patient,M.R,0.0,0.0,0.0,0.0
4170,2026,TY,2026Q3,2026-09,2026-09-29,2026-09-29,2858,Speech & Language Therapy,unpaid,Community Health Choice,M.R,105.0,105.0,0.0,105.0
4171,2026,TY,2026Q3,2026-09,2026-09-29,2026-09-29,2859,Speech & Language Therapy,no_charge,Patient,M.R,0.0,0.0,0.0,0.0
4172,2026,TY,2026Q3,2026-09,2026-09-29,2026-09-29,2859,Speech & Language Therapy,unpaid,Texas Children's Health Plan,M.R,105.0,105.0,0.0,105.0
4173,2026,TY,2026Q3,2026-09,2026-09-29,2026-09-29,2860,Speech & Language Therapy,no_charge,Patient,A.P,0.0,0.0,0.0,0.0
4174,2026,TY,2026Q3,2026-09,2026-09-29,2026-09-29,2860,Speech & Language Therapy,unpaid,Texas Children's Health Plan,A.P,105.0,105.0,0.0,105.0
4175,2026,TY,2026Q3,2026-09,2026-09-29,2026-09-29,2861,Speech & Language Therapy,paid,Patient,A.P,90.0,90.0,90.0,0.0
4176,2026,TY,2026Q3,2026-09,2026-09-29,2026-09-29,2862,"Speech therapy, re-evaluation",no_charge,Patient,A.P,0.0,0.0,0.0,0.0
4177,2026,TY,2026Q3,2026-09,2026-09-29,2026-09-29,2862,"Speech therapy, re-evaluation",unpaid,Texas Children's Health Plan,A.P,200.0,200.0,0.0,200.0
4178,2026,TY,2026Q3,2026-09,2026-09-29,2026-09-29,2863,Speech & Language Therapy,no_charge,Patient,M.R,0.0,0.0,0.0,0.0
4179,2026,TY,2026Q3,2026-09,2026-09-29,2026-09-29,2863,Speech & Language Therapy,unpaid,Community Health Choice,M.R,105.0,105.0,0.0,105.0
4180,2026,TY,2026Q3,2026-09,2026-09-29,2026-09-29,2864,Speech & Language Therapy,no_charge,Patient,M.R,0.0,0.0,0.0,0.0
4181,2026,TY,2026Q3,2026-09,2026-09-29,2026-09-29,2864,Speech & Language Therapy,unpaid,Texas Children's Health Plan,M.R,105.0,105.0,0.0,105.0
4182,2026,TY,2026Q3,2026-09,2026-09-29,2026-09-29,2865,Speech & Language Therapy,no_charge,Patient,M.R,0.0,0.0,0.0,0.0
4183,2026,TY,2026Q3,2026-09,2026-09-29,2026-09-29,2865,Speech & Language Therapy,unpaid,Texas Children's Health Plan,M.R,105.0,105.0,0.0,105.0
4184,2026,TY,2026Q3,2026-09,2026-09-29,2026-09-29,2866,Speech & Language Therapy,paid,BlueCross BlueShield of Texas,J.G,28.92,28.92,28.92,0.0
4185,2026,TY,2026Q3,2026-09,2026-09-29,2026-09-29,2866,Speech & Language Therapy,paid,Patient,J.G,40.0,40.0,40.0,0.0
4186,2026,TY,2026Q3,2026-09,2026-09-29,2026-09-29,2867,Speech & Language Therapy - Telehealth,no_charge,Patient,A.P,0.0,0.0,0.0,0.0
4187,2026,TY,2026Q3,2026-09,2026-09-29,2026-09-29,2867,Speech & Language Therapy - Telehealth,unpaid,Texas Children's Health Plan,A.P,105.0,105.0,0.0,105.0
4188,2026,TY,2026Q3,2026-09,2026-09-29,2026-09-29,2868,Speech & Language Therapy,no_charge,Patient,T.V,0.0,0.0,0.0,0.0
4189,2026,TY,2026Q3,2026-09,2026-09-29,2026-09-29,2868,Speech & Language Therapy,unpaid,Texas Children's Health Plan - CHIP,T.V,105.0,105.0,0.0,105.0
4190,2026,TY,2026Q3,2026-09,2026-09-29,2026-09-29,2869,Speech & Language Therapy,no_charge,Patient,T.V,0.0,0.0,0.0,0.0
4191,2026,TY,2026Q3,2026-09,2026-09-29,2026-09-29,2869,Speech & Language Therapy,unpaid,Texas Children's Health Plan - CHIP,T.V,105.0,105.0,0.0,105.0
4192,2026,TY,2026Q3,2026-09,2026-09-29,2026-09-29,2870,Speech & Language Therapy - Telehealth,no_charge,Patient,J.G,0.0,0.0,0.0,0.0
4193,2026,TY,2026Q3,2026-09,2026-09-29,2026-09-29,2870,Speech & Language Therapy - Telehealth,unpaid,BlueCross BlueShield of Texas,J.G,105.0,105.0,0.0,105.0
4194,2026,TY,2026Q3,2026-09,2026-09-29,2026-09-29,2871,Speech & Language Therapy,no_charge,Patient,T.V,0.0,0.0,0.0,0.0
4195,2026,TY,2026Q3,2026-09,2026-09-29,2026-09-29,2871,Speech & Language Therapy,unpaid,Texas Children's Health Plan - CHIP,T.V,105.0,105.0,0.0,105.0
4196,2026,TY,2026Q3,2026-09,2026-09-29,2026-09-29,2872,Speech & Language Therapy,no_charge,Patient,M.R,0.0,0.0,0.0,0.0
4197,2026,TY,2026Q3,2026-09,2026-09-29,2026-09-29,2872,Speech & Language Therapy,unpaid,Texas Children's Health Plan,M.R,105.0,105.0,0.0,105.0
4198,2026,TY,2026Q3,2026-09,2026-09-29,2026-09-29,2873,Speech & Language Therapy,no_charge,Patient,M.R,0.0,0.0,0.0,0.0
4199,2026,TY,2026Q3,2026-09,2026-09-29,2026-09-29,2873,Speech & Language Therapy,unpaid,Texas Children's Health Plan,M.R,105.0,105.0,0.0,105.0
4200,2026,TY,2026Q3,2026-09,2026-09-29,2026-09-29,2874,Speech & Language Therapy,no_charge,Patient,M.R,0.0,0.0,0.0,0.0
4201,2026,TY,2026Q3,2026-09,2026-09-29,2026-09-29,2874,Speech & Language Therapy,unpaid,Texas Children's Health Plan,M.R,105.0,105.0,0.0,105.0
4202,2026,TY,2026Q3,2026-09,2026-09-29,2026-09-29,2875,Speech & Language Therapy,paid,BlueCross BlueShield of Texas,J.G,55.14,55.14,55.14,0.0
4203,2026,TY,2026Q3,2026-09,2026-09-29,2026-09-29,2875,Speech & Language Therapy,paid,Patient,J.G,13.78,13.78,13.78,0.0
4204,2026,TY,2026Q3,2026-09,2026-09-29,2026-09-29,2876,Speech & Language Therapy,no_charge,Patient,M.R,0.0,0.0,0.0,0.0
4205,2026,TY,2026Q3,2026-09,2026-09-29,2026-09-29,2876,Speech & Language Therapy,unpaid,Texas Children's Health Plan,M.R,105.0,105.0,0.0,105.0
4206,2026,TY,2026Q3,2026-09,2026-09-29,2026-09-29,2877,Speech & Language Therapy,no_charge,Patient,T.V,0.0,0.0,0.0,0.0
4207,2026,TY,2026Q3,2026-09,2026-09-29,2026-09-29,2877,Speech & Language Therapy,unpaid,Texas Children's Health Plan,T.V,105.0,105.0,0.0,105.0
4208,2026,TY,2026Q3,2026-09,2026-09-29,2026-09-29,2878,Speech & Language Therapy,no_charge,Patient,T.V,0.0,0.0,0.0,0.0
4209,2026,TY,2026Q3,2026-09,2026-09-29,2026-09-29,2878,Speech & Language Therapy,unpaid,Texas Children's Health Plan,T.V,105.0,105.0,0.0,105.0
4210,2026,TY,2026Q3,2026-09,2026-09-30,2026-09-30,2879,Speech & Language Therapy,no_charge,Patient,A.P,0.0,0.0,0.0,0.0
4211,2026,TY,2026Q3,2026-09,2026-09-30,2026-09-30,2879,Speech & Language Therapy,unpaid,Texas Children's Health Plan,A.P,105.0,105.0,0.0,105.0
4212,2026,TY,2026Q3,2026-09,2026-09-30,2026-09-30,2880,Speech & Language Therapy,no_charge,Patient,A.P,0.0,0.0,0.0,0.0
4213,2026,TY,2026Q3,2026-09,2026-09-30,2026-09-30,2880,Speech & Language Therapy,unpaid,Community Health Choice,A.P,105.0,105.0,0.0,105.0
4214,2026,TY,2026Q3,2026-09,2026-09-30,2026-09-30,2881,Speech & Language Therapy,no_charge,Patient,M.R,0.0,0.0,0.0,0.0
4215,2026,TY,2026Q3,2026-09,2026-09-30,2026-09-30,2881,Speech & Language Therapy,unpaid,Texas Children's Health Plan,M.R,105.0,105.0,0.0,105.0
4216,2026,TY,2026Q3,2026-09,2026-09-30,2026-09-30,2882,Speech & Language Therapy,no_charge,Patient,M.R,0.0,0.0,0.0,0.0
4217,2026,TY,2026Q3,2026-09,2026-09-30,2026-09-30,2882,Speech & Language Therapy,unpaid,UnitedHealthcare - Commercial,M.R,105.0,105.0,0.0,105.0
4218,2026,TY,2026Q3,2026-09,2026-09-30,2026-09-30,2882,Speech & Language Therapy,unpaid,UnitedHealthcare - Medicaid,M.R,105.0,105.0,0.0,105.0
4219,2026,TY,2026Q3,2026-09,2026-09-30,2026-09-30,2883,Speech & Language Therapy,no_charge,Patient,A.P,0.0,0.0,0.0,0.0
4220,2026,TY,2026Q3,2026-09,2026-09-30,2026-09-30,2883,Speech & Language Therapy,unpaid,BlueCross BlueShield of Texas,A.P,105.0,105.0,0.0,105.0
4221,2026,TY,2026Q3,2026-09,2026-09-30,2026-09-30,2884,Speech & Language Therapy,paid,BlueCross BlueShield of Texas,A.P,38.92,38.92,38.92,0.0
4222,2026,TY,2026Q3,2026-09,2026-09-30,2026-09-30,2884,Speech & Language Therapy,paid,Patient,A.P,30.0,30.0,30.0,0.0
4223,2026,TY,2026Q3,2026-09,2026-09-30,2026-09-30,2885,Speech & Language Therapy,no_charge,Patient,M.R,0.0,0.0,0.0,0.0
4224,2026,TY,2026Q3,2026-09,2026-09-30,2026-09-30,2885,Speech & Language Therapy,unpaid,Community Health Choice,M.R,105.0,105.0,0.0,105.0
4225,2026,TY,2026Q3,2026-09,2026-09-30,2026-09-30,2886,Speech & Language Therapy,no_charge,Patient,M.R,0.0,0.0,0.0,0.0
4226,2026,TY,2026Q3,2026-09,2026-09-30,2026-09-30,2886,Speech & Language Therapy,unpaid,Community Health Choice,M.R,105.0,105.0,0.0,105.0
4227,2026,TY,2026Q3,2026-09,2026-09-30,2026-09-30,2887,Speech & Language Therapy,no_charge,Patient,M.R,0.0,0.0,0.0,0.0
4228,2026,TY,2026Q3,2026-09,2026-09-30,2026-09-30,2887,Speech & Language Therapy,unpaid,Texas Children's Health Plan - CHIP,M.R,105.0,105.0,0.0,105.0
4229,2026,TY,2026Q3,2026-09,2026-09-30,2026-09-30,2888,Speech & Language Therapy,no_charge,Patient,M.R,0.0,0.0,0.0,0.0
4230,2026,TY,2026Q3,2026-09,2026-09-30,2026-09-30,2888,Speech & Language Therapy,unpaid,Texas Children's Health Plan,M.R,105.0,105.0,0.0,105.0
4231,2026,TY,2026Q3,2026-09,2026-09-30,2026-09-30,2889,Speech & Language Evaluation,no_charge,Patient,A.P,0.0,0.0,0.0,0.0
4232,2026,TY,2026Q3,2026-09,2026-09-30,2026-09-30,2889,Speech & Language Evaluation,unpaid,UnitedHealthcare - Medicaid,A.P,295.0,295.0,0.0,295.0
4233,2026,TY,2026Q3,2026-09,2026-09-30,2026-09-30,2890,Speech & Language Therapy,no_charge,Patient,M.R,0.0,0.0,0.0,0.0
4234,2026,TY,2026Q3,2026-09,2026-09-30,2026-09-30,2890,Speech & Language Therapy,unpaid,Texas Children's Health Plan,M.R,105.0,105.0,0.0,105.0
4235,2026,TY,2026Q3,2026-09,2026-09-30,2026-09-30,2891,Speech & Language Therapy,no_charge,Patient,M.R,0.0,0.0,0.0,0.0
4236,2026,TY,2026Q3,2026-09,2026-09-30,2026-09-30,2891,Speech & Language Therapy,unpaid,Texas Children's Health Plan,M.R,105.0,105.0,0.0,105.0
4237,2026,TY,2026Q3,2026-09,2026-09-30,2026-09-30,2892,Speech & Language Therapy - Telehealth,no_charge,Patient,A.P,0.0,0.0,0.0,0.0
4238,2026,TY,2026Q3,2026-09,2026-09-30,2026-09-30,2892,Speech & Language Therapy - Telehealth,unpaid,Texas Children's Health Plan,A.P,105.0,105.0,0.0,105.0
4239,2026,TY,2026Q3,2026-09,2026-09-30,2026-09-30,2893,Speech & Language Therapy - Telehealth,no_charge,Patient,J.G,0.0,0.0,0.0,0.0
4240,2026,TY,2026Q3,2026-09,2026-09-30,2026-09-30,2893,Speech & Language Therapy - Telehealth,unpaid,BlueCross BlueShield of Texas,J.G,105.0,105.0,0.0,105.0
4241,2026,TY,2026Q3,2026-09,2026-09-30,2026-09-30,2894,Speech & Language Therapy,paid,BlueCross BlueShield of Texas,J.G,28.92,28.92,28.92,0.0
4242,2026,TY,2026Q3,2026-09,2026-09-30,2026-09-30,2894,Speech & Language Therapy,paid,Patient,J.G,40.0,40.0,40.0,0.0
4243,2026,TY,2026Q3,2026-09,2026-09-30,2026-09-30,2895,Speech & Language Therapy - Telehealth,no_charge,Patient,A.P,0.0,0.0,0.0,0.0
4244,2026,TY,2026Q3,2026-09,2026-09-30,2026-09-30,2895,Speech & Language Therapy - Telehealth,unpaid,Texas Children's Health Plan,A.P,105.0,105.0,0.0,105.0
4245,2026,TY,2026Q3,2026-09,2026-09-30,2026-09-30,2896,Speech & Language Therapy,no_charge,Patient,J.G,0.0,0.0,0.0,0.0
4246,2026,TY,2026Q3,2026-09,2026-09-30,2026-09-30,2896,Speech & Language Therapy,unpaid,BlueCross BlueShield of Texas,J.G,105.0,105.0,0.0,105.0
4247,2026,TY,2026Q3,2026-09,2026-09-30,2026-09-30,2897,Speech & Language Therapy,no_charge,Patient,M.R,0.0,0.0,0.0,0.0
4248,2026,TY,2026Q3,2026-09,2026-09-30,2026-09-30,2897,Speech & Language Therapy,unpaid,Texas Children's Health Plan,M.R,105.0,105.0,0.0,105.0
4249,2026,TY,2026Q3,2026-09,2026-09-30,2026-09-30,2898,Speech & Language Therapy,no_charge,Patient,M.R,0.0,0.0,0.0,0.0
4250,2026,TY,2026Q3,2026-09,2026-09-30,2026-09-30,2898,Speech & Language Therapy,unpaid,Texas Children's Health Plan,M.R,105.0,105.0,0.0,105.0
4251,2026,TY,2026Q3,2026-09,2026-09-30,2026-09-30,2899,Speech & Language Therapy,no_charge,Patient,M.R,0.0,0.0,0.0,0.0
4252,2026,TY,2026Q3,2026-09,2026-09-30,2026-09-30,2899,Speech & Language Therapy,unpaid,Texas Children's Health Plan,M.R,105.0,105.0,0.0,105.0
4253,2026,TY,2026Q4,2026-10,2026-10-01,2026-10-01,2900,Speech & Language Therapy,no_charge,Patient,M.R,0.0,0.0,0.0,0.0
4254,2026,TY,2026Q4,2026-10,2026-10-01,2026-10-01,2900,Speech & Language Therapy,unpaid,Texas Children's Health Plan,M.R,105.0,105.0,0.0,105.0
4255,2026,TY,2026Q4,2026-10,2026-10-01,2026-10-01,2901,Speech & Language Therapy,no_charge,Patient,M.R,0.0,0.0,0.0,0.0
4256,2026,TY,2026Q4,2026-10,2026-10-01,2026-10-01,2901,Speech & Language Therapy,unpaid,Texas Children's Health Plan,M.R,105.0,105.0,0.0,105.0
4257,2026,TY,2026Q4,2026-10,2026-10-01,2026-10-01,2902,Speech & Language Therapy,no_charge,Patient,M.R,0.0,0.0,0.0,0.0
4258,2026,TY,2026Q4,2026-10,2026-10-01,2026-10-01,2902,Speech & Language Therapy,unpaid,UnitedHealthcare - Commercial,M.R,105.0,105.0,0.0,105.0
4259,2026,TY,2026Q4,2026-10,2026-10-01,2026-10-01,2902,Speech & Language Therapy,unpaid,UnitedHealthcare - Medicaid,M.R,105.0,105.0,0.0,105.0
4260,2026,TY,2026Q4,2026-10,2026-10-01,2026-10-01,2903,Speech & Language Therapy,no_charge,Patient,M.R,0.0,0.0,0.0,0.0
4261,2026,TY,2026Q4,2026-10,2026-10-01,2026-10-01,2903,Speech & Language Therapy,unpaid,Texas Children's Health Plan,M.R,105.0,105.0,0.0,105.0
4262,2026,TY,2026Q4,2026-10,2026-10-01,2026-10-01,2904,Speech & Language Evaluation,no_charge,Patient,A.P,0.0,0.0,0.0,0.0
4263,2026,TY,2026Q4,2026-10,2026-10-01,2026-10-01,2904,Speech & Language Evaluation,unpaid,UnitedHealthcare - Medicaid,A.P,295.0,295.0,0.0,295.0
4264,2026,TY,2026Q4,2026-10,2026-10-01,2026-10-01,2905,Speech & Language Therapy,no_charge,Patient,M.R,0.0,0.0,0.0,0.0
4265,2026,TY,2026Q4,2026-10,2026-10-01,2026-10-01,2905,Speech & Language Therapy,unpaid,Community Health Choice,M.R,105.0,105.0,0.0,105.0
4266,2026,TY,2026Q4,2026-10,2026-10-01,2026-10-01,2906,Speech & Language Therapy,paid,Patient,A.P,90.0,90.0,90.0,0.0
4267,2026,TY,2026Q4,2026-10,2026-10-01,2026-10-01,2907,Speech & Language Therapy,no_charge,Patient,A.P,0.0,0.0,0.0,0.0
4268,2026,TY,2026Q4,2026-10,2026-10-01,2026-10-01,2907,Speech & Language Therapy,unpaid,UnitedHealthcare - Commercial,A.P,105.0,105.0,0.0,105.0
4269,2026,TY,2026Q4,2026-10,2026-10-01,2026-10-01,2908,Speech & Language Therapy,no_charge,Patient,M.R,0.0,0.0,0.0,0.0
4270,2026,TY,2026Q4,2026-10,2026-10-01,2026-10-01,2908,Speech & Language Therapy,unpaid,Texas Children's Health Plan,M.R,105.0,105.0,0.0,105.0
4271,2026,TY,2026Q4,2026-10,2026-10-01,2026-10-01,2909,Speech & Language Therapy,no_charge,Patient,M.R,0.0,0.0,0.0,0.0
4272,2026,TY,2026Q4,2026-10,2026-10-01,2026-10-01,2909,Speech & Language Therapy,unpaid,Texas Children's Health Plan,M.R,105.0,105.0,0.0,105.0
4273,2026,TY,2026Q4,2026-10,2026-10-01,2026-10-01,2910,Speech & Language Therapy,no_charge,Patient,J.G,0.0,0.0,0.0,0.0
4274,2026,TY,2026Q4,2026-10,2026-10-01,2026-10-01,2910,Speech & Language Therapy,unpaid,BlueCross BlueShield of Texas,J.G,105.0,105.0,0.0,105.0
4275,2026,TY,2026Q4,2026-10,2026-10-01,2026-10-01,2911,Speech & Language Therapy,no_charge,Patient,T.V,0.0,0.0,0.0,0.0
4276,2026,TY,2026Q4,2026-10,2026-10-01,2026-10-01,2911,Speech & Language Therapy,unpaid,Texas Children's Health Plan,T.V,105.0,105.0,0.0,105.0
4277,2026,TY,2026Q4,2026-10,2026-10-01,2026-10-01,2912,Speech & Language Therapy - No Show,no_charge,Patient,T.V,0.0,0.0,0.0,0.0
4278,2026,TY,2026Q4,2026-10,2026-10-01,2026-10-01,2913,Speech & Language Therapy - Telehealth,no_charge,Patient,J.G,0.0,0.0,0.0,0.0
4279,2026,TY,2026Q4,2026-10,2026-10-01,2026-10-01,2913,Speech & Language Therapy - Telehealth,unpaid,BlueCross BlueShield of Texas,J.G,105.0,105.0,0.0,105.0
4280,2026,TY,2026Q4,2026-10,2026-10-01,2026-10-01,2914,Speech & Language Therapy,no_charge,Patient,M.R,0.0,0.0,0.0,0.0
4281,2026,TY,2026Q4,2026-10,2026-10-01,2026-10-01,2914,Speech & Language Therapy,unpaid,Texas Children's Health Plan,M.R,105.0,105.0,0.0,105.0
4282,2026,TY,2026Q4,2026-10,2026-10-01,2026-10-01,2915,Speech & Language Therapy,no_charge,Patient,M.R,0.0,0.0,0.0,0.0
4283,2026,TY,2026Q4,2026-10,2026-10-01,2026-10-01,2915,Speech & Language Therapy,unpaid,Texas Children's Health Plan,M.R,105.0,105.0,0.0,105.0
4284,2026,TY,2026Q4,2026-10,2026-10-01,2026-10-01,2916,Speech & Language Therapy,no_charge,Patient,J.G,0.0,0.0,0.0,0.0
4285,2026,TY,2026Q4,2026-10,2026-10-01,2026-10-01,2916,Speech & Language Therapy,unpaid,BlueCross BlueShield of Texas,J.G,105.0,105.0,0.0,105.0
4286,2026,TY,2026Q4,2026-10,2026-10-01,2026-10-01,2917,Speech & Language Therapy,no_charge,Patient,T.V,0.0,0.0,0.0,0.0
4287,2026,TY,2026Q4,2026-10,2026-10-01,2026-10-01,2917,Speech & Language Therapy,unpaid,Texas Children's Health Plan - CHIP,T.V,105.0,105.0,0.0,105.0
4288,2026,TY,2026Q4,2026-10,2026-10-01,2026-10-01,2918,Speech & Language Therapy,no_charge,Patient,J.G,0.0,0.0,0.0,0.0
4289,2026,TY,2026Q4,2026-10,2026-10-01,2026-10-01,2918,Speech & Language Therapy,unpaid,BlueCross BlueShield of Texas,J.G,105.0,105.0,0.0,105.0
4290,2026,TY,2026Q4,2026-10,2026-10-01,2026-10-01,2919,Speech & Language Therapy,no_charge,Patient,T.V,0.0,0.0,0.0,0.0
4291,2026,TY,2026Q4,2026-10,2026-10-01,2026-10-01,2919,Speech & Language Therapy,unpaid,Texas Children's Health Plan,T.V,105.0,105.0,0.0,105.0
4292,2026,TY,2026Q4,2026-10,2026-10-01,2026-10-01,2920,Speech & Language Therapy,no_charge,Patient,J.G,0.0,0.0,0.0,0.0
4293,2026,TY,2026Q4,2026-10,2026-10-01,2026-10-01,2920,Speech & Language Therapy,unpaid,BlueCross BlueShield of Texas,J.G,105.0,105.0,0.0,105.0
4294,2026,TY,2026Q4,2026-10,2026-10-02,2026-10-02,2921,Speech & Language Therapy,no_charge,Patient,M.R,0.0,0.0,0.0,0.0
4295,2026,TY,2026Q4,2026-10,2026-10-02,2026-10-02,2921,Speech & Language Therapy,unpaid,Texas Children's Health Plan,M.R,105.0,105.0,0.0,105.0
4296,2026,TY,2026Q4,2026-10,2026-10-02,2026-10-02,2922,Speech & Language Therapy,no_charge,Patient,M.R,0.0,0.0,0.0,0.0
4297,2026,TY,2026Q4,2026-10,2026-10-02,2026-10-02,2922,Speech & Language Therapy,unpaid,Texas Children's Health Plan,M.R,105.0,105.0,0.0,105.0
4298,2026,TY,2026Q4,2026-10,2026-10-02,2026-10-02,2923,Speech & Language Therapy,no_charge,Patient,M.R,0.0,0.0,0.0,0.0
4299,2026,TY,2026Q4,2026-10,2026-10-02,2026-10-02,2923,Speech & Language Therapy,unpaid,Texas Children's Health Plan,M.R,105.0,105.0,0.0,105.0
4300,2026,TY,2026Q4,2026-10,2026-10-02,2026-10-02,2924,Speech & Language Therapy,no_charge,Patient,M.R,0.0,0.0,0.0,0.0
4301,2026,TY,2026Q4,2026-10,2026-10-02,2026-10-02,2924,Speech & Language Therapy,unpaid,Texas Children's Health Plan,M.R,105.0,105.0,0.0,105.0
4302,2026,TY,2026Q4,2026-10,2026-10-02,2026-10-02,2925,Speech & Language Therapy,no_charge,Patient,M.R,0.0,0.0,0.0,0.0
4303,2026,TY,2026Q4,2026-10,2026-10-02,2026-10-02,2925,Speech & Language Therapy,unpaid,Texas Children's Health Plan,M.R,105.0,105.0,0.0,105.0
4304,2026,TY,2026Q4,2026-10,2026-10-02,2026-10-02,2926,Speech & Language Therapy,no_charge,Patient,M.R,0.0,0.0,0.0,0.0
4305,2026,TY,2026Q4,2026-10,2026-10-02,2026-10-02,2926,Speech & Language Therapy,unpaid,Community Health Choice,M.R,105.0,105.0,0.0,105.0
4306,2026,TY,2026Q4,2026-10,2026-10-02,2026-10-02,2927,Speech & Language Therapy,no_charge,Patient,M.R,0.0,0.0,0.0,0.0
4307,2026,TY,2026Q4,2026-10,2026-10-02,2026-10-02,2927,Speech & Language Therapy,unpaid,UnitedHealthcare - Medicaid,M.R,105.0,105.0,0.0,105.0
4308,2026,TY,2026Q4,2026-10,2026-10-02,2026-10-02,2928,Speech & Language Therapy,no_charge,Patient,M.R,0.0,0.0,0.0,0.0
4309,2026,TY,2026Q4,2026-10,2026-10-02,2026-10-02,2928,Speech & Language Therapy,unpaid,Texas Children's Health Plan,M.R,105.0,105.0,0.0,105.0
4310,2026,TY,2026Q4,2026-10,2026-10-02,2026-10-02,2929,Speech & Language Therapy,no_charge,Patient,M.R,0.0,0.0,0.0,0.0
4311,2026,TY,2026Q4,2026-10,2026-10-02,2026-10-02,2929,Speech & Language Therapy,unpaid,Texas Children's Health Plan,M.R,105.0,105.0,0.0,105.0
4312,2026,TY,2026Q4,2026-10,2026-10-02,2026-10-02,2930,Speech & Language Therapy,no_charge,Patient,M.R,0.0,0.0,0.0,0.0
4313,2026,TY,2026Q4,2026-10,2026-10-02,2026-10-02,2930,Speech & Language Therapy,unpaid,Texas Children's Health Plan,M.R,105.0,105.0,0.0,105.0
4314,2026,TY,2026Q4,2026-10,2026-10-02,2026-10-02,2931,Speech & Language Therapy,no_charge,Patient,M.R,0.0,0.0,0.0,0.0
4315,2026,TY,2026Q4,2026-10,2026-10-02,2026-10-02,2931,Speech & Language Therapy,unpaid,Texas Children's Health Plan,M.R,105.0,105.0,0.0,105.0
4316,2026,TY,2026Q4,2026-10,2026-10-02,2026-10-02,2932,Speech & Language Therapy,no_charge,Patient,M.R,0.0,0.0,0.0,0.0
4317,2026,TY,2026Q4,2026-10,2026-10-02,2026-10-02,2932,Speech & Language Therapy,unpaid,Community Health Choice,M.R,105.0,105.0,0.0,105.0
4318,2026,TY,2026Q4,2026-10,2026-10-03,2026-10-03,2933,Speech & Language Therapy,paid,Patient,K.G,70.0,70.0,70.0,0.0
4319,2026,TY,2026Q4,2026-10,2026-10-03,2026-10-03,2934,Speech & Language Therapy,no_charge,Patient,K.G,0.0,0.0,0.0,0.0
4320,2026,TY,2026Q4,2026-10,2026-10-03,2026-10-03,2934,Speech & Language Therapy,unpaid,Texas Children's Health Plan,K.G,105.0,105.0,0.0,105.0
4321,2026,TY,2026Q4,2026-10,2026-10-03,2026-10-03,2935,Speech & Language Therapy,no_charge,Patient,K.G,0.0,0.0,0.0,0.0
4322,2026,TY,2026Q4,2026-10,2026-10-03,2026-10-03,2935,Speech & Language Therapy,unpaid,Community Health Choice,K.G,105.0,105.0,0.0,105.0
4323,2026,TY,2026Q4,2026-10,2026-10-03,2026-10-03,2936,Speech & Language Therapy,no_charge,Patient,K.G,0.0,0.0,0.0,0.0
4324,2026,TY,2026Q4,2026-10,2026-10-03,2026-10-03,2936,Speech & Language Therapy,unpaid,Texas Children's Health Plan,K.G,105.0,105.0,0.0,105.0
4325,2026,TY,2026Q4,2026-10,2026-10-03,2026-10-03,2937,Speech & Language Therapy - Telehealth,no_charge,Patient,K.G,0.0,0.0,0.0,0.0
4326,2026,TY,2026Q4,2026-10,2026-10-03,2026-10-03,2937,Speech & Language Therapy - Telehealth,unpaid,Texas Children's Health Plan,K.G,105.0,105.0,0.0,105.0
4327,2026,TY,2026Q4,2026-10,2026-10-03,2026-10-03,2938,Speech & Language Therapy,no_charge,Patient,K.G,0.0,0.0,0.0,0.0
4328,2026,TY,2026Q4,2026-10,2026-10-03,2026-10-03,2938,Speech & Language Therapy,unpaid,Texas Children's Health Plan,K.G,105.0,105.0,0.0,105.0
4329,2026,TY,2026Q4,2026-10,2026-10-03,2026-10-03,2939,Speech & Language Therapy,no_charge,Patient,K.G,0.0,0.0,0.0,0.0
4330,2026,TY,2026Q4,2026-10,2026-10-03,2026-10-03,2939,Speech & Language Therapy,unpaid,Texas Children's Health Plan,K.G,105.0,105.0,0.0,105.0
4331,2026,TY,2026Q4,2026-10,2026-10-05,2026-10-05,2940,Speech & Language Therapy,no_charge,Patient,A.P,0.0,0.0,0.0,0.0
4332,2026,TY,2026Q4,2026-10,2026-10-05,2026-10-05,2940,Speech & Language Therapy,unpaid,Texas Children's Health Plan,A.P,105.0,105.0,0.0,105.0
4333,2026,TY,2026Q4,2026-10,2026-10-05,2026-10-05,2941,Speech & Language Therapy,no_charge,Patient,A.P,0.0,0.0,0.0,0.0
4334,2026,TY,2026Q4,2026-10,2026-10-05,2026-10-05,2941,Speech & Language Therapy,unpaid,Community Health Choice,A.P,105.0,105.0,0.0,105.0
4335,2026,TY,2026Q4,2026-10,2026-10-05,2026-10-05,2942,Speech & Language Therapy,no_charge,Patient,A.P,0.0,0.0,0.0,0.0
4336,2026,TY,2026Q4,2026-10,2026-10-05,2026-10-05,2942,Speech & Language Therapy,unpaid,Texas Children's Health Plan - CHIP,A.P,105.0,105.0,0.0,105.0
4337,2026,TY,2026Q4,2026-10,2026-10-05,2026-10-05,2943,Speech & Language Therapy,no_charge,Patient,A.P,0.0,0.0,0.0,0.0
4338,2026,TY,2026Q4,2026-10,2026-10-05,2026-10-05,2943,Speech & Language Therapy,unpaid,Texas Children's Health Plan,A.P,105.0,105.0,0.0,105.0
4339,2026,TY,2026Q4,2026-10,2026-10-05,2026-10-05,2944,Speech & Language Therapy,no_charge,Patient,A.P,0.0,0.0,0.0,0.0
4340,2026,TY,2026Q4,2026-10,2026-10-05,2026-10-05,2944,Speech & Language Therapy,unpaid,BlueCross BlueShield of Texas,A.P,105.0,105.0,0.0,105.0
4341,2026,TY,2026Q4,2026-10,2026-10-05,2026-10-05,2945,Speech & Language Evaluation,no_charge,Patient,J.G,0.0,0.0,0.0,0.0
4342,2026,TY,2026Q4,2026-10,2026-10-05,2026-10-05,2945,Speech & Language Evaluation,unpaid,BlueCross BlueShield of Texas,J.G,295.0,295.0,0.0,295.0
4343,2026,TY,2026Q4,2026-10,2026-10-05,2026-10-05,2946,Speech & Language Therapy,no_charge,Patient,T.V,0.0,0.0,0.0,0.0
4344,2026,TY,2026Q4,2026-10,2026-10-05,2026-10-05,2946,Speech & Language Therapy,unpaid,Texas Children's Health Plan - CHIP,T.V,105.0,105.0,0.0,105.0
4345,2026,TY,2026Q4,2026-10,2026-10-05,2026-10-05,2947,Speech & Language Therapy,no_charge,Patient,T.V,0.0,0.0,0.0,0.0
4346,2026,TY,2026Q4,2026-10,2026-10-05,2026-10-05,2947,Speech & Language Therapy,unpaid,Texas Children's Health Plan - CHIP,T.V,105.0,105.0,0.0,105.0
4347,2026,TY,2026Q4,2026-10,2026-10-05,2026-10-05,2948,Speech & Language Therapy,no_charge,Patient,T.V,0.0,0.0,0.0,0.0
4348,2026,TY,2026Q4,2026-10,2026-10-05,2026-10-05,2948,Speech & Language Therapy,unpaid,Texas Children's Health Plan,T.V,105.0,105.0,0.0,105.0
4349,2026,TY,2026Q4,2026-10,2026-10-05,2026-10-05,2949,Speech & Language Therapy,no_charge,Patient,T.V,0.0,0.0,0.0,0.0
4350,2026,TY,2026Q4,2026-10,2026-10-05,2026-10-05,2949,Speech & Language Therapy,unpaid,Texas Children's Health Plan,T.V,105.0,105.0,0.0,105.0
